filename,Q_condition,item,inter_reading,GP_condition,participant
1.10EQN,True,10,2550,False,1
1.11EDY,False,11,2300,True,1
1.12EDN,False,12,2800,False,1
1.13EDY,False,13,3300,True,1
1.14EQY,True,14,1800,True,1
1.15EDN,False,15,2300,False,1
1.16EQY,True,16,550,True,1
1.17FDY,False,17,3350,True,1
1.18FDY,False,18,2000,True,1
1.19FDY,False,19,4950,True,1
1.1EDN,False,1,1600,False,1
1.20FDY,False,20,2700,True,1
1.21FDY,False,21,1850,True,1
1.22FDY,False,22,2250,True,1
1.23FDY,False,23,1250,True,1
1.24FDY,False,24,3700,True,1
1.25FQY,True,25,6700,True,1
1.26FDY,False,26,2000,True,1
1.27FDY,False,27,4850,True,1
1.28FDY,False,28,1100,True,1
1.29FDY,False,29,4450,True,1
1.2EQN,True,2,2950,False,1
1.30FQY,True,30,2250,True,1
1.31FQY,True,31,2150,True,1
1.32FQY,True,32,4800,True,1
1.33FQN,True,33,2700,False,1
1.34FDN,False,34,1650,False,1
1.35FQN,True,35,4850,False,1
1.36FDN,False,36,450,False,1
1.37FQN,True,37,1000,False,1
1.38FQN,True,38,4850,False,1
1.39FQN,True,39,2550,False,1
1.3EQN,True,3,5800,False,1
1.40FQN,True,40,5600,False,1
1.41FQN,True,41,3500,False,1
1.42FQN,True,42,3650,False,1
1.43FQN,True,43,2800,False,1
1.44FDN,False,44,4750,False,1
1.45FDN,False,45,2000,False,1
1.46FQN,True,46,2350,False,1
1.47FQN,True,47,2350,False,1
1.48FQN,True,48,1600,False,1
1.4EQY,True,4,2700,True,1
1.5EQN,True,5,1800,False,1
1.6EQY,True,6,1850,True,1
1.7EDY,False,7,1400,True,1
1.8EDY,False,8,4400,True,1
1.9EDN,False,9,1750,False,1
10.10EDY,False,10,3400,True,10
10.11EQN,True,11,5250,False,10
10.12EQY,True,12,2800,True,10
10.13EQN,True,13,2450,False,10
10.14EDN,False,14,2900,False,10
10.15EQY,True,15,3600,True,10
10.16EDN,False,16,849,False,10
10.17FQY,True,17,3700,True,10
10.18FQY,True,18,2400,True,10
10.19FQY,True,19,4900,True,10
10.1EQY,True,1,4950,True,10
10.20FQY,True,20,3400,True,10
10.21FQY,True,21,4750,True,10
10.22FQY,True,22,3500,True,10
10.23FQY,True,23,3950,True,10
10.24FQY,True,24,4650,True,10
10.25FDY,False,25,2450,True,10
10.26FQY,True,26,1499,True,10
10.27FQY,True,27,3200,True,10
10.28FQY,True,28,1750,True,10
10.29FQY,True,29,3200,True,10
10.2EDY,False,2,3300,True,10
10.30FDY,False,30,4800,True,10
10.31FDY,False,31,2350,True,10
10.32FDY,False,32,3600,True,10
10.33FDN,False,33,4600,False,10
10.34FQN,True,34,5250,False,10
10.35FDN,False,35,4800,False,10
10.36FQN,True,36,5400,False,10
10.37FDN,False,37,1749,False,10
10.38FDN,False,38,5300,False,10
10.39FDN,False,39,3800,False,10
10.3EDY,False,3,4300,True,10
10.40FDN,False,40,3400,False,10
10.41FDN,False,41,5050,False,10
10.42FDN,False,42,3500,False,10
10.43FDN,False,43,4100,False,10
10.44FQN,True,44,3850,False,10
10.45FQN,True,45,4600,False,10
10.46FDN,False,46,5350,False,10
10.47FDN,False,47,3350,False,10
10.48FDN,False,48,4650,False,10
10.4EDN,False,4,-1,False,10
10.5EDY,False,5,1399,True,10
10.6EDN,False,6,3400,False,10
10.7EQN,True,7,3700,False,10
10.8EQN,True,8,4000,False,10
10.9EQY,True,9,5550,True,10
108.10EDN,False,10,-2,False,108
108.11EQY,True,11,-2,True,108
108.12EQN,True,12,-2,False,108
108.13EQY,True,13,-1,True,108
108.14EDY,False,14,-2,True,108
108.15EQN,True,15,2399,False,108
108.16EDY,False,16,-1,True,108
108.17FQY,True,17,-2,True,108
108.18FQY,True,18,0,True,108
108.19FQY,True,19,1400,True,108
108.1EQN,True,1,-2,False,108
108.20FQY,True,20,-2,True,108
108.21FQY,True,21,-2,True,108
108.22FQY,True,22,-2,True,108
108.23FQY,True,23,-2,True,108
108.24FQY,True,24,19200,True,108
108.25FDY,False,25,1350,True,108
108.26FQY,True,26,-2,True,108
108.27FQY,True,27,-2,True,108
108.28FQY,True,28,4499,True,108
108.29FQY,True,29,-2,True,108
108.2EDN,False,2,-2,False,108
108.30FDY,False,30,-2,True,108
108.31FDY,False,31,-2,True,108
108.32FDY,False,32,-2,True,108
108.33FDN,False,33,3149,False,108
108.34FQN,True,34,-2,False,108
108.35FDN,False,35,-2,False,108
108.36FQN,True,36,0,False,108
108.37FDN,False,37,-2,False,108
108.38FDN,False,38,-2,False,108
108.39FDN,False,39,-2,False,108
108.3EDN,False,3,-2,False,108
108.40FDN,False,40,-2,False,108
108.41FDN,False,41,-2,False,108
108.42FDN,False,42,-2,False,108
108.43FDN,False,43,0,False,108
108.44FQN,True,44,-2,False,108
108.45FQN,True,45,2900,False,108
108.46FDN,False,46,2499,False,108
108.47FDN,False,47,400,False,108
108.48FDN,False,48,-2,False,108
108.4EDY,False,4,-1,True,108
108.5EDN,False,5,500,False,108
108.6EDY,False,6,1450,True,108
108.7EQY,True,7,-2,True,108
108.8EQY,True,8,-2,True,108
108.9EQN,True,9,-2,False,108
11.10EQY,True,10,0,True,11
11.11EDN,False,11,1550,False,11
11.15EDY,False,15,1049,True,11
11.16EQN,True,16,5200,False,11
11.17FDY,False,17,849,True,11
11.18FDY,False,18,3450,True,11
11.19FDY,False,19,3800,True,11
11.1EDY,False,1,12650,True,11
11.21FDY,False,21,2699,True,11
11.23FDY,False,23,3350,True,11
11.24FDY,False,24,2149,True,11
11.25FQY,True,25,14250,True,11
11.27FDY,False,27,1700,True,11
11.28FDY,False,28,2249,True,11
11.29FDY,False,29,8050,True,11
11.30FQY,True,30,8700,True,11
11.31FQY,True,31,7550,True,11
11.32FQY,True,32,9850,True,11
11.34FDN,False,34,7600,False,11
11.35FQN,True,35,1299,False,11
11.36FDN,False,36,4500,False,11
11.37FQN,True,37,2900,False,11
11.39FQN,True,39,4900,False,11
11.3EQY,True,3,7250,True,11
11.41FQN,True,41,1600,False,11
11.42FQN,True,42,4850,False,11
11.43FQN,True,43,8199,False,11
11.44FDN,False,44,-1,False,11
11.45FDN,False,45,2949,False,11
11.47FQN,True,47,5350,False,11
11.48FQN,True,48,1849,False,11
11.4EQN,True,4,1349,False,11
11.5EQY,True,5,7400,True,11
11.6EQN,True,6,7000,False,11
11.7EDN,False,7,2349,False,11
11.8EDN,False,8,2950,False,11
12.10EDN,False,10,-1,False,12
12.11EQY,True,11,599,True,12
12.12EQN,True,12,1649,False,12
12.13EQY,True,13,2700,True,12
12.14EDY,False,14,2450,True,12
12.15EQN,True,15,-1,False,12
12.16EDY,False,16,1850,True,12
12.17FQY,True,17,1199,True,12
12.18FQY,True,18,-1,True,12
12.19FQY,True,19,4699,True,12
12.1EQN,True,1,1199,False,12
12.20FQY,True,20,4200,True,12
12.21FQY,True,21,3700,True,12
12.22FQY,True,22,12100,True,12
12.23FQY,True,23,1550,True,12
12.24FQY,True,24,-1,True,12
12.25FDY,False,25,-1,True,12
12.26FQY,True,26,549,True,12
12.27FQY,True,27,1100,True,12
12.28FQY,True,28,1249,True,12
12.29FQY,True,29,2300,True,12
12.2EDN,False,2,6650,False,12
12.30FDY,False,30,1200,True,12
12.31FDY,False,31,1249,True,12
12.32FDY,False,32,1250,True,12
12.33FDN,False,33,1649,False,12
12.34FQN,True,34,7700,False,12
12.35FDN,False,35,549,False,12
12.36FQN,True,36,1099,False,12
12.37FDN,False,37,-1,False,12
12.38FDN,False,38,2250,False,12
12.39FDN,False,39,3050,False,12
12.3EDN,False,3,750,False,12
12.40FDN,False,40,7700,False,12
12.41FDN,False,41,849,False,12
12.42FDN,False,42,2450,False,12
12.43FDN,False,43,1150,False,12
12.44FQN,True,44,2600,False,12
12.45FQN,True,45,1600,False,12
12.46FDN,False,46,900,False,12
12.47FDN,False,47,2050,False,12
12.48FDN,False,48,3400,False,12
12.4EDY,False,4,799,True,12
12.5EDN,False,5,1950,False,12
12.6EDY,False,6,1199,True,12
12.7EQY,True,7,4000,True,12
12.8EQY,True,8,10449,True,12
12.9EQN,True,9,7050,False,12
13.10EQN,True,10,8500,False,13
13.11EDY,False,11,4150,True,13
13.12EDN,False,12,1099,False,13
13.13EDY,False,13,4000,True,13
13.14EQY,True,14,2500,True,13
13.15EDN,False,15,1299,False,13
13.16EQY,True,16,10350,True,13
13.17FDY,False,17,1399,True,13
13.18FDY,False,18,6250,True,13
13.19FDY,False,19,2400,True,13
13.1EDN,False,1,13549,False,13
13.20FDY,False,20,1399,True,13
13.21FDY,False,21,1799,True,13
13.22FDY,False,22,11699,True,13
13.23FDY,False,23,-1,True,13
13.24FDY,False,24,300,True,13
13.25FQY,True,25,1850,True,13
13.26FDY,False,26,3650,True,13
13.27FDY,False,27,1399,True,13
13.28FDY,False,28,2750,True,13
13.29FDY,False,29,2100,True,13
13.2EQN,True,2,800,False,13
13.30FQY,True,30,0,True,13
13.31FQY,True,31,3200,True,13
13.32FQY,True,32,3300,True,13
13.33FQN,True,33,-1,False,13
13.34FDN,False,34,3399,False,13
13.35FQN,True,35,-1,False,13
13.36FDN,False,36,950,False,13
13.37FQN,True,37,6199,False,13
13.38FQN,True,38,1399,False,13
13.39FQN,True,39,1800,False,13
13.3EQN,True,3,1399,False,13
13.40FQN,True,40,1349,False,13
13.41FQN,True,41,2500,False,13
13.42FQN,True,42,7949,False,13
13.43FQN,True,43,2149,False,13
13.44FDN,False,44,1799,False,13
13.45FDN,False,45,5100,False,13
13.46FQN,True,46,16400,False,13
13.47FQN,True,47,3199,False,13
13.48FQN,True,48,799,False,13
13.4EQY,True,4,3650,True,13
13.5EQN,True,5,-1,False,13
13.6EQY,True,6,-1,True,13
13.7EDY,False,7,14950,True,13
13.8EDY,False,8,449,True,13
13.9EDN,False,9,1349,False,13
14.10EDY,False,10,1050,True,14
14.11EQN,True,11,1399,False,14
14.12EQY,True,12,2150,True,14
14.13EQN,True,13,6199,False,14
14.14EDN,False,14,-1,False,14
14.15EQY,True,15,9600,True,14
14.16EDN,False,16,4100,False,14
14.17FQY,True,17,-1,True,14
14.18FQY,True,18,-1,True,14
14.19FQY,True,19,1799,True,14
14.1EQY,True,1,2700,True,14
14.20FQY,True,20,8500,True,14
14.21FQY,True,21,2200,True,14
14.22FQY,True,22,7150,True,14
14.23FQY,True,23,12649,True,14
14.24FQY,True,24,4450,True,14
14.25FDY,False,25,1049,True,14
14.26FQY,True,26,2300,True,14
14.27FQY,True,27,4900,True,14
14.28FQY,True,28,4050,True,14
14.29FQY,True,29,2200,True,14
14.2EDY,False,2,-1,True,14
14.30FDY,False,30,1049,True,14
14.31FDY,False,31,2250,True,14
14.32FDY,False,32,2900,True,14
14.33FDN,False,33,699,False,14
14.34FQN,True,34,2700,False,14
14.35FDN,False,35,1850,False,14
14.36FQN,True,36,4500,False,14
14.37FDN,False,37,2800,False,14
14.38FDN,False,38,1150,False,14
14.39FDN,False,39,3599,False,14
14.3EDY,False,3,1700,True,14
14.40FDN,False,40,1000,False,14
14.41FDN,False,41,1300,False,14
14.42FDN,False,42,2750,False,14
14.43FDN,False,43,1200,False,14
14.44FQN,True,44,1299,False,14
14.45FQN,True,45,1850,False,14
14.46FDN,False,46,2200,False,14
14.47FDN,False,47,6999,False,14
14.48FDN,False,48,1349,False,14
14.4EDN,False,4,16050,False,14
14.5EDY,False,5,1599,True,14
14.6EDN,False,6,1099,False,14
14.7EQN,True,7,-1,False,14
14.8EQN,True,8,3700,False,14
14.9EQY,True,9,3149,True,14
15.10EQY,True,10,1350,True,15
15.11EDN,False,11,2250,False,15
15.12EDY,False,12,1450,True,15
15.13EDN,False,13,11400,False,15
15.14EQN,True,14,1050,False,15
15.15EDY,False,15,1750,True,15
15.16EQN,True,16,1199,False,15
15.17FDY,False,17,1050,True,15
15.18FDY,False,18,800,True,15
15.19FDY,False,19,1750,True,15
15.1EDY,False,1,1800,True,15
15.20FDY,False,20,1850,True,15
15.21FDY,False,21,3500,True,15
15.22FDY,False,22,800,True,15
15.23FDY,False,23,600,True,15
15.24FDY,False,24,1950,True,15
15.25FQY,True,25,600,True,15
15.26FDY,False,26,1250,True,15
15.27FDY,False,27,1350,True,15
15.28FDY,False,28,1250,True,15
15.29FDY,False,29,750,True,15
15.2EQY,True,2,1400,True,15
15.30FQY,True,30,1250,True,15
15.31FQY,True,31,1950,True,15
15.32FQY,True,32,650,True,15
15.33FQN,True,33,1250,False,15
15.34FDN,False,34,1450,False,15
15.35FQN,True,35,800,False,15
15.36FDN,False,36,1850,False,15
15.37FQN,True,37,1550,False,15
15.38FQN,True,38,1150,False,15
15.39FQN,True,39,1399,False,15
15.3EQY,True,3,1350,True,15
15.40FQN,True,40,1400,False,15
15.41FQN,True,41,1200,False,15
15.42FQN,True,42,600,False,15
15.43FQN,True,43,1250,False,15
15.44FDN,False,44,1000,False,15
15.45FDN,False,45,1150,False,15
15.46FQN,True,46,1350,False,15
15.47FQN,True,47,1550,False,15
15.48FQN,True,48,899,False,15
15.4EQN,True,4,1400,False,15
15.5EQY,True,5,1800,True,15
15.6EQN,True,6,1750,False,15
15.7EDN,False,7,1600,False,15
15.8EDN,False,8,1400,False,15
15.9EDY,False,9,1750,True,15
16.10EDN,False,10,4150,False,16
16.11EQY,True,11,1900,True,16
16.12EQN,True,12,2150,False,16
16.13EQY,True,13,2850,True,16
16.14EDY,False,14,1200,True,16
16.15EQN,True,15,3300,False,16
16.16EDY,False,16,1650,True,16
16.17FQY,True,17,1249,True,16
16.18FQY,True,18,1149,True,16
16.19FQY,True,19,1299,True,16
16.1EQN,True,1,2500,False,16
16.20FQY,True,20,2750,True,16
16.21FQY,True,21,2700,True,16
16.22FQY,True,22,3300,True,16
16.23FQY,True,23,1199,True,16
16.24FQY,True,24,15200,True,16
16.25FDY,False,25,7549,True,16
16.26FQY,True,26,1199,True,16
16.27FQY,True,27,3250,True,16
16.28FQY,True,28,2600,True,16
16.29FQY,True,29,-2,True,16
16.2EDN,False,2,4100,False,16
16.30FDY,False,30,1900,True,16
16.31FDY,False,31,1500,True,16
16.32FDY,False,32,1400,True,16
16.33FDN,False,33,4100,False,16
16.34FQN,True,34,3400,False,16
16.35FDN,False,35,1799,False,16
16.36FQN,True,36,1950,False,16
16.37FDN,False,37,3400,False,16
16.38FDN,False,38,-1,False,16
16.39FDN,False,39,1350,False,16
16.3EDN,False,3,2100,False,16
16.40FDN,False,40,2400,False,16
16.41FDN,False,41,3050,False,16
16.42FDN,False,42,2700,False,16
16.43FDN,False,43,3400,False,16
16.44FQN,True,44,3550,False,16
16.45FQN,True,45,2550,False,16
16.46FDN,False,46,1800,False,16
16.47FDN,False,47,4350,False,16
16.48FDN,False,48,4800,False,16
16.4EDY,False,4,-1,True,16
16.5EDN,False,5,3250,False,16
16.6EDY,False,6,2800,True,16
16.7EQY,True,7,12650,True,16
16.8EQY,True,8,2249,True,16
16.9EQN,True,9,2850,False,16
17.10EQN,True,10,6850,False,17
17.11EDY,False,11,1500,True,17
17.12EDN,False,12,900,False,17
17.13EDY,False,13,1750,True,17
17.14EQY,True,14,0,True,17
17.15EDN,False,15,2599,False,17
17.16EQY,True,16,3300,True,17
17.17FDY,False,17,2999,True,17
17.18FDY,False,18,499,True,17
17.19FDY,False,19,1350,True,17
17.1EDN,False,1,2900,False,17
17.20FDY,False,20,4900,True,17
17.21FDY,False,21,3000,True,17
17.22FDY,False,22,899,True,17
17.23FDY,False,23,3550,True,17
17.24FDY,False,24,3500,True,17
17.25FQY,True,25,3850,True,17
17.26FDY,False,26,400,True,17
17.27FDY,False,27,1700,True,17
17.28FDY,False,28,-1,True,17
17.29FDY,False,29,799,True,17
17.2EQN,True,2,1450,False,17
17.30FQY,True,30,2550,True,17
17.31FQY,True,31,2700,True,17
17.32FQY,True,32,1900,True,17
17.33FQN,True,33,2900,False,17
17.34FDN,False,34,799,False,17
17.35FQN,True,35,750,False,17
17.36FDN,False,36,1049,False,17
17.37FQN,True,37,2299,False,17
17.38FQN,True,38,2600,False,17
17.39FQN,True,39,8950,False,17
17.3EQN,True,3,1099,False,17
17.40FQN,True,40,3000,False,17
17.41FQN,True,41,999,False,17
17.42FQN,True,42,400,False,17
17.43FQN,True,43,1900,False,17
17.44FDN,False,44,1000,False,17
17.45FDN,False,45,5600,False,17
17.46FQN,True,46,1700,False,17
17.47FQN,True,47,1950,False,17
17.48FQN,True,48,3750,False,17
17.4EQY,True,4,2599,True,17
17.5EQN,True,5,0,False,17
17.6EQY,True,6,0,True,17
17.7EDY,False,7,3500,True,17
17.8EDY,False,8,4250,True,17
17.9EDN,False,9,949,False,17
19.10EQY,True,10,5600,True,19
19.11EDN,False,11,4800,False,19
19.12EDY,False,12,3250,True,19
19.13EDN,False,13,-2,False,19
19.14EQN,True,14,1399,False,19
19.15EDY,False,15,1250,True,19
19.16EQN,True,16,15900,False,19
19.17FDY,False,17,1199,True,19
19.18FDY,False,18,1700,True,19
19.19FDY,False,19,11299,True,19
19.1EDY,False,1,9499,True,19
19.20FDY,False,20,6200,True,19
19.21FDY,False,21,3350,True,19
19.22FDY,False,22,2900,True,19
19.23FDY,False,23,1500,True,19
19.24FDY,False,24,700,True,19
19.25FQY,True,25,999,True,19
19.26FDY,False,26,10600,True,19
19.27FDY,False,27,5350,True,19
19.28FDY,False,28,3150,True,19
19.29FDY,False,29,2450,True,19
19.2EQY,True,2,2050,True,19
19.30FQY,True,30,1099,True,19
19.31FQY,True,31,19400,True,19
19.32FQY,True,32,3399,True,19
19.33FQN,True,33,5800,False,19
19.34FDN,False,34,2200,False,19
19.35FQN,True,35,-1,False,19
19.36FDN,False,36,1700,False,19
19.37FQN,True,37,3500,False,19
19.38FQN,True,38,8500,False,19
19.39FQN,True,39,6050,False,19
19.3EQY,True,3,1750,True,19
19.40FQN,True,40,3450,False,19
19.41FQN,True,41,1749,False,19
19.42FQN,True,42,950,False,19
19.43FQN,True,43,15100,False,19
19.44FDN,False,44,3950,False,19
19.45FDN,False,45,949,False,19
19.46FQN,True,46,1600,False,19
19.47FQN,True,47,3000,False,19
19.48FQN,True,48,4250,False,19
19.4EQN,True,4,17600,False,19
19.5EQY,True,5,22799,True,19
19.6EQN,True,6,1800,False,19
19.7EDN,False,7,3600,False,19
19.8EDN,False,8,2950,False,19
19.9EDY,False,9,2799,True,19
2.10EDY,False,10,1550,True,2
2.11EQN,True,11,-1,False,2
2.12EQY,True,12,1900,True,2
2.13EQN,True,13,450,False,2
2.14EDN,False,14,1350,False,2
2.15EQY,True,15,700,True,2
2.16EDN,False,16,699,False,2
2.17FQY,True,17,1800,True,2
2.18FQY,True,18,1700,True,2
2.19FQY,True,19,1800,True,2
2.1EQY,True,1,1450,True,2
2.20FQY,True,20,2450,True,2
2.21FQY,True,21,2200,True,2
2.22FQY,True,22,1500,True,2
2.23FQY,True,23,1900,True,2
2.24FQY,True,24,1300,True,2
2.25FDY,False,25,350,True,2
2.26FQY,True,26,5350,True,2
2.27FQY,True,27,2650,True,2
2.28FQY,True,28,1350,True,2
2.29FQY,True,29,550,True,2
2.2EDY,False,2,0,True,2
2.30FDY,False,30,1400,True,2
2.31FDY,False,31,2550,True,2
2.32FDY,False,32,1650,True,2
2.33FDN,False,33,1050,False,2
2.34FQN,True,34,1550,False,2
2.35FDN,False,35,600,False,2
2.36FQN,True,36,1800,False,2
2.37FDN,False,37,1000,False,2
2.38FDN,False,38,1200,False,2
2.39FDN,False,39,1050,False,2
2.3EDY,False,3,1700,True,2
2.40FDN,False,40,750,False,2
2.41FDN,False,41,3550,False,2
2.42FDN,False,42,1000,False,2
2.43FDN,False,43,1750,False,2
2.44FQN,True,44,3400,False,2
2.45FQN,True,45,400,False,2
2.46FDN,False,46,2350,False,2
2.47FDN,False,47,1250,False,2
2.48FDN,False,48,550,False,2
2.4EDN,False,4,3450,False,2
2.5EDY,False,5,1600,True,2
2.6EDN,False,6,2650,False,2
2.7EQN,True,7,-1,False,2
2.8EQN,True,8,600,False,2
2.9EQY,True,9,2500,True,2
20.10EDN,False,10,7050,False,20
20.11EQY,True,11,-1,True,20
20.12EQN,True,12,14649,False,20
20.13EQY,True,13,2900,True,20
20.14EDY,False,14,3900,True,20
20.15EQN,True,15,2750,False,20
20.16EDY,False,16,2000,True,20
20.17FQY,True,17,3850,True,20
20.18FQY,True,18,699,True,20
20.19FQY,True,19,2650,True,20
20.1EQN,True,1,3750,False,20
20.20FQY,True,20,2699,True,20
20.21FQY,True,21,599,True,20
20.22FQY,True,22,599,True,20
20.23FQY,True,23,11449,True,20
20.24FQY,True,24,1499,True,20
20.25FDY,False,25,5999,True,20
20.26FQY,True,26,-2,True,20
20.27FQY,True,27,2450,True,20
20.28FQY,True,28,-2,True,20
20.29FQY,True,29,4750,True,20
20.2EDN,False,2,11899,False,20
20.30FDY,False,30,11950,True,20
20.31FDY,False,31,3699,True,20
20.32FDY,False,32,1949,True,20
20.33FDN,False,33,1149,False,20
20.34FQN,True,34,3650,False,20
20.35FDN,False,35,1600,False,20
20.36FQN,True,36,2099,False,20
20.37FDN,False,37,2049,False,20
20.38FDN,False,38,1449,False,20
20.39FDN,False,39,5650,False,20
20.3EDN,False,3,1249,False,20
20.40FDN,False,40,12149,False,20
20.41FDN,False,41,9950,False,20
20.42FDN,False,42,850,False,20
20.43FDN,False,43,2199,False,20
20.44FQN,True,44,2199,False,20
20.45FQN,True,45,4050,False,20
20.46FDN,False,46,2849,False,20
20.47FDN,False,47,12049,False,20
20.48FDN,False,48,1649,False,20
20.4EDY,False,4,3750,True,20
20.5EDN,False,5,10550,False,20
20.6EDY,False,6,3300,True,20
20.7EQY,True,7,1549,True,20
20.8EQY,True,8,9550,True,20
20.9EQN,True,9,949,False,20
201.10EQN,True,10,1099,False,201
201.11EDY,False,11,949,True,201
201.12EDN,False,12,799,False,201
201.13EDY,False,13,1450,True,201
201.14EQY,True,14,1650,True,201
201.15EDN,False,15,500,False,201
201.16EQY,True,16,1550,True,201
201.17FDY,False,17,1300,True,201
201.18FDY,False,18,1350,True,201
201.19FDY,False,19,850,True,201
201.1EDN,False,1,2100,False,201
201.20FDY,False,20,6850,True,201
201.21FDY,False,21,1700,True,201
201.22FDY,False,22,1050,True,201
201.23FDY,False,23,1150,True,201
201.24FDY,False,24,1100,True,201
201.25FQY,True,25,1200,True,201
201.26FDY,False,26,1200,True,201
201.27FDY,False,27,1700,True,201
201.28FDY,False,28,1000,True,201
201.29FDY,False,29,1200,True,201
201.2EQN,True,2,1050,False,201
201.30FQY,True,30,1350,True,201
201.31FQY,True,31,1600,True,201
201.32FQY,True,32,1550,True,201
201.33FQN,True,33,1150,False,201
201.34FDN,False,34,1850,False,201
201.35FQN,True,35,1200,False,201
201.36FDN,False,36,700,False,201
201.37FQN,True,37,1450,False,201
201.38FQN,True,38,1350,False,201
201.39FQN,True,39,1500,False,201
201.3EQN,True,3,1700,False,201
201.40FQN,True,40,4400,False,201
201.41FQN,True,41,1150,False,201
201.42FQN,True,42,3300,False,201
201.43FQN,True,43,1400,False,201
201.44FDN,False,44,700,False,201
201.45FDN,False,45,1250,False,201
201.46FQN,True,46,1150,False,201
201.47FQN,True,47,1400,False,201
201.48FQN,True,48,699,False,201
201.4EQY,True,4,1100,True,201
201.5EQN,True,5,1200,False,201
201.6EQY,True,6,1350,True,201
201.7EDY,False,7,1750,True,201
201.8EDY,False,8,1700,True,201
201.9EDN,False,9,750,False,201
203.10EQY,True,10,1200,True,203
203.11EDN,False,11,1949,False,203
203.12EDY,False,12,950,True,203
203.13EDN,False,13,800,False,203
203.14EQN,True,14,449,False,203
203.15EDY,False,15,450,True,203
203.16EQN,True,16,-1,False,203
203.17FDY,False,17,400,True,203
203.18FDY,False,18,0,True,203
203.19FDY,False,19,0,True,203
203.1EDY,False,1,0,True,203
203.20FDY,False,20,950,True,203
203.21FDY,False,21,1350,True,203
203.22FDY,False,22,0,True,203
203.23FDY,False,23,-1,True,203
203.24FDY,False,24,350,True,203
203.25FQY,True,25,1249,True,203
203.26FDY,False,26,2350,True,203
203.27FDY,False,27,-1,True,203
203.28FDY,False,28,0,True,203
203.29FDY,False,29,1450,True,203
203.2EQY,True,2,0,True,203
203.30FQY,True,30,550,True,203
203.31FQY,True,31,0,True,203
203.32FQY,True,32,2999,True,203
203.33FQN,True,33,0,False,203
203.34FDN,False,34,1250,False,203
203.35FQN,True,35,-1,False,203
203.36FDN,False,36,-1,False,203
203.37FQN,True,37,0,False,203
203.38FQN,True,38,1149,False,203
203.39FQN,True,39,0,False,203
203.3EQY,True,3,700,True,203
203.40FQN,True,40,700,False,203
203.41FQN,True,41,900,False,203
203.42FQN,True,42,600,False,203
203.43FQN,True,43,-1,False,203
203.44FDN,False,44,2299,False,203
203.45FDN,False,45,0,False,203
203.46FQN,True,46,850,False,203
203.47FQN,True,47,0,False,203
203.48FQN,True,48,550,False,203
203.4EQN,True,4,-1,False,203
203.5EQY,True,5,550,True,203
203.6EQN,True,6,950,False,203
203.7EDN,False,7,-1,False,203
203.8EDN,False,8,399,False,203
203.9EDY,False,9,400,True,203
204.10EDN,False,10,2400,False,204
204.11EQY,True,11,1949,True,204
204.12EQN,True,12,1800,False,204
204.13EQY,True,13,3900,True,204
204.14EDY,False,14,4000,True,204
204.15EQN,True,15,3450,False,204
204.16EDY,False,16,1500,True,204
204.17FQY,True,17,1850,True,204
204.18FQY,True,18,3450,True,204
204.19FQY,True,19,3250,True,204
204.1EQN,True,1,2850,False,204
204.20FQY,True,20,6800,True,204
204.21FQY,True,21,4850,True,204
204.22FQY,True,22,2300,True,204
204.23FQY,True,23,1200,True,204
204.24FQY,True,24,4500,True,204
204.25FDY,False,25,1850,True,204
204.26FQY,True,26,2750,True,204
204.27FQY,True,27,1450,True,204
204.28FQY,True,28,3050,True,204
204.29FQY,True,29,3700,True,204
204.2EDN,False,2,1900,False,204
204.30FDY,False,30,3100,True,204
204.31FDY,False,31,3300,True,204
204.32FDY,False,32,1200,True,204
204.33FDN,False,33,1650,False,204
204.34FQN,True,34,2150,False,204
204.35FDN,False,35,5250,False,204
204.36FQN,True,36,3150,False,204
204.37FDN,False,37,2950,False,204
204.38FDN,False,38,5000,False,204
204.39FDN,False,39,2700,False,204
204.3EDN,False,3,1100,False,204
204.40FDN,False,40,3100,False,204
204.41FDN,False,41,2450,False,204
204.42FDN,False,42,2300,False,204
204.43FDN,False,43,3850,False,204
204.44FQN,True,44,2700,False,204
204.45FQN,True,45,3350,False,204
204.46FDN,False,46,3700,False,204
204.47FDN,False,47,2200,False,204
204.48FDN,False,48,3350,False,204
204.4EDY,False,4,1850,True,204
204.5EDN,False,5,3950,False,204
204.6EDY,False,6,1750,True,204
204.7EQY,True,7,2450,True,204
204.8EQY,True,8,2850,True,204
204.9EQN,True,9,2450,False,204
205.10EQN,True,10,2650,False,205
205.11EDY,False,11,1700,True,205
205.12EDN,False,12,2800,False,205
205.13EDY,False,13,3500,True,205
205.14EQY,True,14,3450,True,205
205.15EDN,False,15,2550,False,205
205.16EQY,True,16,3200,True,205
205.17FDY,False,17,2550,True,205
205.18FDY,False,18,1950,True,205
205.19FDY,False,19,2050,True,205
205.1EDN,False,1,2700,False,205
205.20FDY,False,20,2900,True,205
205.21FDY,False,21,2200,True,205
205.22FDY,False,22,1700,True,205
205.23FDY,False,23,2100,True,205
205.24FDY,False,24,2350,True,205
205.25FQY,True,25,2650,True,205
205.26FDY,False,26,3600,True,205
205.27FDY,False,27,2300,True,205
205.28FDY,False,28,2150,True,205
205.29FDY,False,29,2850,True,205
205.2EQN,True,2,2500,False,205
205.30FQY,True,30,2950,True,205
205.31FQY,True,31,2900,True,205
205.32FQY,True,32,3400,True,205
205.33FQN,True,33,2750,False,205
205.34FDN,False,34,3850,False,205
205.35FQN,True,35,3800,False,205
205.36FDN,False,36,1850,False,205
205.37FQN,True,37,3350,False,205
205.38FQN,True,38,3400,False,205
205.39FQN,True,39,2900,False,205
205.3EQN,True,3,3300,False,205
205.40FQN,True,40,2850,False,205
205.41FQN,True,41,3450,False,205
205.42FQN,True,42,2450,False,205
205.43FQN,True,43,4450,False,205
205.44FDN,False,44,2850,False,205
205.45FDN,False,45,3050,False,205
205.46FQN,True,46,2400,False,205
205.47FQN,True,47,2900,False,205
205.48FQN,True,48,2250,False,205
205.4EQY,True,4,2650,True,205
205.5EQN,True,5,2850,False,205
205.6EQY,True,6,2450,True,205
205.7EDY,False,7,2850,True,205
205.8EDY,False,8,3650,True,205
205.9EDN,False,9,2850,False,205
206.10EDY,False,10,1400,True,206
206.11EQN,True,11,0,False,206
206.12EQY,True,12,400,True,206
206.13EQN,True,13,1750,False,206
206.14EDN,False,14,0,False,206
206.15EQY,True,15,1050,True,206
206.16EDN,False,16,550,False,206
206.17FQY,True,17,1450,True,206
206.18FQY,True,18,600,True,206
206.19FQY,True,19,1150,True,206
206.1EQY,True,1,500,True,206
206.20FQY,True,20,750,True,206
206.21FQY,True,21,2700,True,206
206.22FQY,True,22,0,True,206
206.23FQY,True,23,500,True,206
206.24FQY,True,24,450,True,206
206.25FDY,False,25,600,True,206
206.26FQY,True,26,0,True,206
206.27FQY,True,27,0,True,206
206.28FQY,True,28,450,True,206
206.29FQY,True,29,0,True,206
206.2EDY,False,2,900,True,206
206.30FDY,False,30,0,True,206
206.31FDY,False,31,850,True,206
206.32FDY,False,32,500,True,206
206.33FDN,False,33,0,False,206
206.34FQN,True,34,900,False,206
206.35FDN,False,35,550,False,206
206.36FQN,True,36,500,False,206
206.37FDN,False,37,500,False,206
206.38FDN,False,38,500,False,206
206.39FDN,False,39,550,False,206
206.3EDY,False,3,950,True,206
206.40FDN,False,40,1450,False,206
206.41FDN,False,41,450,False,206
206.42FDN,False,42,1450,False,206
206.43FDN,False,43,-1,False,206
206.44FQN,True,44,1300,False,206
206.45FQN,True,45,950,False,206
206.46FDN,False,46,400,False,206
206.47FDN,False,47,600,False,206
206.48FDN,False,48,450,False,206
206.4EDN,False,4,999,False,206
206.5EDY,False,5,1650,True,206
206.6EDN,False,6,0,False,206
206.7EQN,True,7,0,False,206
206.8EQN,True,8,0,False,206
206.9EQY,True,9,0,True,206
207.10EQY,True,10,2950,True,207
207.11EDN,False,11,5750,False,207
207.12EDY,False,12,5200,True,207
207.13EDN,False,13,3050,False,207
207.14EQN,True,14,3150,False,207
207.15EDY,False,15,3900,True,207
207.16EQN,True,16,3050,False,207
207.17FDY,False,17,2000,True,207
207.18FDY,False,18,3050,True,207
207.19FDY,False,19,2300,True,207
207.1EDY,False,1,3900,True,207
207.20FDY,False,20,2200,True,207
207.21FDY,False,21,2800,True,207
207.22FDY,False,22,2950,True,207
207.23FDY,False,23,3100,True,207
207.24FDY,False,24,3050,True,207
207.25FQY,True,25,2700,True,207
207.26FDY,False,26,5200,True,207
207.27FDY,False,27,4500,True,207
207.28FDY,False,28,3100,True,207
207.29FDY,False,29,2900,True,207
207.2EQY,True,2,2700,True,207
207.30FQY,True,30,3000,True,207
207.31FQY,True,31,2000,True,207
207.32FQY,True,32,3800,True,207
207.33FQN,True,33,4600,False,207
207.34FDN,False,34,3100,False,207
207.35FQN,True,35,4650,False,207
207.36FDN,False,36,2950,False,207
207.37FQN,True,37,3900,False,207
207.38FQN,True,38,2750,False,207
207.39FQN,True,39,2350,False,207
207.3EQY,True,3,5450,True,207
207.40FQN,True,40,3750,False,207
207.41FQN,True,41,2850,False,207
207.42FQN,True,42,2850,False,207
207.43FQN,True,43,3350,False,207
207.44FDN,False,44,3450,False,207
207.45FDN,False,45,3400,False,207
207.46FQN,True,46,9850,False,207
207.47FQN,True,47,3150,False,207
207.48FQN,True,48,2250,False,207
207.4EQN,True,4,2750,False,207
207.5EQY,True,5,4000,True,207
207.6EQN,True,6,3250,False,207
207.7EDN,False,7,1750,False,207
207.8EDN,False,8,3000,False,207
207.9EDY,False,9,3050,True,207
208.10EDN,False,10,1900,False,208
208.11EQY,True,11,1700,True,208
208.12EQN,True,12,2450,False,208
208.13EQY,True,13,1550,True,208
208.14EDY,False,14,2600,True,208
208.15EQN,True,15,1950,False,208
208.16EDY,False,16,1800,True,208
208.17FQY,True,17,2150,True,208
208.18FQY,True,18,3650,True,208
208.19FQY,True,19,2800,True,208
208.1EQN,True,1,1700,False,208
208.20FQY,True,20,2100,True,208
208.21FQY,True,21,3850,True,208
208.22FQY,True,22,3500,True,208
208.23FQY,True,23,1750,True,208
208.24FQY,True,24,1700,True,208
208.25FDY,False,25,1700,True,208
208.26FQY,True,26,2100,True,208
208.27FQY,True,27,1300,True,208
208.28FQY,True,28,1450,True,208
208.29FQY,True,29,4150,True,208
208.2EDN,False,2,2350,False,208
208.30FDY,False,30,3700,True,208
208.31FDY,False,31,2100,True,208
208.32FDY,False,32,2000,True,208
208.33FDN,False,33,1850,False,208
208.34FQN,True,34,2150,False,208
208.35FDN,False,35,3300,False,208
208.36FQN,True,36,1750,False,208
208.37FDN,False,37,1750,False,208
208.38FDN,False,38,3800,False,208
208.39FDN,False,39,2100,False,208
208.3EDN,False,3,2650,False,208
208.40FDN,False,40,2600,False,208
208.41FDN,False,41,2350,False,208
208.42FDN,False,42,2250,False,208
208.43FDN,False,43,1900,False,208
208.44FQN,True,44,2550,False,208
208.45FQN,True,45,2250,False,208
208.46FDN,False,46,1650,False,208
208.47FDN,False,47,2300,False,208
208.48FDN,False,48,2550,False,208
208.4EDY,False,4,3100,True,208
208.5EDN,False,5,1800,False,208
208.6EDY,False,6,2550,True,208
208.7EQY,True,7,2100,True,208
208.8EQY,True,8,2150,True,208
208.9EQN,True,9,2050,False,208
209.10EQN,True,10,1300,False,209
209.11EDY,False,11,1900,True,209
209.12EDN,False,12,850,False,209
209.13EDY,False,13,2100,True,209
209.14EQY,True,14,2800,True,209
209.15EDN,False,15,1050,False,209
209.16EQY,True,16,950,True,209
209.17FDY,False,17,2850,True,209
209.18FDY,False,18,3000,True,209
209.19FDY,False,19,700,True,209
209.1EDN,False,1,900,False,209
209.20FDY,False,20,1800,True,209
209.21FDY,False,21,1550,True,209
209.22FDY,False,22,1550,True,209
209.23FDY,False,23,1050,True,209
209.24FDY,False,24,950,True,209
209.25FQY,True,25,1250,True,209
209.26FDY,False,26,2100,True,209
209.27FDY,False,27,1100,True,209
209.28FDY,False,28,2950,True,209
209.29FDY,False,29,2250,True,209
209.2EQN,True,2,1800,False,209
209.30FQY,True,30,1400,True,209
209.31FQY,True,31,1900,True,209
209.32FQY,True,32,2800,True,209
209.33FQN,True,33,1700,False,209
209.34FDN,False,34,1200,False,209
209.35FQN,True,35,2800,False,209
209.36FDN,False,36,400,False,209
209.37FQN,True,37,2300,False,209
209.38FQN,True,38,2200,False,209
209.39FQN,True,39,1200,False,209
209.3EQN,True,3,1850,False,209
209.40FQN,True,40,1400,False,209
209.41FQN,True,41,1400,False,209
209.42FQN,True,42,4200,False,209
209.43FQN,True,43,1950,False,209
209.44FDN,False,44,2600,False,209
209.45FDN,False,45,0,False,209
209.46FQN,True,46,2500,False,209
209.47FQN,True,47,2850,False,209
209.48FQN,True,48,1100,False,209
209.4EQY,True,4,2200,True,209
209.5EQN,True,5,1500,False,209
209.6EQY,True,6,3250,True,209
209.7EDY,False,7,1450,True,209
209.8EDY,False,8,1200,True,209
209.9EDN,False,9,3450,False,209
21.10EQN,True,10,6900,False,21
21.11EDY,False,11,2900,True,21
21.12EDN,False,12,2499,False,21
21.13EDY,False,13,500,True,21
21.14EQY,True,14,2450,True,21
21.15EDN,False,15,2900,False,21
21.16EQY,True,16,1350,True,21
21.17FDY,False,17,0,True,21
21.18FDY,False,18,649,True,21
21.19FDY,False,19,6150,True,21
21.1EDN,False,1,800,False,21
21.20FDY,False,20,3250,True,21
21.21FDY,False,21,3300,True,21
21.22FDY,False,22,700,True,21
21.23FDY,False,23,2250,True,21
21.24FDY,False,24,2950,True,21
21.25FQY,True,25,2200,True,21
21.26FDY,False,26,3749,True,21
21.27FDY,False,27,1700,True,21
21.28FDY,False,28,3600,True,21
21.29FDY,False,29,12800,True,21
21.2EQN,True,2,-1,False,21
21.30FQY,True,30,-1,True,21
21.31FQY,True,31,4349,True,21
21.32FQY,True,32,2600,True,21
21.33FQN,True,33,2600,False,21
21.34FDN,False,34,3300,False,21
21.35FQN,True,35,800,False,21
21.36FDN,False,36,2499,False,21
21.37FQN,True,37,9300,False,21
21.38FQN,True,38,7100,False,21
21.39FQN,True,39,5600,False,21
21.3EQN,True,3,2650,False,21
21.40FQN,True,40,4600,False,21
21.41FQN,True,41,4000,False,21
21.42FQN,True,42,3799,False,21
21.43FQN,True,43,12450,False,21
21.44FDN,False,44,4700,False,21
21.45FDN,False,45,1900,False,21
21.46FQN,True,46,650,False,21
21.47FQN,True,47,4300,False,21
21.48FQN,True,48,5050,False,21
21.4EQY,True,4,550,True,21
21.5EQN,True,5,11750,False,21
21.6EQY,True,6,5300,True,21
21.7EDY,False,7,1700,True,21
21.8EDY,False,8,0,True,21
21.9EDN,False,9,1700,False,21
210.10EDY,False,10,2150,True,210
210.11EQN,True,11,5350,False,210
210.12EQY,True,12,1700,True,210
210.13EQN,True,13,2000,False,210
210.14EDN,False,14,2650,False,210
210.15EQY,True,15,2350,True,210
210.16EDN,False,16,1550,False,210
210.17FQY,True,17,4800,True,210
210.18FQY,True,18,2550,True,210
210.19FQY,True,19,4600,True,210
210.1EQY,True,1,1900,True,210
210.20FQY,True,20,2250,True,210
210.21FQY,True,21,2650,True,210
210.22FQY,True,22,1250,True,210
210.23FQY,True,23,3950,True,210
210.24FQY,True,24,2650,True,210
210.25FDY,False,25,500,True,210
210.26FQY,True,26,5800,True,210
210.27FQY,True,27,5400,True,210
210.28FQY,True,28,4850,True,210
210.29FQY,True,29,0,True,210
210.2EDY,False,2,1800,True,210
210.30FDY,False,30,1450,True,210
210.31FDY,False,31,2100,True,210
210.32FDY,False,32,1100,True,210
210.33FDN,False,33,1950,False,210
210.34FQN,True,34,2650,False,210
210.35FDN,False,35,2000,False,210
210.36FQN,True,36,1250,False,210
210.37FDN,False,37,3300,False,210
210.38FDN,False,38,5500,False,210
210.39FDN,False,39,1800,False,210
210.3EDY,False,3,4350,True,210
210.40FDN,False,40,2600,False,210
210.41FDN,False,41,3750,False,210
210.42FDN,False,42,2650,False,210
210.43FDN,False,43,1600,False,210
210.44FQN,True,44,1200,False,210
210.45FQN,True,45,3500,False,210
210.46FDN,False,46,4050,False,210
210.47FDN,False,47,2150,False,210
210.48FDN,False,48,1500,False,210
210.4EDN,False,4,3800,False,210
210.5EDY,False,5,2700,True,210
210.6EDN,False,6,1250,False,210
210.7EQN,True,7,2600,False,210
210.8EQN,True,8,8850,False,210
210.9EQY,True,9,4400,True,210
212.10EDN,False,10,5700,False,212
212.11EQY,True,11,0,True,212
212.12EQN,True,12,500,False,212
212.13EQY,True,13,1650,True,212
212.14EDY,False,14,1200,True,212
212.15EQN,True,15,1350,False,212
212.16EDY,False,16,4050,True,212
212.17FQY,True,17,1500,True,212
212.18FQY,True,18,1500,True,212
212.19FQY,True,19,950,True,212
212.1EQN,True,1,2900,False,212
212.20FQY,True,20,2350,True,212
212.21FQY,True,21,2250,True,212
212.22FQY,True,22,1300,True,212
212.23FQY,True,23,1600,True,212
212.24FQY,True,24,3450,True,212
212.25FDY,False,25,800,True,212
212.26FQY,True,26,2750,True,212
212.27FQY,True,27,3750,True,212
212.28FQY,True,28,500,True,212
212.29FQY,True,29,300,True,212
212.2EDN,False,2,1100,False,212
212.30FDY,False,30,1650,True,212
212.31FDY,False,31,4200,True,212
212.32FDY,False,32,2450,True,212
212.33FDN,False,33,750,False,212
212.34FQN,True,34,1850,False,212
212.35FDN,False,35,550,False,212
212.36FQN,True,36,4800,False,212
212.37FDN,False,37,550,False,212
212.38FDN,False,38,1150,False,212
212.39FDN,False,39,750,False,212
212.3EDN,False,3,400,False,212
212.40FDN,False,40,2000,False,212
212.41FDN,False,41,450,False,212
212.42FDN,False,42,1250,False,212
212.43FDN,False,43,1300,False,212
212.44FQN,True,44,1800,False,212
212.45FQN,True,45,950,False,212
212.46FDN,False,46,1100,False,212
212.47FDN,False,47,500,False,212
212.48FDN,False,48,2600,False,212
212.4EDY,False,4,3850,True,212
212.5EDN,False,5,550,False,212
212.6EDY,False,6,3650,True,212
212.7EQY,True,7,6850,True,212
212.8EQY,True,8,4250,True,212
212.9EQN,True,9,750,False,212
214.10EDY,False,10,1800,True,214
214.11EQN,True,11,5100,False,214
214.12EQY,True,12,4350,True,214
214.13EQN,True,13,4200,False,214
214.14EDN,False,14,2400,False,214
214.15EQY,True,15,3350,True,214
214.16EDN,False,16,1850,False,214
214.17FQY,True,17,9700,True,214
214.18FQY,True,18,4800,True,214
214.19FQY,True,19,2350,True,214
214.1EQY,True,1,3150,True,214
214.20FQY,True,20,1800,True,214
214.21FQY,True,21,6450,True,214
214.22FQY,True,22,1600,True,214
214.23FQY,True,23,3600,True,214
214.24FQY,True,24,2550,True,214
214.25FDY,False,25,3450,True,214
214.26FQY,True,26,3300,True,214
214.27FQY,True,27,3000,True,214
214.28FQY,True,28,3900,True,214
214.29FQY,True,29,3100,True,214
214.2EDY,False,2,16950,True,214
214.30FDY,False,30,7750,True,214
214.31FDY,False,31,4050,True,214
214.32FDY,False,32,1250,True,214
214.33FDN,False,33,800,False,214
214.34FQN,True,34,4700,False,214
214.35FDN,False,35,2200,False,214
214.36FQN,True,36,2600,False,214
214.37FDN,False,37,5150,False,214
214.38FDN,False,38,2200,False,214
214.39FDN,False,39,3050,False,214
214.3EDY,False,3,1850,True,214
214.40FDN,False,40,1450,False,214
214.41FDN,False,41,1300,False,214
214.42FDN,False,42,7450,False,214
214.43FDN,False,43,5400,False,214
214.44FQN,True,44,4650,False,214
214.45FQN,True,45,3600,False,214
214.46FDN,False,46,3650,False,214
214.47FDN,False,47,2750,False,214
214.48FDN,False,48,4900,False,214
214.4EDN,False,4,1100,False,214
214.5EDY,False,5,4900,True,214
214.6EDN,False,6,5050,False,214
214.7EQN,True,7,5900,False,214
214.8EQN,True,8,3100,False,214
214.9EQY,True,9,1000,True,214
215.10EQY,True,10,3650,True,215
215.11EDN,False,11,2700,False,215
215.12EDY,False,12,3950,True,215
215.13EDN,False,13,3200,False,215
215.14EQN,True,14,2050,False,215
215.15EDY,False,15,2750,True,215
215.16EQN,True,16,3450,False,215
215.17FDY,False,17,3000,True,215
215.18FDY,False,18,3250,True,215
215.19FDY,False,19,2250,True,215
215.1EDY,False,1,4900,True,215
215.20FDY,False,20,4000,True,215
215.21FDY,False,21,2550,True,215
215.22FDY,False,22,2500,True,215
215.23FDY,False,23,2750,True,215
215.24FDY,False,24,3000,True,215
215.25FQY,True,25,1900,True,215
215.26FDY,False,26,6000,True,215
215.27FDY,False,27,2750,True,215
215.28FDY,False,28,3050,True,215
215.29FDY,False,29,6550,True,215
215.2EQY,True,2,2250,True,215
215.30FQY,True,30,2950,True,215
215.31FQY,True,31,3950,True,215
215.32FQY,True,32,3100,True,215
215.33FQN,True,33,5600,False,215
215.34FDN,False,34,3250,False,215
215.35FQN,True,35,4350,False,215
215.36FDN,False,36,3250,False,215
215.37FQN,True,37,4800,False,215
215.38FQN,True,38,2850,False,215
215.39FQN,True,39,4300,False,215
215.3EQY,True,3,6750,True,215
215.40FQN,True,40,2950,False,215
215.41FQN,True,41,2300,False,215
215.42FQN,True,42,3450,False,215
215.43FQN,True,43,2900,False,215
215.44FDN,False,44,3000,False,215
215.45FDN,False,45,4100,False,215
215.46FQN,True,46,4850,False,215
215.47FQN,True,47,2000,False,215
215.48FQN,True,48,3850,False,215
215.4EQN,True,4,3150,False,215
215.5EQY,True,5,3050,True,215
215.6EQN,True,6,3500,False,215
215.7EDN,False,7,3250,False,215
215.8EDN,False,8,1800,False,215
215.9EDY,False,9,5700,True,215
22.10EDY,False,10,2200,True,22
22.11EQN,True,11,-2,False,22
22.12EQY,True,12,-1,True,22
22.13EQN,True,13,6049,False,22
22.14EDN,False,14,800,False,22
22.15EQY,True,15,-1,True,22
22.16EDN,False,16,-1,False,22
22.17FQY,True,17,-1,True,22
22.18FQY,True,18,700,True,22
22.19FQY,True,19,850,True,22
22.1EQY,True,1,400,True,22
22.20FQY,True,20,649,True,22
22.21FQY,True,21,1100,True,22
22.22FQY,True,22,-1,True,22
22.23FQY,True,23,-2,True,22
22.24FQY,True,24,-1,True,22
22.25FDY,False,25,-1,True,22
22.26FQY,True,26,-1,True,22
22.27FQY,True,27,2050,True,22
22.28FQY,True,28,-2,True,22
22.29FQY,True,29,1349,True,22
22.2EDY,False,2,-1,True,22
22.30FDY,False,30,649,True,22
22.31FDY,False,31,649,True,22
22.32FDY,False,32,600,True,22
22.33FDN,False,33,649,False,22
22.34FQN,True,34,549,False,22
22.35FDN,False,35,-1,False,22
22.36FQN,True,36,850,False,22
22.37FDN,False,37,-2,False,22
22.38FDN,False,38,0,False,22
22.39FDN,False,39,-1,False,22
22.3EDY,False,3,899,True,22
22.40FDN,False,40,2650,False,22
22.41FDN,False,41,500,False,22
22.42FDN,False,42,-2,False,22
22.43FDN,False,43,1149,False,22
22.44FQN,True,44,2650,False,22
22.45FQN,True,45,1599,False,22
22.46FDN,False,46,0,False,22
22.47FDN,False,47,450,False,22
22.48FDN,False,48,1500,False,22
22.4EDN,False,4,-1,False,22
22.5EDY,False,5,-2,True,22
22.6EDN,False,6,649,False,22
22.7EQN,True,7,1150,False,22
22.8EQN,True,8,0,False,22
22.9EQY,True,9,850,True,22
3.10EQY,True,10,6149,True,3
3.11EDN,False,11,400,False,3
3.12EDY,False,12,2650,True,3
3.13EDN,False,13,2600,False,3
3.14EQN,True,14,2350,False,3
3.15EDY,False,15,2349,True,3
3.16EQN,True,16,3950,False,3
3.17FDY,False,17,2850,True,3
3.18FDY,False,18,2600,True,3
3.19FDY,False,19,950,True,3
3.1EDY,False,1,3750,True,3
3.20FDY,False,20,2100,True,3
3.21FDY,False,21,1200,True,3
3.22FDY,False,22,1550,True,3
3.23FDY,False,23,1150,True,3
3.24FDY,False,24,2150,True,3
3.25FQY,True,25,5300,True,3
3.26FDY,False,26,2749,True,3
3.27FDY,False,27,4650,True,3
3.28FDY,False,28,4650,True,3
3.29FDY,False,29,4500,True,3
3.2EQY,True,2,2300,True,3
3.30FQY,True,30,4850,True,3
3.31FQY,True,31,4750,True,3
3.32FQY,True,32,1250,True,3
3.33FQN,True,33,2900,False,3
3.34FDN,False,34,2800,False,3
3.35FQN,True,35,1200,False,3
3.36FDN,False,36,1150,False,3
3.37FQN,True,37,3900,False,3
3.38FQN,True,38,6800,False,3
3.39FQN,True,39,700,False,3
3.3EQY,True,3,5900,True,3
3.40FQN,True,40,5500,False,3
3.41FQN,True,41,2800,False,3
3.42FQN,True,42,899,False,3
3.43FQN,True,43,1450,False,3
3.44FDN,False,44,1850,False,3
3.45FDN,False,45,2200,False,3
3.46FQN,True,46,2200,False,3
3.47FQN,True,47,4400,False,3
3.48FQN,True,48,2150,False,3
3.4EQN,True,4,7450,False,3
3.5EQY,True,5,4600,True,3
3.6EQN,True,6,1750,False,3
3.7EDN,False,7,1750,False,3
3.8EDN,False,8,3900,False,3
3.9EDY,False,9,950,True,3
4.10EDN,False,10,1800,False,4
4.11EQY,True,11,3250,True,4
4.12EQN,True,12,1500,False,4
4.13EQY,True,13,2750,True,4
4.14EDY,False,14,3050,True,4
4.15EQN,True,15,4400,False,4
4.16EDY,False,16,3250,True,4
4.17FQY,True,17,1800,True,4
4.18FQY,True,18,3900,True,4
4.19FQY,True,19,2200,True,4
4.1EQN,True,1,3700,False,4
4.20FQY,True,20,4650,True,4
4.21FQY,True,21,1600,True,4
4.22FQY,True,22,1200,True,4
4.23FQY,True,23,1800,True,4
4.24FQY,True,24,3600,True,4
4.25FDY,False,25,2600,True,4
4.26FQY,True,26,3200,True,4
4.27FQY,True,27,3950,True,4
4.28FQY,True,28,2000,True,4
4.29FQY,True,29,1700,True,4
4.2EDN,False,2,1700,False,4
4.30FDY,False,30,1150,True,4
4.31FDY,False,31,1200,True,4
4.32FDY,False,32,2000,True,4
4.33FDN,False,33,3100,False,4
4.34FQN,True,34,1200,False,4
4.35FDN,False,35,2900,False,4
4.36FQN,True,36,3950,False,4
4.37FDN,False,37,1150,False,4
4.38FDN,False,38,1750,False,4
4.39FDN,False,39,2650,False,4
4.3EDN,False,3,1600,False,4
4.40FDN,False,40,1650,False,4
4.41FDN,False,41,1900,False,4
4.42FDN,False,42,1400,False,4
4.43FDN,False,43,4350,False,4
4.44FQN,True,44,3350,False,4
4.45FQN,True,45,2200,False,4
4.46FDN,False,46,2100,False,4
4.47FDN,False,47,1300,False,4
4.48FDN,False,48,1300,False,4
4.4EDY,False,4,2200,True,4
4.5EDN,False,5,4200,False,4
4.6EDY,False,6,1500,True,4
4.7EQY,True,7,2600,True,4
4.8EQY,True,8,2100,True,4
4.9EQN,True,9,3950,False,4
5.12EDN,False,12,5250,False,5
5.13EDY,False,13,4550,True,5
5.14EQY,True,14,4500,True,5
5.17FDY,False,17,5800,True,5
5.20FDY,False,20,5150,True,5
5.22FDY,False,22,4500,True,5
5.23FDY,False,23,5150,True,5
5.26FDY,False,26,4600,True,5
5.27FDY,False,27,4350,True,5
5.29FDY,False,29,5250,True,5
5.2EQN,True,2,3050,False,5
5.31FQY,True,31,5250,True,5
5.32FQY,True,32,4550,True,5
5.33FQN,True,33,5200,False,5
5.35FQN,True,35,5700,False,5
5.38FQN,True,38,4050,False,5
5.3EQN,True,3,6500,False,5
5.40FQN,True,40,7750,False,5
5.41FQN,True,41,4450,False,5
5.42FQN,True,42,10000,False,5
5.44FDN,False,44,6850,False,5
5.46FQN,True,46,4650,False,5
5.4EQY,True,4,6050,True,5
5.8EDY,False,8,4500,True,5
5.9EDN,False,9,2899,False,5
6.10EDY,False,10,550,True,6
6.11EQN,True,11,1500,False,6
6.12EQY,True,12,2450,True,6
6.13EQN,True,13,1450,False,6
6.14EDN,False,14,2800,False,6
6.15EQY,True,15,699,True,6
6.16EDN,False,16,4650,False,6
6.17FQY,True,17,1800,True,6
6.18FQY,True,18,2100,True,6
6.19FQY,True,19,1249,True,6
6.1EQY,True,1,2150,True,6
6.20FQY,True,20,1750,True,6
6.21FQY,True,21,2050,True,6
6.22FQY,True,22,949,True,6
6.23FQY,True,23,1500,True,6
6.24FQY,True,24,1000,True,6
6.25FDY,False,25,1250,True,6
6.26FQY,True,26,1900,True,6
6.27FQY,True,27,1850,True,6
6.28FQY,True,28,1500,True,6
6.29FQY,True,29,3450,True,6
6.2EDY,False,2,2100,True,6
6.30FDY,False,30,1250,True,6
6.31FDY,False,31,1500,True,6
6.32FDY,False,32,2000,True,6
6.33FDN,False,33,3650,False,6
6.34FQN,True,34,2100,False,6
6.35FDN,False,35,1900,False,6
6.36FQN,True,36,1199,False,6
6.37FDN,False,37,2650,False,6
6.38FDN,False,38,1700,False,6
6.39FDN,False,39,1550,False,6
6.3EDY,False,3,1650,True,6
6.40FDN,False,40,2300,False,6
6.41FDN,False,41,2000,False,6
6.42FDN,False,42,2100,False,6
6.43FDN,False,43,1600,False,6
6.44FQN,True,44,3450,False,6
6.45FQN,True,45,1099,False,6
6.46FDN,False,46,1450,False,6
6.47FDN,False,47,3200,False,6
6.48FDN,False,48,5200,False,6
6.4EDN,False,4,1450,False,6
6.5EDY,False,5,2550,True,6
6.6EDN,False,6,2000,False,6
6.7EQN,True,7,950,False,6
6.8EQN,True,8,2200,False,6
6.9EQY,True,9,2550,True,6
7.10EQY,True,10,1900,True,7
7.11EDN,False,11,950,False,7
7.12EDY,False,12,450,True,7
7.13EDN,False,13,749,False,7
7.14EQN,True,14,999,False,7
7.15EDY,False,15,999,True,7
7.16EQN,True,16,1799,False,7
7.17FDY,False,17,650,True,7
7.18FDY,False,18,450,True,7
7.19FDY,False,19,1350,True,7
7.1EDY,False,1,1250,True,7
7.20FDY,False,20,3000,True,7
7.21FDY,False,21,1399,True,7
7.22FDY,False,22,2250,True,7
7.23FDY,False,23,1750,True,7
7.24FDY,False,24,1200,True,7
7.25FQY,True,25,699,True,7
7.26FDY,False,26,1300,True,7
7.27FDY,False,27,849,True,7
7.28FDY,False,28,1500,True,7
7.29FDY,False,29,549,True,7
7.2EQY,True,2,1050,True,7
7.30FQY,True,30,1250,True,7
7.31FQY,True,31,2200,True,7
7.32FQY,True,32,1850,True,7
7.33FQN,True,33,1600,False,7
7.34FDN,False,34,3200,False,7
7.35FQN,True,35,850,False,7
7.36FDN,False,36,850,False,7
7.37FQN,True,37,1400,False,7
7.38FQN,True,38,1850,False,7
7.39FQN,True,39,1600,False,7
7.3EQY,True,3,449,True,7
7.40FQN,True,40,900,False,7
7.41FQN,True,41,2100,False,7
7.42FQN,True,42,1800,False,7
7.43FQN,True,43,-1,False,7
7.44FDN,False,44,1550,False,7
7.45FDN,False,45,999,False,7
7.46FQN,True,46,2800,False,7
7.47FQN,True,47,1300,False,7
7.48FQN,True,48,0,False,7
7.4EQN,True,4,950,False,7
7.5EQY,True,5,1050,True,7
7.6EQN,True,6,1300,False,7
7.7EDN,False,7,650,False,7
7.8EDN,False,8,950,False,7
7.9EDY,False,9,2000,True,7
8.10EDN,False,10,599,False,8
8.12EQN,True,12,0,False,8
8.13EQY,True,13,2449,True,8
8.14EDY,False,14,0,True,8
8.17FQY,True,17,1900,True,8
8.1EQN,True,1,1550,False,8
8.20FQY,True,20,4900,True,8
8.21FQY,True,21,0,True,8
8.22FQY,True,22,0,True,8
8.23FQY,True,23,1600,True,8
8.26FQY,True,26,1550,True,8
8.27FQY,True,27,9200,True,8
8.29FQY,True,29,1150,True,8
8.2EDN,False,2,3050,False,8
8.30FDY,False,30,0,True,8
8.31FDY,False,31,2450,True,8
8.32FDY,False,32,500,True,8
8.33FDN,False,33,-1,False,8
8.34FQN,True,34,-1,False,8
8.35FDN,False,35,649,False,8
8.38FDN,False,38,750,False,8
8.39FDN,False,39,-1,False,8
8.3EDN,False,3,2750,False,8
8.40FDN,False,40,599,False,8
8.41FDN,False,41,5349,False,8
8.42FDN,False,42,1050,False,8
8.44FQN,True,44,4200,False,8
8.46FDN,False,46,0,False,8
8.4EDY,False,4,4500,True,8
8.7EQY,True,7,-1,True,8
8.8EQY,True,8,1300,True,8
8.9EQN,True,9,0,False,8
9.10EQN,True,10,1850,False,9
9.11EDY,False,11,-2,True,9
9.12EDN,False,12,1900,False,9
9.13EDY,False,13,4000,True,9
9.14EQY,True,14,1649,True,9
9.15EDN,False,15,1800,False,9
9.16EQY,True,16,750,True,9
9.17FDY,False,17,1050,True,9
9.18FDY,False,18,-1,True,9
9.19FDY,False,19,2149,True,9
9.1EDN,False,1,2349,False,9
9.20FDY,False,20,5900,True,9
9.21FDY,False,21,4350,True,9
9.22FDY,False,22,2850,True,9
9.23FDY,False,23,2299,True,9
9.24FDY,False,24,2800,True,9
9.25FQY,True,25,999,True,9
9.26FDY,False,26,1500,True,9
9.27FDY,False,27,4350,True,9
9.28FDY,False,28,2550,True,9
9.29FDY,False,29,3300,True,9
9.2EQN,True,2,8850,False,9
9.30FQY,True,30,1799,True,9
9.31FQY,True,31,5250,True,9
9.32FQY,True,32,2199,True,9
9.33FQN,True,33,5000,False,9
9.34FDN,False,34,5150,False,9
9.35FQN,True,35,349,False,9
9.36FDN,False,36,2050,False,9
9.37FQN,True,37,3100,False,9
9.38FQN,True,38,3000,False,9
9.39FQN,True,39,2199,False,9
9.3EQN,True,3,3399,False,9
9.40FQN,True,40,3150,False,9
9.41FQN,True,41,4750,False,9
9.42FQN,True,42,3600,False,9
9.43FQN,True,43,2549,False,9
9.44FDN,False,44,1149,False,9
9.45FDN,False,45,2699,False,9
9.46FQN,True,46,3550,False,9
9.47FQN,True,47,1449,False,9
9.48FQN,True,48,3400,False,9
9.4EQY,True,4,6700,True,9
9.5EQN,True,5,3950,False,9
9.6EQY,True,6,1249,True,9
9.7EDY,False,7,5100,True,9
9.8EDY,False,8,4050,True,9
9.9EDN,False,9,749,False,9
