Filename,Length,isFiller,Condition_Q,Condition_GP,Participant,Item,irt
210.37FDN,9750,True,False,False,210,37,5311
210.40FDN,5895,True,False,False,210,40,2595
210.27FQY,15646,True,True,True,210,27,942
210.9EQY,11111,False,True,True,210,9,1800
210.2EDY,5555,False,False,True,210,2,1020
210.10EDY,4875,False,False,True,210,10,0
210.6EDN,4308,False,False,False,210,6,0
210.14EDN,5215,False,False,False,210,14,4499
210.19FQY,7823,True,True,True,210,19,0
210.46FDN,5668,True,False,False,210,46,6508
210.21FQY,8843,True,True,True,210,21,202
210.32FDY,8956,True,False,True,210,32,2429
210.36FQN,8616,True,True,False,210,36,0
210.26FQY,13378,True,True,True,210,26,2829
210.41FDN,7369,True,False,False,210,41,919
210.5EDY,6009,False,False,True,210,5,0
210.13EQN,4535,False,True,False,210,13,0
210.18FQY,5782,True,True,True,210,18,442
210.7EQN,6349,False,True,False,210,7,0
210.3EDY,6122,False,False,True,210,3,1382
210.20FQY,10430,True,True,True,210,20,1668
210.47FDN,4421,True,False,False,210,47,0
210.38FDN,7142,True,False,False,210,38,4741
210.35FDN,9070,True,False,False,210,35,0
210.42FDN,4421,True,False,False,210,42,0
210.25FDY,9863,True,False,True,210,25,810
210.31FDY,9750,True,False,True,210,31,0
210.28FQY,5782,True,True,True,210,28,2902
210.33FDN,11337,True,False,False,210,33,932
210.23FQY,8730,True,True,True,210,23,840
210.44FQN,4195,True,True,False,210,44,0
210.4EDN,7596,False,False,False,210,4,7715
210.12EQY,5102,False,True,True,210,12,0
210.16EDN,4081,False,False,False,210,16,2071
210.15EQY,5782,False,True,True,210,15,952
210.11EQN,7142,False,True,False,210,11,0
210.30FDY,8163,True,False,True,210,30,1928
210.34FQN,8843,True,True,False,210,34,2098
210.24FQY,8730,True,True,True,210,24,1008
210.29FQY,4421,True,True,True,210,29,1170
210.39FDN,4648,True,False,False,210,39,0
210.43FDN,4421,True,False,False,210,43,1451
210.22FQY,7936,True,True,True,210,22,2789
210.45FQN,4761,True,True,False,210,45,1350
210.48FDN,8503,True,False,False,210,48,2132
210.1EQY,5215,False,True,True,210,1,595
210.17FQY,9637,True,True,True,210,17,1353
210.8EQN,17913,False,True,False,210,8,3269
204.19FQY,5102,True,True,True,204,19,1682
204.46FDN,7596,True,False,False,204,46,366
204.21FQY,9183,True,True,True,204,21,1662
204.9EQN,10997,False,True,False,204,9,272
204.37FDN,10090,True,False,False,204,37,420
204.2EDN,5215,False,False,False,204,2,1680
204.40FDN,5668,True,False,False,204,40,658
204.6EDY,5328,False,False,True,204,6,0
204.27FQY,10657,True,True,True,204,27,1380
204.12EQN,5895,False,True,False,204,12,1935
204.16EDY,4761,False,False,True,204,16,990
204.11EQY,1587,False,True,True,204,11,0
204.18FQY,6349,True,True,True,204,18,2929
204.15EQN,5102,False,True,False,204,15,1410
204.20FQY,12358,True,True,True,204,20,0
204.47FDN,4988,True,False,False,204,47,1530
204.5EDN,5328,False,False,False,204,5,2748
204.36FQN,11451,True,True,False,204,36,1292
204.32FDY,8163,True,False,True,204,32,0
204.26FQY,9183,True,True,True,204,26,289
204.7EQY,6349,False,True,True,204,7,1579
204.3EDN,4648,False,False,False,204,3,990
204.41FDN,3854,True,False,False,204,41,1380
204.33FDN,8276,True,False,False,204,33,0
204.23FQY,8390,True,True,True,204,23,0
204.44FQN,5328,True,True,False,204,44,450
204.14EDY,6235,False,False,True,204,14,1650
204.10EDN,6916,False,False,False,204,10,2549
204.38FDN,6462,True,False,False,204,38,780
204.35FDN,8843,True,False,False,204,35,368
204.42FDN,5782,True,False,False,204,42,1612
204.25FDY,9863,True,False,True,204,25,750
204.31FDY,12018,True,False,True,204,31,445
204.4EDY,5668,False,False,True,204,4,1110
204.28FQY,6009,True,True,True,204,28,849
204.22FQY,7823,True,True,True,204,22,512
204.45FQN,5328,True,True,False,204,45,1908
204.48FDN,10430,True,False,False,204,48,2162
204.13EQY,6575,False,True,True,204,13,1475
204.17FQY,8390,True,True,True,204,17,1262
204.1EQN,5328,False,True,False,204,1,1260
204.34FQN,10657,True,True,False,204,34,240
204.30FDY,10770,True,False,True,204,30,1012
204.24FQY,10884,True,True,True,204,24,3085
204.29FQY,5668,True,True,True,204,29,1140
204.39FDN,5555,True,False,False,204,39,870
204.8EQY,8730,False,True,True,204,8,930
204.43FDN,5102,True,False,False,204,43,2732
203.19FDY,3061,True,False,True,203,19,0
203.14EQN,3401,False,True,False,203,14,0
203.10EQY,3514,False,True,True,203,10,0
203.21FDY,4988,True,False,True,203,21,870
203.5EQY,5102,False,True,True,203,5,1110
203.46FQN,3514,True,True,False,203,46,1260
203.27FDY,5442,True,False,True,203,27,0
203.40FQN,3287,True,True,False,203,40,0
203.7EDN,5328,False,False,False,203,7,660
203.3EQY,8616,False,True,True,203,3,0
203.37FQN,3854,True,True,False,203,37,960
203.18FDY,2834,True,False,True,203,18,0
203.47FQN,2607,True,True,False,203,47,1470
203.9EDY,4875,False,False,True,203,9,0
203.20FDY,4988,True,False,True,203,20,0
203.41FQN,3514,True,True,False,203,41,0
203.2EQY,5895,False,True,True,203,2,0
203.26FDY,5442,True,False,True,203,26,0
203.32FQY,7483,True,True,True,203,32,0
203.36FDN,4535,True,False,False,203,36,0
203.6EQN,4988,False,True,False,203,6,540
203.13EDN,4195,False,False,False,203,13,1015
203.44FDN,4648,True,False,False,203,44,0
203.23FDY,5668,True,False,True,203,23,0
203.33FQN,5668,True,True,False,203,33,0
203.12EDY,3174,False,False,True,203,12,0
203.16EQN,3514,False,True,False,203,16,0
203.28FDY,3061,True,False,True,203,28,0
203.1EDY,4988,False,False,True,203,1,0
203.31FQY,6575,True,True,True,203,31,0
203.25FQY,4081,True,True,True,203,25,1378
203.42FQN,4421,True,True,False,203,42,0
203.35FQN,6462,True,True,False,203,35,0
203.8EDN,3287,False,False,False,203,8,1560
203.38FQN,4761,True,True,False,203,38,0
203.48FQN,4988,True,True,False,203,48,0
203.45FDN,3854,True,False,False,203,45,0
203.22FDY,5102,True,False,True,203,22,0
203.17FDY,8730,True,False,True,203,17,0
203.11EDN,4195,False,False,False,203,11,660
203.15EDY,3401,False,False,True,203,15,0
203.43FQN,2947,True,True,False,203,43,0
203.39FQN,2947,True,True,False,203,39,0
203.29FDY,4761,True,False,True,203,29,0
203.24FDY,4195,True,False,True,203,24,0
203.4EQN,6235,False,True,False,203,4,0
203.30FQY,5668,True,True,True,203,30,960
203.34FDN,5782,True,False,False,203,34,930
205.4EQY,18707,False,True,True,205,4,1032
205.16EQY,5328,False,True,True,205,16,2838
205.12EDN,5328,False,False,False,205,12,498
205.27FDY,19387,True,False,True,205,27,2280
205.40FQN,5555,True,True,False,205,40,3304
205.37FQN,12811,True,True,False,205,37,2870
205.21FDY,8843,True,False,True,205,21,2675
205.46FQN,4421,True,True,False,205,46,2501
205.19FDY,4308,True,False,True,205,19,948
205.8EDY,5555,False,False,True,205,8,4024
205.1EDN,9183,False,False,False,205,1,1922
205.41FQN,5102,True,True,False,205,41,2459
205.26FDY,16893,True,False,True,205,26,2365
205.32FQY,9863,True,True,True,205,32,1825
205.36FDN,16213,True,False,False,205,36,3847
205.47FQN,4988,True,True,False,205,47,1688
205.20FDY,18707,True,False,True,205,20,1302
205.15EDN,4535,False,False,False,205,15,365
205.18FDY,5442,True,False,True,205,18,2262
205.11EDY,4648,False,False,True,205,11,1708
205.28FDY,4761,True,False,True,205,28,1011
205.31FQY,13605,True,True,True,205,31,0
205.42FQN,5102,True,True,False,205,42,902
205.25FQY,12925,True,True,True,205,25,8382
205.38FQN,5102,True,True,False,205,38,1112
205.35FQN,19501,True,True,False,205,35,7892
205.10EQN,4988,False,True,False,205,10,5820
205.6EQY,15079,False,True,True,205,6,1015
205.14EQY,5215,False,True,True,205,14,10434
205.2EQN,11678,False,True,False,205,2,6390
205.9EDN,5102,False,False,False,205,9,6002
205.23FDY,15419,True,False,True,205,23,4139
205.44FDN,5668,True,False,False,205,44,2548
205.33FQN,16326,True,True,False,205,33,5314
205.43FQN,5442,True,True,False,205,43,3162
205.39FQN,5328,True,True,False,205,39,228
205.24FDY,9410,True,False,True,205,24,1601
205.29FDY,6009,True,False,True,205,29,9938
205.30FQY,16213,True,True,True,205,30,5444
205.34FDN,11791,True,False,False,205,34,2275
205.7EDY,21541,False,False,True,205,7,855
205.3EQN,11111,False,True,False,205,3,3977
205.5EQN,9750,False,True,False,205,5,3877
205.17FDY,13151,True,False,True,205,17,3304
205.13EDY,5442,False,False,True,205,13,8670
205.48FQN,13605,True,True,False,205,48,2339
205.22FDY,14965,True,False,True,205,22,1228
205.45FDN,5328,True,False,False,205,45,1818
20.33FDN,4875,True,False,False,20,33,0
20.23FQY,4535,True,True,True,20,23,0
20.44FQN,14965,True,True,False,20,44,0
20.38FDN,13038,True,False,False,20,38,0
20.35FDN,3854,True,False,False,20,35,0
20.42FDN,11564,True,False,False,20,42,0
20.25FDY,4535,True,False,True,20,25,0
20.31FDY,5668,True,False,True,20,31,0
20.28FQY,13832,True,True,True,20,28,0
20.14EDY,12698,False,False,True,20,14,0
20.4EDY,5442,False,False,True,20,4,0
20.10EDN,16666,False,False,False,20,10,0
20.13EQY,13492,False,True,True,20,13,0
20.17FQY,4535,True,True,True,20,17,0
20.22FQY,5102,True,True,True,20,22,0
20.45FQN,17573,True,True,False,20,45,0
20.48FDN,4988,True,False,False,20,48,0
20.30FDY,5442,True,False,True,20,30,0
20.34FQN,4875,True,True,False,20,34,0
20.24FQY,4648,True,True,True,20,24,0
20.29FQY,17346,True,True,True,20,29,0
20.39FDN,14172,True,False,False,20,39,0
20.43FDN,10317,True,False,False,20,43,0
20.1EQN,5895,False,True,False,20,1,0
20.8EQY,13832,False,True,True,20,8,0
20.46FDN,18367,True,False,False,20,46,0
20.21FQY,5442,True,True,True,20,21,0
20.19FQY,10544,True,True,True,20,19,0
20.9EQN,15532,False,True,False,20,9,0
20.2EDN,5328,False,False,False,20,2,0
20.16EDY,13718,False,False,True,20,16,0
20.12EQN,23242,False,True,False,20,12,0
20.6EDY,4761,False,False,True,20,6,0
20.37FDN,4421,True,False,False,20,37,0
20.40FDN,15079,True,False,False,20,40,0
20.27FQY,4875,True,True,True,20,27,0
20.20FQY,6235,True,True,True,20,20,0
20.47FDN,17233,True,False,False,20,47,0
20.11EQY,15306,False,True,True,20,11,0
20.18FQY,20634,True,True,True,20,18,0
20.15EQN,17120,False,True,False,20,15,0
20.5EDN,3854,False,False,False,20,5,0
20.3EDN,5215,False,False,False,20,3,0
20.7EQY,4761,False,True,True,20,7,0
20.32FDY,5328,True,False,True,20,32,0
20.36FQN,4081,True,True,False,20,36,0
20.26FQY,4648,True,True,True,20,26,0
20.41FDN,13265,True,False,False,20,41,0
9.22FDY,8616,True,False,True,9,22,0
9.45FDN,5895,True,False,False,9,45,0
9.48FQN,11904,True,True,False,9,48,0
9.13EDY,6462,False,False,True,9,13,0
9.17FDY,9070,True,False,True,9,17,0
9.8EDY,7029,False,False,True,9,8,0
9.1EDN,9863,False,False,False,9,1,0
9.30FQY,10317,True,True,True,9,30,0
9.34FDN,11451,True,False,False,9,34,0
9.24FDY,10090,True,False,True,9,24,0
9.29FDY,6916,True,False,True,9,29,0
9.39FQN,6122,True,True,False,9,39,0
9.43FQN,5895,True,True,False,9,43,0
9.33FQN,9637,True,True,False,9,33,0
9.23FDY,9977,True,False,True,9,23,0
9.44FDN,8163,True,False,False,9,44,0
9.4EQY,11111,False,True,True,9,4,0
9.14EQY,8616,False,True,True,9,14,0
9.10EQN,6689,False,True,False,9,10,0
9.38FQN,6235,True,True,False,9,38,0
9.35FQN,9863,True,True,False,9,35,0
9.42FQN,7596,True,True,False,9,42,0
9.25FQY,9863,True,True,True,9,25,0
9.31FQY,10884,True,True,True,9,31,0
9.28FDY,5215,True,False,True,9,28,0
9.11EDY,6122,False,False,True,9,11,0
9.5EQN,8049,False,True,False,9,5,0
9.18FDY,6916,True,False,True,9,18,0
9.15EDN,5668,False,False,False,9,15,0
9.20FDY,9750,True,False,True,9,20,0
9.47FQN,5782,True,True,False,9,47,0
9.32FQY,12585,True,True,True,9,32,0
9.36FDN,7029,True,False,False,9,36,0
9.26FDY,10090,True,False,True,9,26,0
9.41FQN,6802,True,True,False,9,41,0
9.3EQN,9410,False,True,False,9,3,0
9.7EDY,9183,False,False,True,9,7,0
9.9EDN,5668,False,False,False,9,9,0
9.19FDY,5215,True,False,True,9,19,0
9.46FQN,6009,True,True,False,9,46,0
9.21FDY,10090,True,False,True,9,21,0
9.37FQN,10430,True,True,False,9,37,0
9.40FQN,6689,True,True,False,9,40,0
9.27FDY,10544,True,False,True,9,27,0
9.6EQY,9183,False,True,True,9,6,0
9.16EQY,5782,False,True,True,9,16,0
9.12EDN,5668,False,False,False,9,12,0
9.2EQN,9863,False,True,False,9,2,0
11.44FDN,5328,True,False,False,11,44,0
11.23FDY,7483,True,False,True,11,23,0
11.16EQN,7369,False,True,False,11,16,0
11.5EQY,29365,False,True,True,11,5,0
11.7EDN,15646,False,False,False,11,7,0
11.3EQY,9523,False,True,True,11,3,0
11.31FQY,10657,True,True,True,11,31,0
11.28FDY,6802,True,False,True,11,28,0
11.35FQN,8276,True,True,False,11,35,0
11.25FQY,23922,True,True,True,11,25,0
11.42FQN,6689,True,True,False,11,42,0
11.48FQN,10770,True,True,False,11,48,0
11.45FDN,6349,True,False,False,11,45,0
11.17FDY,8390,True,False,True,11,17,0
11.6EQN,7823,False,True,False,11,6,0
11.11EDN,5328,False,False,False,11,11,0
11.15EDY,5215,False,False,True,11,15,0
11.39FQN,5102,True,True,False,11,39,0
11.43FQN,6235,True,True,False,11,43,0
11.30FQY,12471,True,True,True,11,30,0
11.34FDN,12811,True,False,False,11,34,0
11.29FDY,5895,True,False,True,11,29,0
11.24FDY,15873,True,False,True,11,24,0
11.19FDY,6916,True,False,True,11,19,0
11.10EQY,6235,False,True,True,11,10,0
11.21FDY,11111,True,False,True,11,21,0
11.37FQN,8616,True,True,False,11,37,0
11.8EDN,6349,False,False,False,11,8,0
11.1EDY,13605,False,False,True,11,1,0
11.27FDY,5102,True,False,True,11,27,0
11.18FDY,6802,True,False,True,11,18,0
11.47FQN,6462,True,True,False,11,47,0
11.41FQN,4648,True,True,False,11,41,0
11.32FQY,14965,True,True,True,11,32,0
11.36FDN,34807,True,False,False,11,36,0
11.4EQN,8956,False,True,False,11,4,0
7.41FQN,9863,True,True,False,7,41,7168
7.36FDN,4195,True,False,False,7,36,4079
7.32FQY,4535,True,True,True,7,32,6185
7.26FDY,4875,True,False,True,7,26,1215
7.13EDN,8276,False,False,False,7,13,5224
7.4EQN,9183,False,True,False,7,4,5617
7.18FDY,8956,True,False,True,7,18,840
7.47FQN,7936,True,True,False,7,47,4079
7.20FDY,5668,True,False,True,7,20,5790
7.27FDY,4875,True,False,True,7,27,1005
7.37FQN,4195,True,True,False,7,37,990
7.40FQN,9637,True,True,False,7,40,6300
7.1EDY,8956,False,False,True,7,1,4679
7.14EQN,8843,False,True,False,7,14,1451
7.19FDY,6122,True,False,True,7,19,3337
7.10EQY,7709,False,True,True,7,10,1235
7.8EDN,4195,False,False,False,7,8,1290
7.21FDY,4081,True,False,True,7,21,3509
7.46FQN,10090,True,True,False,7,46,6150
7.11EDN,7823,False,False,False,7,11,4019
7.9EDY,5102,False,False,True,7,9,1442
7.15EDY,9183,False,False,True,7,15,5159
7.39FQN,8616,True,True,False,7,39,870
7.43FQN,7823,True,True,False,7,43,840
7.34FDN,5328,True,False,False,7,34,990
7.30FQY,4648,True,True,True,7,30,4979
7.29FDY,8163,True,False,True,7,29,1431
7.24FDY,4308,True,False,True,7,24,4439
7.48FQN,4648,True,True,False,7,48,5850
7.45FDN,8956,True,False,False,7,45,5129
7.22FDY,4875,True,False,True,7,22,6630
7.2EQY,10884,False,True,True,7,2,6720
7.6EQN,8843,False,True,False,7,6,750
7.17FDY,4535,True,False,True,7,17,1380
7.5EQY,8730,False,True,True,7,5,810
7.31FQY,4761,True,True,True,7,31,4259
7.28FDY,9070,True,False,True,7,28,1201
7.35FQN,6689,True,True,False,7,35,7650
7.38FQN,8730,True,True,False,7,38,5431
7.25FQY,4875,True,True,True,7,25,8130
7.42FQN,9637,True,True,False,7,42,1935
7.44FDN,12358,True,False,False,7,44,1200
7.23FDY,4421,True,False,True,7,23,4210
7.33FQN,4535,True,True,False,7,33,5885
7.16EQN,10317,False,True,False,7,16,781
7.12EDY,8503,False,False,True,7,12,0
7.3EQY,10430,False,True,True,7,3,515
7.7EDN,8049,False,False,False,7,7,4229
16.33FDN,16780,True,False,False,16,33,0
16.23FQY,10997,True,True,True,16,23,0
16.44FQN,5895,True,True,False,16,44,300
16.9EQN,12358,False,True,False,16,9,0
16.14EDY,5215,False,False,True,16,14,0
16.6EDY,4988,False,False,True,16,6,300
16.10EDN,5668,False,False,False,16,10,0
16.2EDN,5895,False,False,False,16,2,0
16.42FDN,5328,True,False,False,16,42,0
16.25FDY,24489,True,False,True,16,25,0
16.38FDN,7142,True,False,False,16,38,0
16.35FDN,13718,True,False,False,16,35,0
16.28FQY,5102,True,True,True,16,28,0
16.31FDY,15986,True,False,True,16,31,0
16.22FQY,14965,True,True,True,16,22,0
16.45FQN,5215,True,True,False,16,45,0
16.48FDN,16439,True,False,False,16,48,0
16.5EDN,5555,False,False,False,16,5,0
16.17FQY,11678,True,True,True,16,17,0
16.13EQY,5328,False,True,True,16,13,690
16.7EQY,6235,False,True,True,16,7,0
16.3EDN,5555,False,False,False,16,3,0
16.24FQY,18707,True,True,True,16,24,0
16.29FQY,5895,True,True,True,16,29,0
16.34FQN,21541,True,True,False,16,34,0
16.30FDY,18027,True,False,True,16,30,0
16.43FDN,4421,True,False,False,16,43,0
16.39FDN,4195,True,False,False,16,39,0
16.19FQY,4988,True,True,True,16,19,0
16.46FDN,7029,True,False,False,16,46,0
16.21FQY,17573,True,True,True,16,21,0
16.40FDN,5328,True,False,False,16,40,0
16.37FDN,13038,True,False,False,16,37,0
16.27FQY,16553,True,True,True,16,27,0
16.12EQN,6009,False,True,False,16,12,0
16.16EDY,4761,False,False,True,16,16,0
16.4EDY,6235,False,False,True,16,4,0
16.18FQY,6122,True,True,True,16,18,0
16.11EQY,5215,False,True,True,16,11,0
16.15EQN,5782,False,True,False,16,15,0
16.20FQY,15873,True,True,True,16,20,0
16.47FDN,4535,True,False,False,16,47,0
16.26FQY,15419,True,True,True,16,26,0
16.36FQN,18707,True,True,False,16,36,0
16.32FDY,12585,True,False,True,16,32,0
16.41FDN,5668,True,False,False,16,41,0
16.8EQY,23922,False,True,True,16,8,0
16.1EQN,6122,False,True,False,16,1,0
6.20FQY,6462,True,True,True,6,20,11441
6.6EDN,5895,False,False,False,6,6,1815
6.47FDN,13492,True,False,False,6,47,9315
6.2EDY,5895,False,False,True,6,2,1020
6.18FQY,18367,True,True,True,6,18,2165
6.13EQN,16213,False,True,False,6,13,12234
6.9EQY,21201,False,True,True,6,9,1842
6.26FQY,5555,True,True,True,6,26,1325
6.32FDY,5555,True,False,True,6,32,6720
6.36FQN,5442,True,True,False,6,36,1542
6.41FDN,15759,True,False,False,6,41,1849
6.46FDN,16893,True,False,False,6,46,12421
6.3EDY,6575,False,False,True,6,3,995
6.7EQN,5442,False,True,False,6,7,14339
6.21FQY,5328,True,True,True,6,21,810
6.10EDY,17913,False,False,True,6,10,2100
6.19FQY,13945,True,True,True,6,19,1862
6.14EDN,13718,False,False,False,6,14,2949
6.40FDN,17913,True,False,False,6,40,1258
6.5EDY,6122,False,False,True,6,5,1442
6.37FDN,6462,True,False,False,6,37,1872
6.27FQY,6122,True,True,True,6,27,1440
6.17FQY,5895,True,True,True,6,17,9015
6.45FQN,28571,True,True,False,6,45,2901
6.4EDN,5668,False,False,False,6,4,660
6.22FQY,5895,True,True,True,6,22,2145
6.48FDN,5895,True,False,False,6,48,12944
6.29FQY,14965,True,True,True,6,29,720
6.24FQY,5102,True,True,True,6,24,1260
6.30FDY,5328,True,False,True,6,30,888
6.34FQN,7142,True,True,False,6,34,11011
6.43FDN,10884,True,False,False,6,43,7858
6.39FDN,10430,True,False,False,6,39,0
6.15EQY,14852,False,True,True,6,15,1545
6.11EQN,17800,False,True,False,6,11,815
6.12EQY,18934,False,True,True,6,12,15101
6.16EDN,19047,False,False,False,6,16,8048
6.33FDN,5668,True,False,False,6,33,7200
6.8EQN,14625,False,True,False,6,8,9719
6.1EQY,6122,False,True,True,6,1,1472
6.44FQN,14965,True,True,False,6,44,11541
6.23FQY,4761,True,True,True,6,23,450
6.25FDY,6462,True,False,True,6,25,3299
6.42FDN,15079,True,False,False,6,42,10081
6.35FDN,5102,True,False,False,6,35,1292
6.38FDN,15306,True,False,False,6,38,1438
6.28FQY,23015,True,True,True,6,28,1939
6.31FDY,5215,True,False,True,6,31,11429
17.31FQY,14172,True,True,True,17,31,0
17.28FDY,5328,True,False,True,17,28,0
17.38FQN,6802,True,True,False,17,38,0
17.4EQY,9183,False,True,True,17,4,0
17.35FQN,9863,True,True,False,17,35,0
17.42FQN,6802,True,True,False,17,42,0
17.25FQY,13718,True,True,True,17,25,0
17.10EQN,8276,False,True,False,17,10,0
17.14EQY,5328,False,True,True,17,14,0
17.23FDY,7596,True,False,True,17,23,0
17.44FDN,6916,True,False,False,17,44,450
17.33FQN,11564,True,True,False,17,33,0
17.39FQN,5555,True,True,False,17,39,0
17.1EDN,12018,False,False,False,17,1,0
17.43FQN,5895,True,True,False,17,43,0
17.30FQY,14512,True,True,True,17,30,0
17.34FDN,11678,True,False,False,17,34,0
17.8EDY,6916,False,False,True,17,8,0
17.24FDY,12698,True,False,True,17,24,0
17.29FDY,7256,True,False,True,17,29,0
17.13EDY,5215,False,False,True,17,13,0
17.17FDY,11111,True,False,True,17,17,0
17.48FQN,14058,True,True,False,17,48,0
17.22FDY,10204,True,False,True,17,22,0
17.45FDN,5442,True,False,False,17,45,0
17.16EQY,5215,False,True,True,17,16,0
17.12EDN,6349,False,False,False,17,12,0
17.2EQN,8730,False,True,False,17,2,0
17.27FDY,10657,True,False,True,17,27,0
17.6EQY,14625,False,True,True,17,6,0
17.37FQN,10090,True,True,False,17,37,0
17.40FQN,6575,True,True,False,17,40,0
17.21FDY,12244,True,False,True,17,21,0
17.46FQN,5895,True,True,False,17,46,0
17.9EDN,7483,False,False,False,17,9,0
17.19FDY,4421,True,False,True,17,19,0
17.41FQN,6122,True,True,False,17,41,0
17.7EDY,15986,False,False,True,17,7,0
17.32FQY,11337,True,True,True,17,32,0
17.36FDN,9410,True,False,False,17,36,0
17.3EQN,11111,False,True,False,17,3,0
17.26FDY,8390,True,False,True,17,26,0
17.47FQN,6009,True,True,False,17,47,0
17.20FDY,11451,True,False,True,17,20,0
17.5EQN,8503,False,True,False,17,5,0
17.15EDN,5782,False,False,False,17,15,0
17.11EDY,4648,False,False,True,17,11,0
17.18FDY,6689,True,False,True,17,18,0
1.3EQN,9523,False,True,False,1,3,3162
1.7EDY,6122,False,False,True,1,7,1530
1.47FQN,8843,True,True,False,1,47,0
1.20FDY,6122,True,False,True,1,20,900
1.15EDN,6689,False,False,False,1,15,0
1.11EDY,7256,False,False,True,1,11,480
1.18FDY,7142,True,False,True,1,18,720
1.5EQN,5782,False,True,False,1,5,0
1.41FQN,7029,True,True,False,1,41,988
1.36FDN,4988,True,False,False,1,36,1350
1.32FQY,5328,True,True,True,1,32,498
1.26FDY,5782,True,False,True,1,26,1440
1.6EQY,7142,False,True,True,1,6,0
1.21FDY,5215,True,False,True,1,21,0
1.2EQN,7256,False,True,False,1,2,828
1.46FQN,7029,True,True,False,1,46,450
1.19FDY,8049,True,False,True,1,19,1105
1.12EDN,7483,False,False,False,1,12,778
1.16EQY,5328,False,True,True,1,16,0
1.9EDN,6122,False,False,False,1,9,660
1.27FDY,6235,True,False,True,1,27,385
1.37FQN,4648,True,True,False,1,37,660
1.40FQN,8843,True,True,False,1,40,1052
1.13EDY,9410,False,False,True,1,13,360
1.17FDY,5215,True,False,True,1,17,0
1.8EDY,7596,False,False,True,1,8,1056
1.48FQN,5555,True,True,False,1,48,360
1.22FDY,5328,True,False,True,1,22,570
1.1EDN,6462,False,False,False,1,1,0
1.45FDN,7029,True,False,False,1,45,0
1.39FQN,6802,True,True,False,1,39,1920
1.43FQN,6575,True,True,False,1,43,480
1.34FDN,5215,True,False,False,1,34,270
1.30FQY,6462,True,True,True,1,30,360
1.24FDY,5328,True,False,True,1,24,0
1.29FDY,11111,True,False,True,1,29,289
1.4EQY,7256,False,True,True,1,4,2636
1.23FDY,4988,True,False,True,1,23,1928
1.44FDN,7823,True,False,False,1,44,2842
1.33FQN,5442,True,True,False,1,33,2652
1.31FQY,5668,True,True,True,1,31,658
1.28FDY,6235,True,False,True,1,28,0
1.38FQN,12698,True,True,False,1,38,0
1.35FQN,5555,True,True,False,1,35,245
1.42FQN,8730,True,True,False,1,42,2252
1.25FQY,6009,True,True,True,1,25,1260
1.10EQN,8843,False,True,False,1,10,1650
1.14EQY,8503,False,True,True,1,14,990
10.25FDY,12585,True,False,True,10,25,0
10.42FDN,7709,True,False,False,10,42,0
10.35FDN,10204,True,False,False,10,35,0
10.1EQY,7029,False,True,True,10,1,0
10.38FDN,7256,True,False,False,10,38,0
10.28FQY,5328,True,True,True,10,28,0
10.31FDY,12244,True,False,True,10,31,0
10.8EQN,10770,False,True,False,10,8,0
10.16EDN,6009,False,False,False,10,16,0
10.12EQY,6349,False,True,True,10,12,0
10.33FDN,11791,True,False,False,10,33,0
10.44FQN,7256,True,True,False,10,44,0
10.23FQY,13265,True,True,True,10,23,0
10.29FQY,6462,True,True,True,10,29,0
10.24FQY,11904,True,True,True,10,24,0
10.34FQN,13832,True,True,False,10,34,0
10.30FDY,16553,True,False,True,10,30,0
10.43FDN,5782,True,False,False,10,43,0
10.39FDN,6009,True,False,False,10,39,0
10.4EDN,6689,False,False,False,10,4,0
10.15EQY,6122,False,True,True,10,15,0
10.11EQN,8049,False,True,False,10,11,0
10.17FQY,13378,True,True,True,10,17,0
10.45FQN,6802,True,True,False,10,45,0
10.22FQY,14965,True,True,True,10,22,0
10.48FDN,14285,True,False,False,10,48,0
10.40FDN,6349,True,False,False,10,40,0
10.37FDN,12018,True,False,False,10,37,0
10.27FQY,11224,True,True,True,10,27,0
10.7EQN,6122,False,True,False,10,7,0
10.3EDY,7936,False,False,True,10,3,0
10.46FDN,6575,True,False,False,10,46,0
10.5EDY,6575,False,False,True,10,5,0
10.21FQY,12698,True,True,True,10,21,0
10.10EDY,6462,False,False,True,10,10,0
10.19FQY,6802,True,True,True,10,19,0
10.14EDN,6462,False,False,False,10,14,0
10.13EQN,7256,False,True,False,10,13,0
10.26FQY,11678,True,True,True,10,26,0
10.36FQN,10657,True,True,False,10,36,0
10.32FDY,11111,True,False,True,10,32,0
10.2EDY,7029,False,False,True,10,2,0
10.41FDN,6349,True,False,False,10,41,0
10.6EDN,5668,False,False,False,10,6,0
10.20FQY,10317,True,True,True,10,20,0
10.9EQY,12698,False,True,True,10,9,0
10.47FDN,5895,True,False,False,10,47,0
10.18FQY,6462,True,True,True,10,18,0
19.46FQN,14285,True,True,False,19,46,0
19.8EDN,6575,False,False,False,19,8,0
19.21FDY,6575,True,False,True,19,21,0
19.1EDY,27551,False,False,True,19,1,0
19.10EQY,41836,False,True,True,19,10,0
19.14EQN,19954,False,True,False,19,14,0
19.19FDY,19047,True,False,True,19,19,0
19.37FQN,6575,True,True,False,19,37,0
19.40FQN,24036,True,True,False,19,40,0
19.27FDY,8616,True,False,True,19,27,0
19.20FDY,6916,True,False,True,19,20,0
19.4EQN,28798,False,True,False,19,4,0
19.47FQN,17233,True,True,False,19,47,0
19.18FDY,12471,True,False,True,19,18,0
19.13EDN,15532,False,False,False,19,13,0
19.36FDN,6235,True,False,False,19,36,0
19.32FQY,6009,True,True,True,19,32,0
19.26FDY,7823,True,False,True,19,26,0
19.41FQN,16326,True,True,False,19,41,0
19.16EQN,20521,False,True,False,19,16,0
19.12EDY,12131,False,False,True,19,12,0
19.7EDN,18480,False,False,False,19,7,0
19.3EQY,17800,False,True,True,19,3,0
19.33FQN,7029,True,True,False,19,33,0
19.44FDN,16553,True,False,False,19,44,0
19.23FDY,6009,True,False,True,19,23,0
19.35FQN,5668,True,True,False,19,35,0
19.38FQN,19841,True,True,False,19,38,0
19.25FQY,7596,True,True,True,19,25,0
19.42FQN,23809,True,True,False,19,42,0
19.5EQY,37074,False,True,True,19,5,0
19.31FQY,7142,True,True,True,19,31,0
19.28FDY,15532,True,False,True,19,28,0
19.17FDY,5668,True,False,True,19,17,0
19.6EQN,13832,False,True,False,19,6,0
19.45FDN,16439,True,False,False,19,45,0
19.22FDY,7256,True,False,True,19,22,0
19.48FQN,8276,True,True,False,19,48,0
19.2EQY,21541,False,True,True,19,2,0
19.34FDN,6575,True,False,False,19,34,0
19.30FQY,6349,True,True,True,19,30,0
19.29FDY,26757,True,False,True,19,29,0
19.24FDY,5442,True,False,True,19,24,0
19.9EDY,8616,False,False,True,19,9,0
19.39FQN,19614,True,True,False,19,39,0
19.43FQN,19841,True,True,False,19,43,0
19.15EDY,15192,False,False,True,19,15,0
19.11EDN,9750,False,False,False,19,11,0
8.43FDN,6235,True,False,False,8,43,895
8.39FDN,5555,True,False,False,8,39,390
8.8EQY,340,False,True,True,8,8,527
8.24FQY,5442,True,True,True,8,24,684
8.29FQY,6462,True,True,True,8,29,642
8.34FQN,5782,True,True,False,8,34,0
8.3EDN,8730,False,False,False,8,3,5789
8.7EQY,7369,False,True,True,8,7,420
8.30FDY,5668,True,False,True,8,30,870
8.41FDN,4988,True,False,False,8,41,900
8.26FQY,4081,True,True,True,8,26,1040
8.20FQY,3287,True,True,True,8,20,0
8.13EQY,680,False,True,True,8,13,4209
8.38FDN,7936,True,False,False,8,38,1110
8.17FQY,8503,True,True,True,8,17,1447
8.9EQN,793,False,True,False,8,9,360
8.48FDN,2380,True,False,False,8,48,0
8.5EDN,5328,False,False,False,8,5,0
8.4EDY,1587,False,False,True,8,4,2288
8.22FQY,9637,True,True,True,8,22,270
8.45FQN,4988,True,True,False,8,45,0
8.44FQN,113,True,True,False,8,44,0
8.23FQY,1473,True,True,True,8,23,600
8.12EQN,2607,False,True,False,8,12,660
8.42FDN,566,True,False,False,8,42,720
8.28FQY,8390,True,True,True,8,28,810
8.31FDY,4988,True,False,True,8,31,0
8.2EDN,6802,False,False,False,8,2,510
8.25FDY,5895,True,False,True,8,25,1800
8.35FDN,6235,True,False,False,8,35,810
8.6EDY,4875,False,False,True,8,6,690
8.10EDN,5328,False,False,False,8,10,0
8.14EDY,6462,False,False,True,8,14,402
8.33FDN,5895,True,False,False,8,33,540
8.1EQN,6575,False,True,False,8,1,0
8.36FQN,4761,True,True,False,8,36,0
8.32FDY,10657,True,False,True,8,32,2333
8.47FDN,4875,True,False,False,8,47,0
8.15EQN,5895,False,True,False,8,15,1275
8.18FQY,4761,True,True,True,8,18,2669
8.11EQY,7369,False,True,True,8,11,0
8.46FDN,680,True,False,False,8,46,780
8.40FDN,4081,True,False,False,8,40,360
8.21FQY,1133,True,True,True,8,21,1152
8.27FQY,1814,True,True,True,8,27,660
8.16EDY,6802,False,False,True,8,16,960
8.37FDN,5328,True,False,False,8,37,360
8.19FQY,6349,True,True,True,8,19,1039
21.10EQN,12698,False,True,False,21,10,0
21.14EQY,11224,False,True,True,21,14,0
21.28FDY,9863,True,False,True,21,28,0
21.31FQY,9523,True,True,True,21,31,0
21.6EQY,10204,False,True,True,21,6,0
21.42FQN,11224,True,True,False,21,42,0
21.25FQY,6916,True,True,True,21,25,0
21.38FQN,13038,True,True,False,21,38,0
21.35FQN,5895,True,True,False,21,35,0
21.2EQN,8730,False,True,False,21,2,0
21.9EDN,9070,False,False,False,21,9,0
21.23FDY,5328,True,False,True,21,23,0
21.44FDN,10204,True,False,False,21,44,0
21.33FQN,7369,True,True,False,21,33,0
21.43FQN,23129,True,True,False,21,43,0
21.39FQN,13265,True,True,False,21,39,0
21.3EQN,9750,False,True,False,21,3,0
21.7EDY,12358,False,False,True,21,7,0
21.24FDY,5442,True,False,True,21,24,0
21.29FDY,12698,True,False,True,21,29,0
21.34FDN,7936,True,False,False,21,34,0
21.30FQY,7256,True,True,True,21,30,0
21.5EQN,13378,False,True,False,21,5,0
21.48FQN,7823,True,True,False,21,48,0
21.22FDY,4875,True,False,True,21,22,0
21.45FDN,13265,True,False,False,21,45,0
21.17FDY,4875,True,False,True,21,17,0
21.13EDY,8843,False,False,True,21,13,0
21.27FDY,7823,True,False,True,21,27,0
21.4EQY,9070,False,True,True,21,4,0
21.40FQN,12698,True,True,False,21,40,0
21.37FQN,7029,True,True,False,21,37,0
21.12EDN,10544,False,False,False,21,12,0
21.16EQY,10997,False,True,True,21,16,0
21.19FDY,14399,True,False,True,21,19,0
21.21FDY,5782,True,False,True,21,21,0
21.46FQN,11678,True,True,False,21,46,0
21.41FQN,9410,True,True,False,21,41,0
21.8EDY,6235,False,False,True,21,8,0
21.26FDY,8276,True,False,True,21,26,0
21.36FDN,6462,True,False,False,21,36,0
21.1EDN,12471,False,False,False,21,1,0
21.32FQY,6802,True,True,True,21,32,0
21.15EDN,9863,False,False,False,21,15,0
21.18FDY,11111,True,False,True,21,18,0
21.11EDY,8843,False,False,True,21,11,0
21.47FQN,8843,True,True,False,21,47,0
21.20FDY,5328,True,False,True,21,20,0
212.48FDN,8049,True,False,False,212,48,1500
212.3EDN,5328,False,False,False,212,3,1470
212.7EQY,7596,False,True,True,212,7,0
212.45FQN,6009,True,True,False,212,45,1590
212.22FQY,7596,True,True,True,212,22,0
212.17FQY,6916,True,True,True,212,17,1320
212.13EQY,5668,False,True,True,212,13,2338
212.43FDN,5215,True,False,False,212,43,1525
212.39FDN,5215,True,False,False,212,39,630
212.29FQY,5442,True,True,True,212,29,0
212.24FQY,9750,True,True,True,212,24,1689
212.30FDY,10657,True,False,True,212,30,1320
212.5EDN,4988,False,False,False,212,5,0
212.34FQN,12244,True,True,False,212,34,2465
212.2EDN,4761,False,False,False,212,2,1020
212.44FQN,5782,True,True,False,212,44,0
212.23FQY,5668,True,True,True,212,23,222
212.33FDN,8049,True,False,False,212,33,1470
212.6EDY,6235,False,False,True,212,6,1170
212.10EDN,6689,False,False,False,212,10,1620
212.14EDY,5215,False,False,True,212,14,385
212.28FQY,4648,True,True,True,212,28,0
212.31FDY,10884,True,False,True,212,31,1440
212.25FDY,8390,True,False,True,212,25,1125
212.42FDN,4988,True,False,False,212,42,0
212.35FDN,8956,True,False,False,212,35,0
212.38FDN,5215,True,False,False,212,38,1620
212.9EQN,7256,False,True,False,212,9,960
212.15EQN,6689,False,True,False,212,15,0
212.18FQY,5668,True,True,True,212,18,1800
212.11EQY,5555,False,True,True,212,11,0
212.1EQN,5782,False,True,False,212,1,982
212.47FDN,4648,True,False,False,212,47,630
212.8EQY,6689,False,True,True,212,8,2219
212.20FQY,8503,True,True,True,212,20,0
212.41FDN,4421,True,False,False,212,41,630
212.26FQY,10204,True,True,True,212,26,2579
212.32FDY,8956,True,False,True,212,32,1140
212.36FQN,7936,True,True,False,212,36,1532
212.19FQY,4875,True,True,True,212,19,1515
212.21FQY,13945,True,True,True,212,21,1679
212.4EDY,6009,False,False,True,212,4,1209
212.46FDN,5328,True,False,False,212,46,1170
212.27FQY,10657,True,True,True,212,27,288
212.40FDN,5102,True,False,False,212,40,1980
212.37FDN,6575,True,False,False,212,37,1110
212.16EDY,4988,False,False,True,212,16,1320
212.12EQN,4421,False,True,False,212,12,0
215.22FDY,8616,True,False,True,215,22,1680
215.45FDN,6349,True,False,False,215,45,1519
215.2EQY,7936,False,True,True,215,2,2671
215.48FQN,8956,True,True,False,215,48,2982
215.6EQN,9750,False,True,False,215,6,330
215.17FDY,7142,True,False,True,215,17,1629
215.15EDY,5215,False,False,True,215,15,660
215.11EDN,5782,False,False,False,215,11,2272
215.34FDN,7483,True,False,False,215,34,2565
215.30FQY,10997,True,True,True,215,30,2172
215.24FDY,10430,True,False,True,215,24,1980
215.29FDY,8730,True,False,True,215,29,900
215.39FQN,5328,True,True,False,215,39,1518
215.9EDY,6575,False,False,True,215,9,1925
215.43FQN,4988,True,True,False,215,43,750
215.33FQN,9750,True,True,False,215,33,2052
215.23FDY,9863,True,False,True,215,23,600
215.44FDN,5102,True,False,False,215,44,1350
215.3EQY,12471,False,True,True,215,3,0
215.7EDN,9637,False,False,False,215,7,1012
215.16EQN,5555,False,True,False,215,16,2225
215.12EDY,5328,False,False,True,215,12,3287
215.38FQN,5895,True,True,False,215,38,2624
215.35FQN,8276,True,True,False,215,35,660
215.42FQN,7029,True,True,False,215,42,849
215.25FQY,9863,True,True,True,215,25,690
215.31FQY,8163,True,True,True,215,31,0
215.5EQY,9863,False,True,True,215,5,1380
215.28FDY,6916,True,False,True,215,28,1306
215.18FDY,6122,True,False,True,215,18,1500
215.20FDY,8616,True,False,True,215,20,540
215.47FQN,4875,True,True,False,215,47,2010
215.4EQN,9070,False,True,False,215,4,1058
215.36FDN,7369,True,False,False,215,36,338
215.32FQY,8390,True,True,True,215,32,0
215.26FDY,12018,True,False,True,215,26,2917
215.41FQN,4988,True,True,False,215,41,0
215.13EDN,4308,False,False,False,215,13,810
215.10EQY,6802,False,True,True,215,10,3681
215.14EQN,4875,False,True,False,215,14,0
215.19FDY,4308,True,False,True,215,19,0
215.46FQN,4988,True,True,False,215,46,1568
215.1EDY,10884,False,False,True,215,1,699
215.21FDY,8276,True,False,True,215,21,1920
215.8EDN,5215,False,False,False,215,8,1320
215.37FQN,10204,True,True,False,215,37,2032
215.40FQN,5668,True,True,False,215,40,1708
215.27FDY,11337,True,False,True,215,27,2409
214.43FDN,6349,True,False,False,214,43,469
214.39FDN,6349,True,False,False,214,39,319
214.24FQY,8843,True,True,True,214,24,1440
214.29FQY,6689,True,True,True,214,29,389
214.30FDY,13265,True,False,True,214,30,2306
214.34FQN,13265,True,True,False,214,34,1902
214.11EQN,9070,False,True,False,214,11,460
214.15EQY,6575,False,True,True,214,15,450
214.4EDN,5895,False,False,False,214,4,510
214.17FQY,11337,True,True,True,214,17,1110
214.48FDN,9977,True,False,False,214,48,473
214.22FQY,5895,True,True,True,214,22,252
214.45FQN,7256,True,True,False,214,45,780
214.28FQY,6575,True,True,True,214,28,1235
214.31FDY,15986,True,False,True,214,31,1362
214.42FDN,8049,True,False,False,214,42,0
214.25FDY,12811,True,False,True,214,25,0
214.38FDN,5555,True,False,False,214,38,1590
214.35FDN,7029,True,False,False,214,35,450
214.8EQN,7256,False,True,False,214,8,330
214.12EQY,7483,False,True,True,214,12,522
214.16EDN,6689,False,False,False,214,16,209
214.1EQY,6462,False,True,True,214,1,192
214.23FQY,8163,True,True,True,214,23,780
214.44FQN,6235,True,True,False,214,44,1735
214.33FDN,6689,True,False,False,214,33,1620
214.13EQN,6009,False,True,False,214,13,0
214.9EQY,8390,False,True,True,214,9,0
214.41FDN,5782,True,False,False,214,41,0
214.26FQY,9183,True,True,True,214,26,1440
214.32FDY,7823,True,False,True,214,32,900
214.36FQN,8503,True,True,False,214,36,0
214.47FDN,6689,True,False,False,214,47,3898
214.20FQY,7256,True,True,True,214,20,1530
214.6EDN,7596,False,False,False,214,6,630
214.2EDY,5555,False,False,True,214,2,510
214.18FQY,7823,True,True,True,214,18,743
214.5EDY,8276,False,False,True,214,5,386
214.27FQY,8049,True,True,True,214,27,1082
214.40FDN,6009,True,False,False,214,40,249
214.37FDN,8730,True,False,False,214,37,870
214.21FQY,14285,True,True,True,214,21,1723
214.46FDN,6916,True,False,False,214,46,0
214.3EDY,6349,False,False,True,214,3,0
214.19FQY,5555,True,True,True,214,19,0
214.7EQN,8390,False,True,False,214,7,2390
214.14EDN,5102,False,False,False,214,14,600
214.10EDY,9070,False,False,True,214,10,0
209.41FQN,6916,True,True,False,209,41,215
209.36FDN,4648,True,False,False,209,36,690
209.32FQY,5102,True,True,True,209,32,2492
209.26FDY,4988,True,False,True,209,26,548
209.47FQN,7823,True,True,False,209,47,1905
209.20FDY,5328,True,False,True,209,20,918
209.4EQY,7369,False,True,True,209,4,665
209.15EDN,5442,False,False,False,209,15,600
209.11EDY,7823,False,False,True,209,11,1320
209.18FDY,8390,True,False,True,209,18,1762
209.12EDN,6009,False,False,False,209,12,0
209.16EQY,6009,False,True,True,209,16,840
209.27FDY,4761,True,False,True,209,27,381
209.37FQN,4875,True,True,False,209,37,1065
209.40FQN,8276,True,True,False,209,40,3084
209.21FDY,5215,True,False,True,209,21,1465
209.1EDN,7369,False,False,False,209,1,0
209.46FQN,9637,True,True,False,209,46,582
209.8EDY,6462,False,False,True,209,8,0
209.19FDY,5668,True,False,True,209,19,1020
209.39FQN,6235,True,True,False,209,39,1050
209.43FQN,6349,True,True,False,209,43,570
209.9EDN,6009,False,False,False,209,9,0
209.34FDN,5328,True,False,False,209,34,840
209.30FQY,5442,True,True,True,209,30,960
209.24FDY,5328,True,False,True,209,24,0
209.29FDY,7936,True,False,True,209,29,1612
209.13EDY,6689,False,False,True,209,13,715
209.17FDY,6235,True,False,True,209,17,1825
209.48FQN,5895,True,True,False,209,48,0
209.2EQN,7936,False,True,False,209,2,0
209.22FDY,5102,True,False,True,209,22,302
209.45FDN,6349,True,False,False,209,45,660
209.6EQY,8163,False,True,True,209,6,2458
209.31FQY,5102,True,True,True,209,31,1530
209.28FDY,7596,True,False,True,209,28,1782
209.38FQN,7029,True,True,False,209,38,992
209.5EQN,6462,False,True,False,209,5,0
209.35FQN,5102,True,True,False,209,35,932
209.42FQN,8163,True,True,False,209,42,1472
209.25FQY,5215,True,True,True,209,25,660
209.10EQN,7823,False,True,False,209,10,1362
209.14EQY,8503,False,True,True,209,14,498
209.23FDY,5328,True,False,True,209,23,1230
209.44FDN,7709,True,False,False,209,44,2722
209.3EQN,8276,False,True,False,209,3,2280
209.7EDY,8390,False,False,True,209,7,2190
209.33FQN,4535,True,True,False,209,33,330
207.17FDY,11904,True,False,True,207,17,3299
207.45FDN,6689,True,False,False,207,45,3269
207.22FDY,10317,True,False,True,207,22,2428
207.48FQN,11904,True,True,False,207,48,0
207.30FQY,15079,True,True,True,207,30,2666
207.34FDN,9977,True,False,False,207,34,1350
207.8EDN,6122,False,False,False,207,8,1922
207.29FDY,6235,True,False,True,207,29,2725
207.24FDY,12244,True,False,True,207,24,2804
207.39FQN,5328,True,True,False,207,39,258
207.1EDY,10204,False,False,True,207,1,2542
207.43FQN,5215,True,True,False,207,43,775
207.15EDY,6349,False,False,True,207,15,1440
207.11EDN,6462,False,False,False,207,11,1332
207.12EDY,5668,False,False,True,207,12,2999
207.16EQN,5442,False,True,False,207,16,1632
207.33FQN,11224,True,True,False,207,33,1195
207.44FDN,6462,True,False,False,207,44,2802
207.23FDY,8730,True,False,True,207,23,1179
207.35FQN,9863,True,True,False,207,35,5558
207.38FQN,6689,True,True,False,207,38,4078
207.25FQY,10770,True,True,True,207,25,632
207.4EQN,11111,False,True,False,207,4,6962
207.42FQN,6916,True,True,False,207,42,2506
207.31FQY,11451,True,True,True,207,31,1170
207.28FDY,6349,True,False,True,207,28,1189
207.5EQY,8503,False,True,True,207,5,0
207.20FDY,23922,True,False,True,207,20,1350
207.47FQN,5668,True,True,False,207,47,2908
207.18FDY,6235,True,False,True,207,18,3055
207.13EDN,5668,False,False,False,207,13,2518
207.32FQY,9750,True,True,True,207,32,2239
207.36FDN,8503,True,False,False,207,36,2478
207.26FDY,14058,True,False,True,207,26,420
207.3EQY,10770,False,True,True,207,3,1350
207.7EDN,13151,False,False,False,207,7,0
207.41FQN,6349,True,True,False,207,41,4338
207.9EDY,5782,False,False,True,207,9,3681
207.46FQN,6122,True,True,False,207,46,2972
207.21FDY,11564,True,False,True,207,21,1089
207.10EQY,6122,False,True,True,207,10,2342
207.14EQN,5895,False,True,False,207,14,2955
207.19FDY,5102,True,False,True,207,19,0
207.37FQN,12131,True,True,False,207,37,3259
207.40FQN,6575,True,True,False,207,40,1235
207.6EQN,10544,False,True,False,207,6,342
207.27FDY,10430,True,False,True,207,27,5138
207.2EQY,9750,False,True,True,207,2,2262
206.11EQN,4875,False,True,False,206,11,0
206.3EDY,5668,False,False,True,206,3,0
206.15EQY,5215,False,True,True,206,15,0
206.7EQN,4988,False,True,False,206,7,0
206.43FDN,3968,True,False,False,206,43,0
206.39FDN,4761,True,False,False,206,39,0
206.29FQY,6575,True,True,True,206,29,420
206.24FQY,6916,True,True,True,206,24,0
206.34FQN,10090,True,True,False,206,34,1650
206.30FDY,7709,True,False,True,206,30,600
206.48FDN,8503,True,False,False,206,48,1110
206.45FQN,4988,True,True,False,206,45,0
206.22FQY,8049,True,True,True,206,22,0
206.17FQY,8276,True,True,True,206,17,228
206.5EDY,4988,False,False,True,206,5,720
206.2EDY,4761,False,False,True,206,2,0
206.6EDN,4648,False,False,False,206,6,1110
206.28FQY,4988,True,True,True,206,28,720
206.31FDY,9863,True,False,True,206,31,0
206.25FDY,7596,True,False,True,206,25,0
206.42FDN,5442,True,False,False,206,42,660
206.35FDN,7596,True,False,False,206,35,1110
206.38FDN,5328,True,False,False,206,38,0
206.44FQN,4761,True,True,False,206,44,990
206.23FQY,6122,True,True,True,206,23,0
206.33FDN,6462,True,False,False,206,33,0
206.16EDN,4648,False,False,False,206,16,0
206.12EQY,4875,False,True,True,206,12,0
206.9EQY,9977,False,True,True,206,9,0
206.41FDN,4761,True,False,False,206,41,0
206.26FQY,7709,True,True,True,206,26,0
206.36FQN,6009,True,True,False,206,36,0
206.32FDY,7936,True,False,True,206,32,0
206.13EQN,4875,False,True,False,206,13,960
206.1EQY,5328,False,True,True,206,1,720
206.8EQN,7596,False,True,False,206,8,780
206.18FQY,5215,True,True,True,206,18,0
206.47FDN,4535,True,False,False,206,47,0
206.20FQY,8730,True,True,True,206,20,2070
206.27FQY,7142,True,True,True,206,27,0
206.40FDN,4988,True,False,False,206,40,0
206.37FDN,8390,True,False,False,206,37,0
206.4EDN,4988,False,False,False,206,4,480
206.19FQY,5668,True,True,True,206,19,1258
206.14EDN,4081,False,False,False,206,14,690
206.10EDY,5442,False,False,True,206,10,1512
206.21FQY,9070,True,True,True,206,21,2482
206.46FDN,4988,True,False,False,206,46,0
201.2EQN,8503,False,True,False,201,2,690
201.6EQY,8503,False,True,True,201,6,0
201.30FQY,7483,True,True,True,201,30,750
201.34FDN,8730,True,False,False,201,34,1560
201.24FDY,8730,True,False,True,201,24,0
201.29FDY,4535,True,False,True,201,29,1320
201.39FQN,4081,True,True,False,201,39,0
201.43FQN,4421,True,True,False,201,43,0
201.22FDY,7256,True,False,True,201,22,0
201.45FDN,4988,True,False,False,201,45,1080
201.48FQN,9297,True,True,False,201,48,0
201.13EDY,4648,False,False,True,201,13,0
201.17FDY,7483,True,False,True,201,17,2639
201.9EDN,4648,False,False,False,201,9,480
201.14EQY,4195,False,True,True,201,14,0
201.3EQN,7029,False,True,False,201,3,0
201.7EDY,9637,False,False,True,201,7,660
201.10EQN,5782,False,True,False,201,10,0
201.38FQN,4761,True,True,False,201,38,0
201.35FQN,7823,True,True,False,201,35,1980
201.42FQN,5442,True,True,False,201,42,960
201.25FQY,7709,True,True,True,201,25,0
201.31FQY,6916,True,True,True,201,31,570
201.28FDY,4648,True,False,True,201,28,480
201.33FQN,7483,True,True,False,201,33,750
201.23FDY,5782,True,False,True,201,23,0
201.44FDN,4308,True,False,False,201,44,3059
201.5EQN,8730,False,True,False,201,5,1350
201.32FQY,7256,True,True,True,201,32,0
201.36FDN,6349,True,False,False,201,36,0
201.26FDY,9523,True,False,True,201,26,0
201.41FQN,4535,True,True,False,201,41,3719
201.4EQY,7029,False,True,True,201,4,900
201.11EDY,4648,False,False,True,201,11,1020
201.18FDY,5782,True,False,True,201,18,720
201.15EDN,4648,False,False,False,201,15,1530
201.20FDY,8843,True,False,True,201,20,570
201.47FQN,4421,True,True,False,201,47,510
201.37FQN,8843,True,True,False,201,37,390
201.40FQN,5442,True,True,False,201,40,1410
201.27FDY,7029,True,False,True,201,27,480
201.1EDN,9183,False,False,False,201,1,1195
201.16EQY,4535,False,True,True,201,16,570
201.12EDN,4421,False,False,False,201,12,0
201.8EDY,4875,False,False,True,201,8,285
201.19FDY,4988,True,False,True,201,19,0
201.46FQN,5895,True,True,False,201,46,0
201.21FDY,10090,True,False,True,201,21,0
208.6EDY,5895,False,False,True,208,6,765
208.18FQY,9410,True,True,True,208,18,1605
208.11EQY,6802,False,True,True,208,11,0
208.2EDN,5328,False,False,False,208,2,1068
208.15EQN,6802,False,True,False,208,15,1230
208.20FQY,5668,True,True,True,208,20,1228
208.47FDN,6689,True,False,False,208,47,1255
208.26FQY,5668,True,True,True,208,26,1858
208.32FDY,5215,True,False,True,208,32,415
208.36FQN,5102,True,True,False,208,36,1290
208.41FDN,6689,True,False,False,208,41,1008
208.9EQN,6122,False,True,False,208,9,1140
208.3EDN,5895,False,False,False,208,3,1455
208.7EQY,6689,False,True,True,208,7,659
208.19FQY,7709,True,True,True,208,19,1260
208.46FDN,7142,True,False,False,208,46,0
208.21FQY,5668,True,True,True,208,21,0
208.40FDN,7483,True,False,False,208,40,485
208.37FDN,5555,True,False,False,208,37,0
208.27FQY,5442,True,True,True,208,27,1602
208.16EDY,7142,False,False,True,208,16,1110
208.12EQN,6916,False,True,False,208,12,325
208.5EDN,5215,False,False,False,208,5,205
208.22FQY,6235,True,True,True,208,22,1645
208.45FQN,7142,True,True,False,208,45,429
208.48FDN,6916,True,False,False,208,48,2356
208.4EDY,6462,False,False,True,208,4,1962
208.17FQY,5442,True,True,True,208,17,222
208.13EQY,6916,False,True,True,208,13,1620
208.24FQY,5555,True,True,True,208,24,0
208.29FQY,6916,True,True,True,208,29,415
208.30FDY,6349,True,False,True,208,30,1230
208.34FQN,6009,True,True,False,208,34,459
208.43FDN,6462,True,False,False,208,43,0
208.39FDN,6916,True,False,False,208,39,1878
208.33FDN,4988,True,False,False,208,33,1478
208.23FQY,5215,True,True,True,208,23,1165
208.44FQN,7483,True,True,False,208,44,1265
208.8EQY,6802,False,True,True,208,8,502
208.1EQN,5442,False,True,False,208,1,1422
208.14EDY,7936,False,False,True,208,14,2688
208.10EDN,7596,False,False,False,208,10,279
208.42FDN,6689,True,False,False,208,42,1595
208.25FDY,6009,True,False,True,208,25,1050
208.38FDN,7256,True,False,False,208,38,2238
208.35FDN,5555,True,False,False,208,35,1565
208.28FQY,6916,True,True,True,208,28,0
208.31FDY,6122,True,False,True,208,31,1442
4.31FDY,5102,True,False,True,4,31,722
4.28FQY,7142,True,True,True,4,28,1128
4.38FDN,7823,True,False,False,4,38,1165
4.35FDN,4988,True,False,False,4,35,7868
4.42FDN,10884,True,False,False,4,42,7599
4.25FDY,4988,True,False,True,4,25,600
4.5EDN,5215,False,False,False,4,5,4824
4.10EDN,9410,False,False,False,4,10,720
4.14EDY,10884,False,False,True,4,14,810
4.7EQY,5555,False,True,True,4,7,480
4.3EDN,6009,False,False,False,4,3,660
4.23FQY,4648,True,True,True,4,23,660
4.44FQN,11224,True,True,False,4,44,1110
4.33FDN,6462,True,False,False,4,33,1332
4.39FDN,13492,True,False,False,4,39,1080
4.43FDN,9183,True,False,False,4,43,1020
4.30FDY,4988,True,False,True,4,30,690
4.34FQN,5442,True,True,False,4,34,1080
4.24FQY,5895,True,True,True,4,24,540
4.29FQY,14172,True,True,True,4,29,1252
4.9EQN,25283,False,True,False,4,9,900
4.6EDY,5555,False,False,True,4,6,0
4.13EQY,7369,False,True,True,4,13,750
4.2EDN,4421,False,False,False,4,2,10780
4.17FQY,4988,True,True,True,4,17,930
4.48FDN,4535,True,False,False,4,48,10079
4.22FQY,5328,True,True,True,4,22,690
4.45FQN,12698,True,True,False,4,45,720
4.16EDY,8163,False,False,True,4,16,4484
4.12EQN,10997,False,True,False,4,12,2010
4.27FQY,5782,True,True,True,4,27,420
4.37FDN,5102,True,False,False,4,37,690
4.40FDN,14172,True,False,False,4,40,2909
4.21FQY,4988,True,True,True,4,21,5347
4.46FDN,9863,True,False,False,4,46,660
4.8EQY,14739,False,True,True,4,8,1159
4.19FQY,8503,True,True,True,4,19,5090
4.1EQN,5442,False,True,False,4,1,780
4.41FDN,10204,True,False,False,4,41,840
4.32FDY,4421,True,False,True,4,32,1751
4.36FQN,5328,True,True,False,4,36,600
4.26FQY,5328,True,True,True,4,26,630
4.47FDN,8049,True,False,False,4,47,1590
4.20FQY,6689,True,True,True,4,20,630
4.15EQN,8616,False,True,False,4,15,772
4.4EDY,5442,False,False,True,4,4,942
4.11EQY,13265,False,True,True,4,11,0
4.18FQY,11791,True,True,True,4,18,6570
15.20FDY,10657,True,False,True,15,20,0
15.47FQN,4195,True,True,False,15,47,0
15.18FDY,4195,True,False,True,15,18,510
15.1EDY,12811,False,False,True,15,1,0
15.13EDN,4308,False,False,False,15,13,0
15.8EDN,4081,False,False,False,15,8,780
15.26FDY,9297,True,False,True,15,26,0
15.32FQY,8843,True,True,True,15,32,0
15.36FDN,12471,True,False,False,15,36,0
15.41FQN,4195,True,True,False,15,41,0
15.46FQN,4535,True,True,False,15,46,0
15.21FDY,11678,True,False,True,15,21,1278
15.10EQY,5555,False,True,True,15,10,1260
15.19FDY,4195,True,False,True,15,19,870
15.14EQN,4081,False,True,False,15,14,0
15.4EQN,13945,False,True,False,15,4,720
15.40FQN,4648,True,True,False,15,40,0
15.37FQN,17913,True,True,False,15,37,0
15.27FDY,10430,True,False,True,15,27,0
15.17FDY,10204,True,False,True,15,17,210
15.5EQY,11451,False,True,True,15,5,0
15.45FDN,4648,True,False,False,15,45,1020
15.22FDY,9410,True,False,True,15,22,0
15.48FQN,15646,True,True,False,15,48,1170
15.29FDY,4195,True,False,True,15,29,1200
15.24FDY,11791,True,False,True,15,24,0
15.30FQY,12358,True,True,True,15,30,0
15.34FDN,14512,True,False,False,15,34,0
15.43FQN,4308,True,True,False,15,43,630
15.39FQN,4648,True,True,False,15,39,0
15.15EDY,4308,False,False,True,15,15,0
15.11EDN,4081,False,False,False,15,11,0
15.3EQY,12471,False,True,True,15,3,0
15.7EDN,19841,False,False,False,15,7,0
15.12EDY,4875,False,False,True,15,12,0
15.16EQN,5668,False,True,False,15,16,0
15.9EDY,4875,False,False,True,15,9,0
15.33FQN,12358,True,True,False,15,33,1350
15.44FDN,4195,True,False,False,15,44,0
15.23FDY,10657,True,False,True,15,23,360
15.25FQY,14058,True,True,True,15,25,0
15.42FQN,4875,True,True,False,15,42,0
15.35FQN,10204,True,True,False,15,35,0
15.38FQN,4195,True,True,False,15,38,0
15.28FDY,4421,True,False,True,15,28,0
15.31FQY,14399,True,True,True,15,31,1950
15.2EQY,10090,False,True,True,15,2,660
15.6EQN,13265,False,True,False,15,6,300
3.25FQY,7369,True,True,True,3,25,10968
3.42FQN,12925,True,True,False,3,42,6780
3.35FQN,4988,True,True,False,3,35,1950
3.38FQN,12018,True,True,False,3,38,6540
3.28FDY,11111,True,False,True,3,28,0
3.31FQY,5782,True,True,True,3,31,652
3.9EDY,6235,False,False,True,3,9,660
3.6EQN,7936,False,True,False,3,6,1935
3.2EQY,14512,False,True,True,3,2,9629
3.16EQN,8956,False,True,False,3,16,0
3.12EDY,10997,False,False,True,3,12,6660
3.33FQN,5215,True,True,False,3,33,930
3.44FDN,10997,True,False,False,3,44,6390
3.23FDY,4535,True,False,True,3,23,6780
3.29FDY,10430,True,False,True,3,29,930
3.24FDY,5328,True,False,True,3,24,6060
3.34FDN,5895,True,False,False,3,34,6120
3.30FQY,5668,True,True,True,3,30,720
3.43FQN,6916,True,True,False,3,43,2789
3.39FQN,8049,True,True,False,3,39,4319
3.15EDY,11791,False,False,True,3,15,1200
3.5EQY,9410,False,True,True,3,5,4769
3.11EDN,7483,False,False,False,3,11,3419
3.7EDN,9297,False,False,False,3,7,4919
3.17FDY,5555,True,False,True,3,17,6240
3.3EQY,10430,False,True,True,3,3,1140
3.45FDN,16666,True,False,False,3,45,3779
3.22FDY,5668,True,False,True,3,22,1170
3.48FQN,5782,True,True,False,3,48,810
3.40FQN,12585,True,True,False,3,40,7950
3.37FQN,4988,True,True,False,3,37,1140
3.27FDY,5895,True,False,True,3,27,6570
3.46FQN,15646,True,True,False,3,46,1080
3.21FDY,4988,True,False,True,3,21,600
3.4EQN,13832,False,True,False,3,4,780
3.10EQY,12698,False,True,True,3,10,900
3.19FDY,7596,True,False,True,3,19,3269
3.14EQN,9863,False,True,False,3,14,1290
3.13EDN,10544,False,False,False,3,13,1650
3.26FDY,6122,True,False,True,3,26,6450
3.36FDN,4988,True,False,False,3,36,6750
3.32FQY,4761,True,True,True,3,32,1500
3.41FQN,9070,True,True,False,3,41,5370
3.20FDY,6462,True,False,True,3,20,2489
3.47FQN,10544,True,True,False,3,47,6612
3.18FDY,10430,True,False,True,3,18,5610
3.8EDN,5782,False,False,False,3,8,5219
3.1EDY,10544,False,False,True,3,1,480
12.47FDN,5328,True,False,False,12,47,1230
12.20FQY,10884,True,True,True,12,20,0
12.15EQN,4535,False,True,False,12,15,750
12.11EQY,4421,False,True,True,12,11,600
12.18FQY,5215,True,True,True,12,18,0
12.4EDY,4535,False,False,True,12,4,7055
12.41FDN,4308,True,False,False,12,41,378
12.36FQN,10884,True,True,False,12,36,210
12.32FDY,13151,True,False,True,12,32,0
12.26FQY,14399,True,True,True,12,26,1522
12.21FQY,10090,True,True,True,12,21,1620
12.46FDN,4761,True,False,False,12,46,1320
12.19FQY,3968,True,True,True,12,19,0
12.1EQN,5442,False,True,False,12,1,1692
12.12EQN,5328,False,True,False,12,12,1368
12.8EQY,16666,False,True,True,12,8,279
12.16EDY,4195,False,False,True,12,16,1500
12.27FQY,10657,True,True,True,12,27,1805
12.37FDN,9297,True,False,False,12,37,675
12.40FDN,4535,True,False,False,12,40,275
12.9EQN,11337,False,True,False,12,9,1290
12.13EQY,4761,False,True,True,12,13,471
12.17FQY,10317,True,True,True,12,17,0
12.48FDN,11337,True,False,False,12,48,0
12.22FQY,18140,True,True,True,12,22,0
12.45FQN,4648,True,True,False,12,45,2280
12.39FDN,4648,True,False,False,12,39,1470
12.43FDN,4195,True,False,False,12,43,0
12.34FQN,17346,True,True,False,12,34,0
12.30FDY,11564,True,False,True,12,30,2399
12.24FQY,10997,True,True,True,12,24,1170
12.29FQY,5215,True,True,True,12,29,5940
12.2EDN,5328,False,False,False,12,2,1398
12.6EDY,4648,False,False,True,12,6,2939
12.5EDN,4081,False,False,False,12,5,0
12.23FQY,9863,True,True,True,12,23,1410
12.44FQN,6009,True,True,False,12,44,660
12.33FDN,12811,True,False,False,12,33,938
12.31FDY,12585,True,False,True,12,31,0
12.28FQY,5215,True,True,True,12,28,0
12.38FDN,4308,True,False,False,12,38,1320
12.35FDN,10204,True,False,False,12,35,1200
12.42FDN,5895,True,False,False,12,42,0
12.25FDY,10997,True,False,True,12,25,2579
12.10EDN,5215,False,False,False,12,10,0
12.14EDY,3968,False,False,True,12,14,0
12.3EDN,4988,False,False,False,12,3,0
12.7EQY,5555,False,True,True,12,7,2040
2.44FQN,9750,True,True,False,2,44,6609
2.23FQY,4421,True,True,True,2,23,2441
2.4EDN,5668,False,False,False,2,4,2638
2.33FDN,4308,True,False,False,2,33,3587
2.12EQY,8843,False,True,True,2,12,1535
2.16EDN,7709,False,False,False,2,16,2008
2.31FDY,4308,True,False,True,2,31,2778
2.28FQY,7256,True,True,True,2,28,870
2.35FDN,3968,True,False,False,2,35,1620
2.38FDN,9977,True,False,False,2,38,1551
2.25FDY,4421,True,False,True,2,25,1260
2.42FDN,9410,True,False,False,2,42,2642
2.48FDN,4081,True,False,False,2,48,1110
2.1EQY,4535,False,True,True,2,1,1170
2.45FQN,8163,True,True,False,2,45,1260
2.22FQY,4535,True,True,True,2,22,6155
2.8EQN,9070,False,True,False,2,8,0
2.17FQY,4535,True,True,True,2,17,4949
2.11EQN,6009,False,True,False,2,11,1625
2.15EQY,10090,False,True,True,2,15,1020
2.39FDN,7369,True,False,False,2,39,3809
2.43FDN,5895,True,False,False,2,43,461
2.30FDY,4195,True,False,True,2,30,1080
2.34FQN,4648,True,True,False,2,34,2488
2.29FQY,10544,True,True,True,2,29,6270
2.24FQY,3854,True,True,True,2,24,5279
2.14EDN,7936,False,False,False,2,14,1350
2.19FQY,7596,True,True,True,2,19,2697
2.10EDY,8843,False,False,True,2,10,545
2.21FQY,4421,True,True,True,2,21,4589
2.2EDY,4421,False,False,True,2,2,0
2.46FDN,9637,True,False,False,2,46,2915
2.6EDN,4648,False,False,False,2,6,1918
2.27FQY,5442,True,True,True,2,27,2892
2.9EQY,10317,False,True,True,2,9,525
2.37FDN,3854,True,False,False,2,37,1110
2.40FDN,7369,True,False,False,2,40,2999
2.18FQY,10657,True,True,True,2,18,3091
2.47FDN,8049,True,False,False,2,47,0
2.20FQY,5668,True,True,True,2,20,388
2.7EQN,4308,False,True,False,2,7,1140
2.3EDY,4988,False,False,True,2,3,2100
2.41FDN,9523,True,False,False,2,41,4317
2.5EDY,3968,False,False,True,2,5,990
2.32FDY,3968,True,False,True,2,32,5279
2.36FQN,4308,True,True,False,2,36,528
2.26FQY,3741,True,True,True,2,26,4919
2.13EQN,7596,False,True,False,2,13,4439
13.6EQY,16553,False,True,True,13,6,0
13.26FDY,16439,True,False,True,13,26,0
13.32FQY,13945,True,True,True,13,32,0
13.36FDN,18480,True,False,False,13,36,0
13.41FQN,6916,True,True,False,13,41,0
13.2EQN,9863,False,True,False,13,2,0
13.18FDY,6122,True,False,True,13,18,0
13.11EDY,7256,False,False,True,13,11,0
13.15EDN,6235,False,False,False,13,15,0
13.9EDN,6122,False,False,False,13,9,0
13.20FDY,15873,True,False,True,13,20,0
13.47FQN,5442,True,True,False,13,47,0
13.3EQN,12358,False,True,False,13,3,0
13.40FQN,8049,True,True,False,13,40,0
13.7EDY,17573,False,False,True,13,7,0
13.37FQN,18253,True,True,False,13,37,0
13.27FDY,13038,True,False,True,13,27,0
13.16EQY,6009,False,True,True,13,16,0
13.12EDN,4535,False,False,False,13,12,0
13.19FDY,4875,True,False,True,13,19,0
13.46FQN,8503,True,True,False,13,46,0
13.5EQN,11791,False,True,False,13,5,0
13.21FDY,12244,True,False,True,13,21,0
13.24FDY,11564,True,False,True,13,24,0
13.29FDY,5895,True,False,True,13,29,0
13.4EQY,12698,False,True,True,13,4,0
13.30FQY,18140,True,True,True,13,30,0
13.34FDN,17573,True,False,False,13,34,0
13.43FQN,5668,True,True,False,13,43,0
13.39FQN,6349,True,True,False,13,39,0
13.22FDY,16553,True,False,True,13,22,0
13.45FDN,8730,True,False,False,13,45,0
13.48FQN,20634,True,True,False,13,48,0
13.17FDY,16893,True,False,True,13,17,0
13.13EDY,6122,False,False,True,13,13,0
13.14EQY,6235,False,True,True,13,14,0
13.10EQN,7823,False,True,False,13,10,0
13.42FQN,6122,True,True,False,13,42,0
13.8EDY,6235,False,False,True,13,8,0
13.25FQY,18367,True,True,True,13,25,0
13.38FQN,5782,True,True,False,13,38,0
13.35FQN,13605,True,True,False,13,35,0
13.28FDY,5442,True,False,True,13,28,0
13.1EDN,19161,False,False,False,13,1,0
13.31FQY,17800,True,True,True,13,31,0
13.33FQN,9863,True,True,False,13,33,0
13.23FDY,11337,True,False,True,13,23,0
13.44FDN,5668,True,False,False,13,44,0
5.33FQN,6689,True,True,False,5,33,4348
5.8EDY,7709,False,False,True,5,8,3479
5.23FDY,6802,True,False,True,5,23,8632
5.44FDN,13492,True,False,False,5,44,5555
5.14EQY,15986,False,True,True,5,14,3951
5.42FQN,23922,True,True,False,5,42,4313
5.38FQN,15192,True,True,False,5,38,9552
5.35FQN,6802,True,True,False,5,35,8482
5.31FQY,7142,True,True,True,5,31,9212
5.22FDY,5895,True,False,True,5,22,6254
5.4EQY,16326,False,True,True,5,4,12712
5.17FDY,7369,True,False,True,5,17,6828
5.13EDY,14285,False,False,True,5,13,10109
5.29FDY,10770,True,False,True,5,29,6875
5.46FQN,13605,True,True,False,5,46,7955
5.3EQN,13265,False,True,False,5,3,5065
5.40FQN,14852,True,True,False,5,40,7656
5.27FDY,6575,True,False,True,5,27,5134
5.12EDN,16439,False,False,False,5,12,6712
5.2EQN,13605,False,True,False,5,2,9429
5.20FDY,7936,True,False,True,5,20,3616
5.26FDY,7369,True,False,True,5,26,8359
5.32FQY,6689,True,True,True,5,32,5878
5.41FQN,10657,True,True,False,5,41,7516
5.9EDN,5442,False,False,False,5,9,2862
14.41FDN,6462,True,False,False,14,41,0
14.3EDY,6235,False,False,True,14,3,0
14.7EQN,6462,False,True,False,14,7,0
14.36FQN,19954,True,True,False,14,36,0
14.32FDY,8956,True,False,True,14,32,0
14.26FQY,10544,True,True,True,14,26,0
14.13EQN,4648,False,True,False,14,13,0
14.18FQY,7936,True,True,True,14,18,0
14.47FDN,4081,True,False,False,14,47,0
14.5EDY,6235,False,False,True,14,5,0
14.20FQY,17460,True,True,True,14,20,0
14.27FQY,14512,True,True,True,14,27,0
14.6EDN,4761,False,False,False,14,6,0
14.37FDN,14058,True,False,False,14,37,0
14.40FDN,4988,True,False,False,14,40,0
14.2EDY,5895,False,False,True,14,2,0
14.14EDN,4308,False,False,False,14,14,0
14.19FQY,4761,True,True,True,14,19,0
14.10EDY,6689,False,False,True,14,10,0
14.21FQY,12358,True,True,True,14,21,0
14.9EQY,19954,False,True,True,14,9,0
14.46FDN,6575,True,False,False,14,46,0
14.11EQN,6235,False,True,False,14,11,0
14.15EQY,6009,False,True,True,14,15,0
14.39FDN,4875,True,False,False,14,39,0
14.8EQN,9750,False,True,False,14,8,0
14.43FDN,4648,True,False,False,14,43,0
14.34FQN,11451,True,True,False,14,34,0
14.30FDY,12585,True,False,True,14,30,0
14.29FQY,5442,True,True,True,14,29,0
14.1EQY,6349,False,True,True,14,1,0
14.24FQY,14739,True,True,True,14,24,0
14.48FDN,11337,True,False,False,14,48,0
14.45FQN,5895,True,True,False,14,45,0
14.22FQY,17233,True,True,True,14,22,0
14.17FQY,10997,True,True,True,14,17,0
14.31FDY,11451,True,False,True,14,31,0
14.28FQY,6235,True,True,True,14,28,0
14.4EDN,4988,False,False,False,14,4,0
14.35FDN,9070,True,False,False,14,35,0
14.38FDN,5215,True,False,False,14,38,0
14.25FDY,13151,True,False,True,14,25,0
14.42FDN,6575,True,False,False,14,42,0
14.44FQN,5328,True,True,False,14,44,0
14.23FQY,15646,True,True,True,14,23,0
14.33FDN,14285,True,False,False,14,33,0
14.16EDN,5782,False,False,False,14,16,0
14.12EQY,4988,False,True,True,14,12,0
22.13EQN,11678,False,True,False,22,13,0
22.41FDN,7596,True,False,False,22,41,0
22.1EQY,5668,False,True,True,22,1,0
22.26FQY,5215,True,True,True,22,26,0
22.8EQN,8163,False,True,False,22,8,0
22.32FDY,4648,True,False,True,22,32,0
22.36FQN,4081,True,True,False,22,36,0
22.47FDN,4875,True,False,False,22,47,0
22.20FQY,5215,True,True,True,22,20,0
22.18FQY,14172,True,True,True,22,18,0
22.27FQY,5328,True,True,True,22,27,0
22.40FDN,9297,True,False,False,22,40,0
22.4EDN,4648,False,False,False,22,4,0
22.37FDN,4535,True,False,False,22,37,0
22.21FQY,4761,True,True,True,22,21,0
22.46FDN,9863,True,False,False,22,46,0
22.19FQY,7369,True,True,True,22,19,0
22.14EDN,7483,False,False,False,22,14,0
22.10EDY,9523,False,False,True,22,10,0
22.43FDN,8843,True,False,False,22,43,0
22.39FDN,7823,True,False,False,22,39,0
22.29FQY,6916,True,True,True,22,29,0
22.7EQN,4421,False,True,False,22,7,0
22.24FQY,4195,True,True,True,22,24,0
22.3EDY,5895,False,False,True,22,3,0
22.30FDY,4648,True,False,True,22,30,0
22.34FQN,4875,True,True,False,22,34,0
22.11EQN,7483,False,True,False,22,11,0
22.15EQY,8616,False,True,True,22,15,0
22.17FQY,5215,True,True,True,22,17,0
22.48FDN,4988,True,False,False,22,48,0
22.45FQN,12811,True,True,False,22,45,0
22.5EDY,4875,False,False,True,22,5,0
22.22FQY,4761,True,True,True,22,22,0
22.28FQY,6009,True,True,True,22,28,0
22.2EDY,4308,False,False,True,22,2,0
22.31FDY,4421,True,False,True,22,31,0
22.25FDY,6689,True,False,True,22,25,0
22.6EDN,4421,False,False,False,22,6,0
22.42FDN,7936,True,False,False,22,42,0
22.35FDN,4421,True,False,False,22,35,0
22.38FDN,8163,True,False,False,22,38,0
22.12EQY,11904,False,True,True,22,12,0
22.16EDN,10317,False,False,False,22,16,0
22.44FQN,11337,True,True,False,22,44,0
22.23FQY,3968,True,True,True,22,23,0
22.33FDN,4535,True,False,False,22,33,0
22.9EQY,9183,False,True,True,22,9,0
