UID;ADDR-dr;SID-dr;ITEM-dr;BSID-dr;IID-dr;XY-dr;FIRST-dr;V-dr;OBJ-dr;PP1-dr;STRONG-dr;WEAK-dr;STRUG-dr;STRUG_START-dr;QI-dr;COMMENT-dr;ADDR-sp;SID-sp;ITEM-sp;BSID-sp;IID-sp;XY-sp;FIRST-sp;V-sp;OBJ-sp;PP1-sp;STRONG-sp;WEAK-sp;STRUG-sp;STRUG_START-sp;QI-sp;COMMENT-sp;X18;Participant;STRONG;OBJ;Condition_GP;V;WEAK;STRUG_START;two_level_prosody;IID;PP1;XY;Condition_Q;QI;SID;REC_CLEAN;REC;Reading;STRUG;prosody;FIRST;pair;condition;pdom;odom;simple2lvl;ID;Order;LIST;pattern-dr;pattern-sp;pattern
17-1-1;17.1Y; 17;1EQN;B5; 1;Y;16Y;YES;YES;YES;PP1;OBJ;NO;NONE;NO;NONE;17.1Y; 17;1EQN;B5; 1;Y;1X;NO;YES;YES;PP1;OBJ;NO;NONE;NO;NONE;NONE; 17;OBJ;YES;FALSE;NO;PP1;NONE;OBJ > PP1; 1;YES;X;FALSE;NO; 17;1EDN;17.1EDN_X;1;NO;OBJ > PP1;16Y;17-1;D -GP;FALSE;TRUE;BOTH;17-1;2;1;PP1 > OBJ;PP1 > OBJ;OBJ > PP1
17-1-2;17.1X; 17;1EQN;B5; 1;X;16Y;NO;YES;YES;PP1;OBJ;NO;NONE;NO;NONE;17.1X; 17;1EQN;B5; 1;X;1X;NO;YES;NO;OBJ;NONE;NO;NONE;NO;NONE;NONE; 17;PP1;YES;FALSE;NO;OBJ;NONE;PP1 > OBJ; 1;YES;Y;FALSE;NO; 17;1EDN;17.1EDN_Y;2;NO;PP1 > OBJ;16Y;17-1;D -GP;TRUE;FALSE;BOTH;17-1;2;1;PP1 > OBJ;OBJ;PP1 > OBJ
17-11-1;17.11Y; 17;11EQY;B5;11;Y;16Y;NO;YES;YES;OBJ;PP1;NO;NONE;NO;NONE;17.11Y; 17;11EQY;B5;11;Y;1X;NO;NO;YES;PP1;NONE;NO;NONE;NO;NONE;NONE; 17;PP1;NO;TRUE;NO;NONE;NONE;PP1;11;YES;X;FALSE;NO; 17;11EDY;17.11EDY_X;1;NO;PP1;16Y;17-11;D +GP;TRUE;FALSE;PP1;17-11;2;1;OBJ > PP1;PP1;PP1
17-11-2;17.11X; 17;11EQY;B5;11;X;16Y;YES;YES;YES;PP1;V;NO;NONE;NO;NONE;17.11X; 17;11EQY;B5;11;X;1X;NO;YES;YES;NONE;NONE;NO;NONE;NO;NONE;NONE; 17;PP1;YES;TRUE;NO;OBJ;NONE;PP1 > OBJ;11;YES;Y;FALSE;NO; 17;11EDY;17.11EDY_Y;2;NO;PP1 > OBJ;16Y;17-11;D +GP;TRUE;FALSE;BOTH;17-11;2;1;PP1 > OBJ;BOTH;PP1 > OBJ
17-13-1;17.13Y; 17;13EQY;B5;13;Y;16Y;YES;YES;YES;OBJ;V;NO;NONE;NO;NONE;17.13Y; 17;13EQY;B5;13;Y;1X;NO;YES;YES;OBJ;PP1;NO;NONE;YES;NONE;NONE; 17;OBJ;YES;TRUE;NO;PP1;NONE;OBJ > PP1;13;YES;X;FALSE;NO; 17;13EDY;17.13EDY_X;1;NO;OBJ > PP1;16Y;17-13;D +GP;FALSE;TRUE;BOTH;17-13;2;1;OBJ > PP1;OBJ > PP1;OBJ > PP1
17-13-2;17.13X; 17;13EQY;B5;13;X;16Y;NO;YES;YES;PP1;V;NO;NONE;NO;NONE;17.13X; 17;13EQY;B5;13;X;1X;NO;YES;YES;PP1;OBJ;NO;NONE;NO;NONE;NONE; 17;PP1;YES;TRUE;YES;V;NONE;PP1 > OBJ;13;YES;Y;FALSE;NO; 17;13EDY;17.13EDY_Y;2;NO;PP1 > V OBJ;16Y;17-13;D +GP;TRUE;FALSE;BOTH;17-13;2;1;PP1 > OBJ;PP1 > OBJ;PP1 > OBJ
17-15-1;17.15Y; 17;15EQN;B5;15;Y;16Y;YES;YES;YES;PP1;V;YES;PP2;NO;NONE;17.15Y; 17;15EQN;B5;15;Y;1X;NO;YES;YES;OBJ;PP1;NO;NONE;NO;NONE;NONE; 17;OBJ;YES;FALSE;NO;NONE;NONE;OBJ;15;NO;X;FALSE;NO; 17;15EDN;17.15EDN_X;1;NO;OBJ;16Y;17-15;D -GP;FALSE;TRUE;OBJ;17-15;2;1;PP1 > OBJ;OBJ > PP1;OBJ
17-15-2;17.15X; 17;15EQN;B5;15;X;16Y;NO;YES;YES;PP1;OBJ;NO;NONE;NO;NONE;17.15X; 17;15EQN;B5;15;X;1X;NO;YES;YES;PP1;OBJ;NO;NONE;NO;NONE;NONE; 17;PP1;YES;FALSE;NO;OBJ;NONE;PP1 > OBJ;15;YES;Y;FALSE;NO; 17;15EDN;17.15EDN_Y;2;NO;PP1 > OBJ;16Y;17-15;D -GP;TRUE;FALSE;BOTH;17-15;2;1;PP1 > OBJ;PP1 > OBJ;PP1 > OBJ
17-3-1;17.3Y; 17;3EDN;B5; 3;Y;16Y;NO;YES;YES;OBJ;PP1;YES;V;YES;NONE;17.3Y; 17;3EDN;B5; 3;Y;1X;NO;YES;YES;PP1;OBJ;NO;NONE;YES;NONE;NONE; 17;OBJ;YES;FALSE;NO;NONE;NONE;OBJ; 3;NO;X;TRUE;NO; 17;3EQN;17.3EQN_X;1;NO;OBJ;16Y;17-3;Q -GP;FALSE;TRUE;OBJ;17-3;2;1;OBJ > PP1;PP1 > OBJ;OBJ
17-3-2;17.3X; 17;3EDN;B5; 3;X;16Y;YES;YES;YES;OBJ;PP1;YES;OBJ;YES;NONE;17.3X; 17;3EDN;B5; 3;X;1X;NO;NO;YES;PP1;NONE;NO;NONE;YES;NONE;NONE; 17;OBJ;YES;FALSE;NO;NONE;NONE;OBJ; 3;NO;Y;TRUE;YES; 17;3EQN;17.3EQN_Y;2;NO;OBJ;16Y;17-3;Q -GP;FALSE;TRUE;OBJ;17-3;2;1;OBJ > PP1;PP1;OBJ
17-5-1;17.5Y; 17;5EDN;B5; 5;Y;16Y;NO;YES;YES;OBJ;PP1;YES;START;NO;NONE;17.5Y; 17;5EDN;B5; 5;Y;1X;NO;YES;NO;OBJ;NONE;NO;NONE;YES;NONE;NONE; 17;OBJ;YES;FALSE;NO;NONE;NONE;OBJ; 5;NO;X;TRUE;YES; 17;5EQN;17.5EQN_X;1;NO;OBJ;16Y;17-5;Q -GP;FALSE;TRUE;OBJ;17-5;2;1;OBJ > PP1;OBJ;OBJ
17-5-2;17.5X; 17;5EDN;B5; 5;X;16Y;YES;YES;YES;OBJ;V;NO;NONE;YES;"""jelly bees""? is this struggling?  it's read fluently but it's wrong...";17.5X; 17;5EDN;B5; 5;X;1X;NO;YES;NO;OBJ;NONE;NO;NONE;YES;NONE;NONE; 17;OBJ;YES;FALSE;NO;NONE;NONE;OBJ; 5;NO;Y;TRUE;YES; 17;5EQN;17.5EQN_Y;2;NO;OBJ;16Y;17-5;Q -GP;FALSE;TRUE;OBJ;17-5;2;1;OBJ > PP1;OBJ;OBJ
17-7-1;17.7Y; 17;7EQY;B5; 7;Y;16Y;YES;YES;YES;PP1;V;YES;PP2;NO;NONE;17.7Y; 17;7EQY;B5; 7;Y;1X;NO;NO;YES;PP1;NONE;NO;NONE;NO;NONE;NONE; 17;PP1;NO;TRUE;NO;NONE;NONE;PP1; 7;YES;X;FALSE;NO; 17;7EDY;17.7EDY_X;1;NO;PP1;16Y;17-7;D +GP;TRUE;FALSE;PP1;17-7;2;1;PP1 > OBJ;PP1;PP1
17-7-2;17.7X; 17;7EQY;B5; 7;X;16Y;YES;YES;YES;PP1;V;NO;NONE;NO;"""mantle place""? is this struggling? it's read fluently but it's wrong...";17.7X; 17;7EQY;B5; 7;X;1X;NO;YES;YES;PP1;OBJ;NO;NONE;NO;NONE;NONE; 17;OBJ;YES;TRUE;NO;PP1;NONE;OBJ > PP1; 7;YES;Y;FALSE;NO; 17;7EDY;17.7EDY_Y;2;NO;OBJ > PP1;16Y;17-7;D +GP;FALSE;TRUE;BOTH;17-7;2;1;PP1 > OBJ;PP1 > OBJ;OBJ > PP1
17-9-1;17.9Y; 17;9EQN;B5; 9;Y;16Y;YES;YES;YES;OBJ;PP1;NO;NONE;NO;NONE;17.9Y; 17;9EQN;B5; 9;Y;1X;NO;YES;YES;OBJ;PP1;NO;NONE;NO;NONE;NONE; 17;OBJ;YES;FALSE;NO;PP1;NONE;OBJ > PP1; 9;YES;X;FALSE;NO; 17;9EDN;17.9EDN_X;1;NO;OBJ > PP1;16Y;17-9;D -GP;FALSE;TRUE;BOTH;17-9;2;1;OBJ > PP1;OBJ > PP1;OBJ > PP1
17-9-2;17.9X; 17;9EQN;B5; 9;X;16Y;YES;YES;YES;PP1;V;NO;NONE;NO;NONE;17.9X; 17;9EQN;B5; 9;X;1X;NO;YES;YES;OBJ;PP1;NO;NONE;NO;NONE;NONE; 17;NONE;YES;FALSE;NO;NONE;NONE;OBJ PP1; 9;YES;Y;FALSE;NO; 17;9EDN;17.9EDN_Y;2;NO;OBJ PP1;16Y;17-9;D -GP;FALSE;FALSE;BOTH;17-9;2;1;PP1 > OBJ;OBJ > PP1;BOTH
19-1-1;19.1Y; 19;1EQY;B7; 1;Y;1X;YES;YES;YES;PP1;V;NO;NONE;NO;NONE;19.1Y; 19;1EQY;B7; 1;Y;NONE;NO;YES;YES;PP1;OBJ;NO;NONE;NO;NONE;NONE; 19;PP1;YES;TRUE;NO;OBJ;NONE;PP1 > OBJ; 1;YES;X;FALSE;NO; 19;1EDY;19.1EDY_X;1;NO;PP1 > OBJ;1X;19-1;D +GP;TRUE;FALSE;BOTH;19-1;2;3;PP1 > OBJ;PP1 > OBJ;PP1 > OBJ
19-1-2;19.1X; 19;1EQY;B7; 1;X;1X;YES;YES;YES;PP1;V;NO;NONE;NO;NONE;19.1X; 19;1EQY;B7; 1;X;NONE;NO;YES;YES;PP1;OBJ;NO;NONE;NO;NONE;NONE; 19;PP1;YES;TRUE;NO;OBJ;NONE;PP1 > OBJ; 1;YES;Y;FALSE;NO; 19;1EDY;19.1EDY_Y;2;NO;PP1 > OBJ;1X;19-1;D +GP;TRUE;FALSE;BOTH;19-1;2;3;PP1 > OBJ;PP1 > OBJ;PP1 > OBJ
19-13-1;19.13Y; 19;13EQN;B7;13;Y;1X;YES;YES;YES;OBJ;NONE;NO;NONE;NO;NONE;19.13Y; 19;13EQN;B7;13;Y;NONE;NO;YES;NO;OBJ;NONE;NO;NONE;NO;NONE;NONE; 19;OBJ;YES;FALSE;NO;NONE;NONE;OBJ;13;NO;X;FALSE;NO; 19;13EDN;19.13EDN_X;1;NO;OBJ;1X;19-13;D -GP;FALSE;TRUE;OBJ;19-13;2;3;OBJ > PP1;OBJ;OBJ
19-13-2;19.13X; 19;13EQN;B7;13;X;1X;NO;YES;YES;OBJ;PP1;YES;OBJ;NO;NONE;19.13X; 19;13EQN;B7;13;X;NONE;NO;NO;YES;PP1;NONE;YES;OBJ;NO;NONE;NONE; 19;OBJ;YES;FALSE;NO;PP1;PP1;OBJ > PP1;13;YES;Y;FALSE;NO; 19;13EDN;19.13EDN_Y;2;YES;OBJ > PP1;1X;19-13;D -GP;FALSE;TRUE;BOTH;19-13;2;3;OBJ > PP1;PP1;OBJ > PP1
19-15-1;19.15Y; 19;15EQY;B7;15;Y;1X;NO;YES;YES;PP1;OBJ;NO;NONE;NO;NONE;19.15Y; 19;15EQY;B7;15;Y;NONE;NO;NO;YES;PP1;NONE;NO;NONE;NO;I CAN'T PUT '15 Y' IN COLUMN D;NONE; 19;PP1;NO;TRUE;NO;NONE;NONE;PP1;15;YES;X;FALSE;NO; 19;15EDY;19.15EDY_X;1;NO;PP1;1X;19-15;D +GP;TRUE;FALSE;PP1;19-15;2;3;PP1 > OBJ;PP1;PP1
19-15-2;19.15X; 19;15EQY;B7;15;X;1X;NO;YES;YES;PP1;OBJ;NO;NONE;NO;NONE;19.15X; 19;15EQY;B7;15;X;NONE;NO;YES;YES;PP1;OBJ;NO;NONE;NO;NONE;NONE; 19;PP1;NO;TRUE;NO;NONE;NONE;PP1;15;YES;Y;FALSE;NO; 19;15EDY;19.15EDY_Y;2;NO;PP1;1X;19-15;D +GP;TRUE;FALSE;PP1;19-15;2;3;PP1 > OBJ;PP1 > OBJ;PP1
19-7-1;19.7Y; 19;7EQN;B7; 7;Y;1X;NO;YES;YES;NONE;NONE;NO;NONE;NO;NONE;19.7Y; 19;7EQN;B7; 7;Y;NONE;NO;YES;YES;PP1;OBJ;NO;NONE;NO;NONE;NONE; 19;OBJ;YES;FALSE;NO;PP1;NONE;OBJ > PP1; 7;YES;X;FALSE;NO; 19;7EDN;19.7EDN_X;1;NO;OBJ > PP1;1X;19-7;D -GP;FALSE;TRUE;BOTH;19-7;2;3;BOTH;PP1 > OBJ;OBJ > PP1
19-7-2;19.7X; 19;7EQN;B7; 7;X;1X;YES;NO;YES;NONE;NONE;NO;NONE;NO;NONE;19.7X; 19;7EQN;B7; 7;X;NONE;NO;NO;YES;PP1;V;NO;NONE;NO;NONE;NONE; 19;PP1;NO;FALSE;NO;NONE;NONE;PP1; 7;YES;Y;FALSE;NO; 19;7EDN;19.7EDN_Y;2;NO;PP1;1X;19-7;D -GP;TRUE;FALSE;PP1;19-7;2;3;PP1;PP1;PP1
203-1-1;203.1Y;203;1EQY;B3; 1;Y;1X;YES;YES;YES;PP1;V;YES;SUBJ;NO;sort of swallows the subject;203.1Y;203;1EQY;B3; 1;Y;NONE;NO;YES;YES;PP1;OBJ;NO;NONE;NO;NONE;NONE;203;PP1;NO;TRUE;NO;NONE;NONE;PP1; 1;YES;Y;FALSE;NO;203;1EDY;1EDY;1;NO;PP1;16X;203-1;D +GP;TRUE;FALSE;PP1;203-1;1;3;PP1 > OBJ;PP1 > OBJ;PP1
203-1-2;203.1X;203;1EQY;B3; 1;X;1X;NO;YES;YES;PP1;OBJ;NO;NONE;NO;NONE;203.1X;203;1EQY;B3; 1;X;NONE;NO;YES;YES;PP1;OBJ;NO;NONE;NO;NONE;NONE;203;PP1;NO;TRUE;NO;NONE;NONE;PP1; 1;YES;X;FALSE;NO;203;1EDY;1EDY;2;NO;PP1;16X;203-1;D +GP;TRUE;FALSE;PP1;203-1;1;3;PP1 > OBJ;PP1 > OBJ;PP1
203-11-1;203.11Y;203;11EQN;B3;11;Y;1X;NO;YES;YES;NONE;NONE;NO;NONE;NO;NONE;203.11Y;203;11EQN;B3;11;Y;NONE;NO;YES;NO;OBJ;NONE;NO;NONE;NO;NONE;NONE;203;OBJ;YES;FALSE;NO;NONE;NONE;OBJ;11;NO;Y;FALSE;NO;203;11EDN;11EDN;1;NO;OBJ;16X;203-11;D -GP;FALSE;TRUE;OBJ;203-11;1;3;BOTH;OBJ;OBJ
203-11-2;203.11X;203;11EQN;B3;11;X;1X;NO;YES;YES;OBJ;PP1;NO;NONE;NO;NONE;203.11X;203;11EQN;B3;11;X;NONE;NO;YES;NO;OBJ;NONE;NO;NONE;NO;NONE;NONE;203;NONE;YES;FALSE;NO;NONE;NONE;OBJ PP1;11;YES;X;FALSE;NO;203;11EDN;11EDN;2;NO;OBJ PP1;16X;203-11;D -GP;FALSE;FALSE;BOTH;203-11;1;3;OBJ > PP1;OBJ;BOTH
203-13-1;203.13Y;203;13EQN;B3;13;Y;1X;NO;NO;YES;PP1;NONE;YES;V;NO;NONE;203.13Y;203;13EQN;B3;13;Y;NONE;NO;YES;NO;OBJ;NONE;NO;NONE;NO;NONE;NONE;203;OBJ;YES;FALSE;NO;NONE;NONE;OBJ;13;NO;Y;FALSE;NO;203;13EDN;13EDN;1;NO;OBJ;16X;203-13;D -GP;FALSE;TRUE;OBJ;203-13;1;3;PP1;OBJ;OBJ
203-13-2;203.13X;203;13EQN;B3;13;X;1X;NO;YES;YES;PP1;OBJ;NO;NONE;NO;NONE;203.13X;203;13EQN;B3;13;X;NONE;NO;YES;YES;PP1;OBJ;NO;NONE;NO;NONE;NONE;203;OBJ;YES;FALSE;NO;NONE;NONE;OBJ;13;NO;X;FALSE;NO;203;13EDN;13EDN;2;NO;OBJ;16X;203-13;D -GP;FALSE;TRUE;OBJ;203-13;1;3;PP1 > OBJ;PP1 > OBJ;OBJ
203-15-1;203.15Y;203;15EQY;B3;15;Y;1X;NO;YES;YES;NONE;NONE;YES;V;NO;"sort of swallows the verb? is this ""struggling""?";203.15Y;203;15EQY;B3;15;Y;NONE;NO;YES;YES;PP1;OBJ;NO;NONE;NO;NONE;NONE;203;PP1;NO;TRUE;NO;NONE;NONE;PP1;15;YES;Y;FALSE;NO;203;15EDY;15EDY;1;NO;PP1;16X;203-15;D +GP;TRUE;FALSE;PP1;203-15;1;3;BOTH;PP1 > OBJ;PP1
203-15-2;203.15X;203;15EQY;B3;15;X;1X;NO;YES;YES;NONE;NONE;NO;NONE;NO;NONE;203.15X;203;15EQY;B3;15;X;NONE;NO;NO;YES;PP1;NONE;NO;NONE;NO;NONE;NONE;203;PP1;NO;TRUE;NO;NONE;NONE;PP1;15;YES;X;FALSE;NO;203;15EDY;15EDY;2;NO;PP1;16X;203-15;D +GP;TRUE;FALSE;PP1;203-15;1;3;BOTH;PP1;PP1
203-3-1;203.3Y;203;3EDY;B3; 3;Y;1X;NO;NO;YES;PP1;NONE;NO;NONE;YES;NONE;203.3Y;203;3EDY;B3; 3;Y;NONE;NO;NO;YES;PP1;NONE;NO;NONE;YES;NONE;NONE;203;PP1;NO;TRUE;NO;NONE;NONE;PP1; 3;YES;Y;TRUE;YES;203;3EQY;3EQY;1;NO;PP1;16X;203-3;Q +GP;TRUE;FALSE;PP1;203-3;1;3;PP1;PP1;PP1
203-3-2;203.3X;203;3EDY;B3; 3;X;1X;NO;YES;YES;PP1;OBJ;NO;NONE;YES;NONE;203.3X;203;3EDY;B3; 3;X;NONE;NO;YES;YES;PP1;OBJ;NO;NONE;YES;NONE;NONE;203;PP1;NO;TRUE;NO;NONE;NONE;PP1; 3;YES;X;TRUE;YES;203;3EQY;3EQY;2;NO;PP1;16X;203-3;Q +GP;TRUE;FALSE;PP1;203-3;1;3;PP1 > OBJ;PP1 > OBJ;PP1
203-5-1;203.5Y;203;5EDY;B3; 5;Y;1X;NO;NO;YES;PP1;NONE;NO;NONE;NO;NONE;203.5Y;203;5EDY;B3; 5;Y;NONE;NO;NO;YES;PP1;NONE;NO;NONE;YES;NONE;NONE;203;PP1;NO;TRUE;NO;NONE;NONE;PP1; 5;YES;Y;TRUE;YES;203;5EQY;5EQY;1;NO;PP1;16X;203-5;Q +GP;TRUE;FALSE;PP1;203-5;1;3;PP1;PP1;PP1
203-5-2;203.5X;203;5EDY;B3; 5;X;1X;NO;YES;YES;NONE;NONE;NO;NONE;YES;NONE;203.5X;203;5EDY;B3; 5;X;NONE;NO;YES;YES;PP1;OBJ;NO;NONE;YES;NONE;NONE;203;PP1;NO;TRUE;NO;NONE;NONE;PP1; 5;YES;X;TRUE;YES;203;5EQY;5EQY;2;NO;PP1;16X;203-5;Q +GP;TRUE;FALSE;PP1;203-5;1;3;BOTH;PP1 > OBJ;PP1
203-7-1;203.7Y;203;7EQN;B3; 7;Y;1X;NO;YES;YES;PP1;OBJ;YES;PP2;NO;NONE;203.7Y;203;7EQN;B3; 7;Y;NONE;NO;NO;YES;PP1;NONE;YES;PP2;NO;NONE;NONE;203;PP1;YES;FALSE;NO;OBJ;NONE;PP1 > OBJ; 7;YES;Y;FALSE;NO;203;7EDN;7EDN;1;NO;PP1 > OBJ;16X;203-7;D -GP;TRUE;FALSE;BOTH;203-7;1;3;PP1 > OBJ;PP1;PP1 > OBJ
203-7-2;203.7X;203;7EQN;B3; 7;X;1X;NO;YES;YES;PP1;OBJ;NO;NONE;NO;NONE;203.7X;203;7EQN;B3; 7;X;NONE;NO;YES;YES;PP1;OBJ;NO;NONE;NO;NONE;NONE;203;NONE;NO;FALSE;NO;NONE;NONE;NONE; 7;NO;X;FALSE;NO;203;7EDN;7EDN;2;NO;NONE;16X;203-7;D -GP;FALSE;FALSE;NEITHER;203-7;1;3;PP1 > OBJ;PP1 > OBJ;NONE
203-9-1;203.9Y;203;9EQY;B3; 9;Y;1X;YES;NO;YES;PP1;V;YES;START;NO;NONE;203.9Y;203;9EQY;B3; 9;Y;NONE;NO;YES;YES;PP1;OBJ;NO;NONE;NO;NONE;NONE;203;PP1;YES;TRUE;NO;OBJ;NONE;PP1 > OBJ; 9;YES;Y;FALSE;NO;203;9EDY;9EDY;1;NO;PP1 > OBJ;16X;203-9;D +GP;TRUE;FALSE;BOTH;203-9;1;3;PP1;PP1 > OBJ;PP1 > OBJ
203-9-2;203.9X;203;9EQY;B3; 9;X;1X;YES;YES;YES;OBJ;V;NO;NONE;NO;NONE;203.9X;203;9EQY;B3; 9;X;NONE;NO;YES;YES;PP1;OBJ;NO;NONE;NO;NONE;NONE;203;PP1;NO;TRUE;NO;OBJ;NONE;PP1 > OBJ; 9;YES;X;FALSE;NO;203;9EDY;9EDY;2;NO;PP1 > OBJ;16X;203-9;D +GP;TRUE;FALSE;PP1;203-9;1;3;OBJ > PP1;PP1 > OBJ;PP1
208-10-1;208.10Y;208;10EQY;B8;10;Y;1X;YES;YES;YES;V;PP1;NO;NONE;NO;NONE;208.10Y;208;10EQY;B8;10;Y;16Y;YES;NO;YES;PP1;V;NO;NONE;NO;NONE;NONE;208;OBJ;YES;FALSE;YES;V;NONE;OBJ;10;NO;Y;FALSE;NO;208;10EDN;10EDN;1;NO;OBJ > V;1X;208-10;D -GP;FALSE;TRUE;OBJ;208-10;2;4;OBJ > PP1;PP1;OBJ
208-10-2;208.10X;208;10EQY;B8;10;X;1X;YES;YES;YES;OBJ;PP1;NO;NONE;NO;NONE;208.10X;208;10EQY;B8;10;X;16Y;YES;YES;YES;PP1;V;NO;NONE;NO;NONE;NONE;208;OBJ;YES;FALSE;YES;PP1;NONE;OBJ > PP1;10;YES;X;FALSE;NO;208;10EDN;10EDN;2;NO;OBJ > V PP1;1X;208-10;D -GP;FALSE;TRUE;BOTH;208-10;2;4;OBJ > PP1;PP1 > OBJ;OBJ > PP1
208-12-1;208.12Y;208;12EDY;B8;12;Y;1X;YES;NO;YES;V;PP1;NO;NONE;YES;NONE;208.12Y;208;12EDY;B8;12;Y;16Y;NO;YES;YES;PP1;OBJ;NO;NONE;YES;NONE;NONE;208;PP1;NO;FALSE;NO;NONE;NONE;PP1;12;YES;Y;TRUE;YES;208;12EQN;12EQN;1;NO;PP1;1X;208-12;Q -GP;TRUE;FALSE;PP1;208-12;2;4;PP1;PP1 > OBJ;PP1
208-12-2;208.12X;208;12EDY;B8;12;X;1X;YES;YES;YES;V;OBJ;NO;NONE;YES;NONE;208.12X;208;12EDY;B8;12;X;16Y;NO;YES;YES;PP1;OBJ;NO;NONE;YES;NONE;NONE;208;PP1;NO;FALSE;YES;V;NONE;PP1;12;YES;X;TRUE;YES;208;12EQN;12EQN;2;NO;PP1 > V;1X;208-12;Q -GP;TRUE;FALSE;PP1;208-12;2;4;PP1 > OBJ;PP1 > OBJ;PP1
208-14-1;208.14Y;208;14EQN;B8;14;Y;1X;YES;YES;YES;V;OBJ;NO;NONE;NO;NONE;208.14Y;208;14EQN;B8;14;Y;16Y;NO;YES;YES;PP1;OBJ;NO;NONE;NO;NONE;NONE;208;NONE;YES;TRUE;NO;NONE;NONE;OBJ PP1;14;YES;Y;FALSE;NO;208;14EDY;14EDY;1;NO;OBJ PP1;1X;208-14;D +GP;FALSE;FALSE;BOTH;208-14;2;4;PP1 > OBJ;PP1 > OBJ;BOTH
208-14-2;208.14X;208;14EQN;B8;14;X;1X;YES;YES;YES;OBJ;NONE;YES;PP2;NO;NONE;208.14X;208;14EQN;B8;14;X;16Y;NO;YES;YES;OBJ;PP1;YES;PP2;NO;NONE;NONE;208;OBJ;YES;TRUE;NO;PP1;PP2;OBJ > PP1;14;YES;X;FALSE;NO;208;14EDY;14EDY;2;YES;OBJ > PP1;1X;208-14;D +GP;FALSE;TRUE;BOTH;208-14;2;4;OBJ > PP1;OBJ > PP1;OBJ > PP1
208-16-1;208.16Y;208;16EQN;B8;16;Y;1X;NO;YES;YES;NONE;NONE;NO;NONE;NO;NONE;208.16Y;208;16EQN;B8;16;Y;16Y;NO;YES;YES;PP1;OBJ;NO;NONE;NO;NONE;NONE;208;PP1;YES;TRUE;NO;OBJ;NONE;PP1 > OBJ;16;YES;Y;FALSE;NO;208;16EDY;16EDY;1;NO;PP1 > OBJ;1X;208-16;D +GP;TRUE;FALSE;BOTH;208-16;2;4;BOTH;PP1 > OBJ;PP1 > OBJ
208-16-2;208.16X;208;16EQN;B8;16;X;1X;NO;YES;YES;OBJ;PP1;NO;NONE;NO;NONE;208.16X;208;16EQN;B8;16;X;16Y;NO;YES;YES;PP1;OBJ;NO;NONE;NO;NONE;NONE;208;PP1;YES;TRUE;NO;OBJ;NONE;PP1 > OBJ;16;YES;X;FALSE;NO;208;16EDY;16EDY;2;NO;PP1 > OBJ;1X;208-16;D +GP;TRUE;FALSE;BOTH;208-16;2;4;OBJ > PP1;PP1 > OBJ;PP1 > OBJ
208-2-1;208.2Y;208;2EQY;B8; 2;Y;1X;NO;YES;YES;PP1;OBJ;NO;NONE;NO;NONE;208.2Y;208;2EQY;B8; 2;Y;16Y;NO;NO;YES;PP1;NONE;NO;NONE;NO;NONE;NONE;208;PP1;NO;FALSE;NO;NONE;NONE;PP1; 2;YES;Y;FALSE;NO;208;2EDN;2EDN;1;NO;PP1;1X;208-2;D -GP;TRUE;FALSE;PP1;208-2;2;4;PP1 > OBJ;PP1;PP1
208-2-2;208.2X;208;2EQY;B8; 2;X;1X;YES;NO;YES;PP1;V;NO;NONE;NO;NONE;208.2X;208;2EQY;B8; 2;X;16Y;NO;NO;YES;PP1;NONE;YES;NONE;NO;NONE;NONE;208;PP1;NO;FALSE;NO;NONE;NONE;PP1; 2;YES;X;FALSE;NO;208;2EDN;2EDN;2;NO;PP1;1X;208-2;D -GP;TRUE;FALSE;PP1;208-2;2;4;PP1;PP1;PP1
208-4-1;208.4Y;208;4EQN;B8; 4;Y;1X;YES;YES;YES;V;OBJ;NO;NONE;NO;NONE;208.4Y;208;4EQN;B8; 4;Y;16Y;NO;YES;YES;PP1;OBJ;NO;NONE;NO;NONE;NONE;208;PP1;YES;TRUE;NO;OBJ;NONE;PP1 > OBJ; 4;YES;Y;FALSE;NO;208;4EDY;4EDY;1;NO;PP1 > OBJ;1X;208-4;D +GP;TRUE;FALSE;BOTH;208-4;2;4;PP1 > OBJ;PP1 > OBJ;PP1 > OBJ
208-4-2;208.4X;208;4EQN;B8; 4;X;1X;YES;YES;YES;NONE;NONE;NO;NONE;NO;NONE;208.4X;208;4EQN;B8; 4;X;16Y;NO;YES;YES;PP1;OBJ;NO;NONE;NO;NONE;NONE;208;PP1;YES;TRUE;NO;OBJ;NONE;PP1 > OBJ; 4;YES;X;FALSE;NO;208;4EDY;4EDY;2;NO;PP1 > OBJ;1X;208-4;D +GP;TRUE;FALSE;BOTH;208-4;2;4;BOTH;PP1 > OBJ;PP1 > OBJ
208-6-1;208.6Y;208;6EQN;B8; 6;Y;1X;NO;YES;YES;PP1;OBJ;NO;NONE;NO;NONE;208.6Y;208;6EQN;B8; 6;Y;16Y;NO;YES;YES;PP1;OBJ;NO;NONE;NO;NONE;NONE;208;PP1;NO;TRUE;NO;NONE;NONE;PP1; 6;YES;Y;FALSE;NO;208;6EDY;6EDY;1;NO;PP1;1X;208-6;D +GP;TRUE;FALSE;PP1;208-6;2;4;PP1 > OBJ;PP1 > OBJ;PP1
208-6-2;208.6X;208;6EQN;B8; 6;X;1X;NO;YES;YES;OBJ;PP1;NO;NONE;NO;NONE;208.6X;208;6EQN;B8; 6;X;16Y;NO;YES;YES;PP1;OBJ;NO;NONE;NO;NONE;NONE;208;OBJ;YES;TRUE;NO;PP1;NONE;OBJ > PP1; 6;YES;X;FALSE;NO;208;6EDY;6EDY;2;NO;OBJ > PP1;1X;208-6;D +GP;FALSE;TRUE;BOTH;208-6;2;4;OBJ > PP1;PP1 > OBJ;OBJ > PP1
208-8-1;208.8Y;208;8EDN;B8; 8;Y;1X;NO;YES;YES;PP1;OBJ;NO;NONE;YES;NONE;208.8Y;208;8EDN;B8; 8;Y;16Y;NO;YES;YES;PP1;OBJ;NO;NONE;YES;NONE;NONE;208;PP1;NO;TRUE;NO;NONE;NONE;PP1; 8;YES;Y;TRUE;YES;208;8EQY;8EQY;1;NO;PP1;1X;208-8;Q +GP;TRUE;FALSE;PP1;208-8;2;4;PP1 > OBJ;PP1 > OBJ;PP1
208-8-2;208.8X;208;8EDN;B8; 8;X;1X;NO;YES;YES;PP1;OBJ;NO;NONE;YES;NONE;208.8X;208;8EDN;B8; 8;X;16Y;NO;YES;YES;PP1;OBJ;NO;NONE;YES;NONE;NONE;208;PP1;YES;TRUE;NO;OBJ;NONE;PP1 > OBJ; 8;YES;X;TRUE;YES;208;8EQY;8EQY;2;NO;PP1 > OBJ;1X;208-8;Q +GP;TRUE;FALSE;BOTH;208-8;2;4;PP1 > OBJ;PP1 > OBJ;PP1 > OBJ
210-10-1;210.10Y;210;10EQN;B6;10;Y;16Y;YES;YES;YES;PP1;OBJ;NO;NONE;NO;NONE;210.10Y;210;10EQN;B6;10;Y;NONE;NO;NO;YES;PP1;NONE;NO;NONE;NO;NONE;NONE;210;PP1;NO;TRUE;NO;NONE;NONE;PP1;10;YES;Y;FALSE;NO;210;10EDY;10EDY;1;NO;PP1;16Y;210-10;D +GP;TRUE;FALSE;PP1;210-10;2;2;PP1 > OBJ;PP1;PP1
210-10-2;210.10X;210;10EQN;B6;10;X;16Y;YES;YES;YES;PP1;V;NO;NONE;NO;NONE;210.10X;210;10EQN;B6;10;X;NONE;NO;YES;YES;PP1;OBJ;NO;NONE;NO;NONE;NONE;210;PP1;YES;TRUE;NO;OBJ;NONE;PP1 > OBJ;10;YES;X;FALSE;NO;210;10EDY;10EDY;2;NO;PP1 > OBJ;16Y;210-10;D +GP;TRUE;FALSE;BOTH;210-10;2;2;PP1 > OBJ;PP1 > OBJ;PP1 > OBJ
210-12-1;210.12Y;210;12EDN;B6;12;Y;16Y;YES;NO;YES;PP1;V;NO;NONE;YES;NONE;210.12Y;210;12EDN;B6;12;Y;NONE;NO;NO;YES;PP1;NONE;NO;NONE;YES;NONE;NONE;210;PP1;NO;TRUE;NO;NONE;NONE;PP1;12;YES;Y;TRUE;YES;210;12EQY;12EQY;1;NO;PP1;16Y;210-12;Q +GP;TRUE;FALSE;PP1;210-12;2;2;PP1;PP1;PP1
210-12-2;210.12X;210;12EDN;B6;12;X;16Y;YES;YES;YES;PP1;V;NO;NONE;YES;NONE;210.12X;210;12EDN;B6;12;X;NONE;NO;YES;YES;PP1;OBJ;NO;NONE;YES;NONE;NONE;210;PP1;NO;TRUE;NO;NONE;NONE;PP1;12;YES;X;TRUE;YES;210;12EQY;12EQY;2;NO;PP1;16Y;210-12;Q +GP;TRUE;FALSE;PP1;210-12;2;2;PP1 > OBJ;PP1 > OBJ;PP1
210-14-1;210.14Y;210;14EQY;B6;14;Y;16Y;YES;YES;YES;OBJ;PP1;NO;NONE;NO;NONE;210.14Y;210;14EQY;B6;14;Y;NONE;NO;YES;NO;OBJ;NONE;NO;NONE;NO;NONE;NONE;210;OBJ;YES;FALSE;NO;NONE;NONE;OBJ;14;NO;Y;FALSE;NO;210;14EDN;14EDN;1;NO;OBJ;16Y;210-14;D -GP;FALSE;TRUE;OBJ;210-14;2;2;OBJ > PP1;OBJ;OBJ
210-14-2;210.14X;210;14EQY;B6;14;X;16Y;NO;YES;YES;NONE;NONE;NO;NONE;NO;NONE;210.14X;210;14EQY;B6;14;X;NONE;NO;YES;NO;OBJ;NONE;NO;NONE;NO;NONE;NONE;210;OBJ;YES;FALSE;NO;NONE;NONE;OBJ;14;NO;X;FALSE;NO;210;14EDN;14EDN;2;NO;OBJ;16Y;210-14;D -GP;FALSE;TRUE;OBJ;210-14;2;2;BOTH;OBJ;OBJ
210-16-1;210.16Y;210;16EQY;B6;16;Y;16Y;NO;YES;YES;OBJ;PP1;NO;NONE;NO;NONE;210.16Y;210;16EQY;B6;16;Y;NONE;NO;YES;YES;PP1;OBJ;NO;NONE;NO;NONE;NONE;210;PP1;NO;FALSE;NO;NONE;NONE;PP1;16;YES;Y;FALSE;NO;210;16EDN;16EDN;1;NO;PP1;16Y;210-16;D -GP;TRUE;FALSE;PP1;210-16;2;2;OBJ > PP1;PP1 > OBJ;PP1
210-16-2;210.16X;210;16EQY;B6;16;X;16Y;NO;YES;YES;OBJ;PP1;NO;NONE;NO;NONE;210.16X;210;16EQY;B6;16;X;NONE;NO;NO;YES;PP1;NONE;NO;NONE;NO;NONE;NONE;210;PP1;NO;FALSE;NO;NONE;NONE;PP1;16;YES;X;FALSE;NO;210;16EDN;16EDN;2;NO;PP1;16Y;210-16;D -GP;TRUE;FALSE;PP1;210-16;2;2;OBJ > PP1;PP1;PP1
210-2-1;210.2Y;210;2EQN;B6; 2;Y;16Y;NO;YES;YES;PP1;OBJ;NO;NONE;NO;NONE;210.2Y;210;2EQN;B6; 2;Y;NONE;NO;NO;YES;PP1;NONE;NO;NONE;NO;NONE;NONE;210;PP1;NO;TRUE;NO;NONE;NONE;PP1; 2;YES;Y;FALSE;NO;210;2EDY;2EDY;1;NO;PP1;16Y;210-2;D +GP;TRUE;FALSE;PP1;210-2;2;2;PP1 > OBJ;PP1;PP1
210-2-2;210.2X;210;2EQN;B6; 2;X;16Y;YES;YES;YES;PP1;V;NO;NONE;NO;NONE;210.2X;210;2EQN;B6; 2;X;NONE;NO;NO;YES;PP1;NONE;NO;NONE;NO;2X FOR COLUMN D;NONE;210;PP1;NO;TRUE;NO;NONE;NONE;PP1; 2;YES;X;FALSE;NO;210;2EDY;2EDY;2;NO;PP1;16Y;210-2;D +GP;TRUE;FALSE;PP1;210-2;2;2;PP1 > OBJ;PP1;PP1
210-4-1;210.4Y;210;4EQY;B6; 4;Y;16Y;YES;YES;YES;OBJ;V;NO;NONE;NO;NONE;210.4Y;210;4EQY;B6; 4;Y;NONE;NO;YES;YES;PP1;OBJ;NO;NONE;NO;NONE;NONE;210;OBJ;YES;FALSE;NO;PP1;NONE;OBJ > PP1; 4;YES;Y;FALSE;NO;210;4EDN;4EDN;1;NO;OBJ > PP1;16Y;210-4;D -GP;FALSE;TRUE;BOTH;210-4;2;2;OBJ > PP1;PP1 > OBJ;OBJ > PP1
210-4-2;210.4X;210;4EQY;B6; 4;X;16Y;YES;YES;YES;OBJ;V;NO;NONE;NO;NONE;210.4X;210;4EQY;B6; 4;X;NONE;NO;YES;YES;OBJ;PP1;NO;NONE;NO;NONE;NONE;210;PP1;YES;FALSE;NO;OBJ;NONE;PP1 > OBJ; 4;YES;X;FALSE;NO;210;4EDN;4EDN;2;NO;PP1 > OBJ;16Y;210-4;D -GP;TRUE;FALSE;BOTH;210-4;2;2;OBJ > PP1;OBJ > PP1;PP1 > OBJ
210-6-1;210.6Y;210;6EQY;B6; 6;Y;16Y;NO;YES;YES;OBJ;PP1;NO;NONE;NO;NONE;210.6Y;210;6EQY;B6; 6;Y;NONE;NO;NO;YES;PP1;NONE;NO;NONE;NO;NONE;NONE;210;PP1;NO;FALSE;NO;NONE;NONE;PP1; 6;YES;Y;FALSE;NO;210;6EDN;6EDN;1;NO;PP1;16Y;210-6;D -GP;TRUE;FALSE;PP1;210-6;2;2;OBJ > PP1;PP1;PP1
210-6-2;210.6X;210;6EQY;B6; 6;X;16Y;YES;YES;YES;PP1;OBJ;NO;NONE;NO;NONE;210.6X;210;6EQY;B6; 6;X;NONE;NO;NO;YES;PP1;NONE;NO;NONE;NO;NONE;NONE;210;PP1;NO;FALSE;NO;NONE;NONE;PP1; 6;YES;X;FALSE;NO;210;6EDN;6EDN;2;NO;PP1;16Y;210-6;D -GP;TRUE;FALSE;PP1;210-6;2;2;PP1 > OBJ;PP1;PP1
210-8-1;210.8Y;210;8EDY;B6; 8;Y;16Y;YES;YES;YES;NONE;V;NO;NONE;YES;NONE;210.8Y;210;8EDY;B6; 8;Y;NONE;NO;YES;YES;PP1;OBJ;NO;NONE;YES;NONE;NONE;210;PP1;NO;FALSE;NO;NONE;NONE;PP1; 8;YES;Y;TRUE;YES;210;8EQN;8EQN;1;NO;PP1;16Y;210-8;Q -GP;TRUE;FALSE;PP1;210-8;2;2;BOTH;PP1 > OBJ;PP1
210-8-2;210.8X;210;8EDY;B6; 8;X;16Y;YES;YES;YES;PP1;V;NO;NONE;YES;NONE;210.8X;210;8EDY;B6; 8;X;NONE;NO;NO;YES;PP1;NONE;NO;NONE;YES;NONE;NONE;210;PP1;NO;FALSE;NO;NONE;NONE;PP1; 8;YES;X;TRUE;YES;210;8EQN;8EQN;2;NO;PP1;16Y;210-8;Q -GP;TRUE;FALSE;PP1;210-8;2;2;PP1 > OBJ;PP1;PP1
22-10-1;22.10Y; 22;10EQN;B2;10;Y;16Y;YES;YES;YES;NONE;V;NO;NONE;NO;NONE;22.10Y; 22;10EQN;B2;10;Y;NONE;NO;YES;YES;NONE;NONE;NO;NONE;NO;NONE;NONE; 22;OBJ;YES;TRUE;NO;PP1;NONE;OBJ > PP1;10;YES;X;FALSE;NO; 22;10EDY;10EDY;1;NO;OBJ > PP1;1Y;22-10;D +GP;FALSE;TRUE;BOTH;22-10;1;2;BOTH;BOTH;OBJ > PP1
22-10-2;22.10X; 22;10EQN;B2;10;X;16Y;YES;YES;YES;OBJ;V;NO;NONE;NO;NONE;22.10X; 22;10EQN;B2;10;X;NONE;NO;YES;YES;PP1;OBJ;NO;NONE;NO;NONE;NONE; 22;OBJ;YES;TRUE;NO;PP1;NONE;OBJ > PP1;10;YES;Y;FALSE;NO; 22;10EDY;10EDY;2;NO;OBJ > PP1;1Y;22-10;D +GP;FALSE;TRUE;BOTH;22-10;1;2;OBJ > PP1;PP1 > OBJ;OBJ > PP1
22-12-1;22.12Y; 22;12EDN;B2;12;Y;16Y;YES;YES;YES;NONE;NONE;NO;NONE;YES;NONE;22.12Y; 22;12EDN;B2;12;Y;NONE;NO;YES;NO;OBJ;NONE;NO;NONE;YES;NONE;NONE; 22;PP1;NO;TRUE;NO;NONE;NONE;PP1;12;YES;X;TRUE;YES; 22;12EQY;12EQY;1;NO;PP1;1Y;22-12;Q +GP;TRUE;FALSE;PP1;22-12;1;2;BOTH;OBJ;PP1
22-12-2;22.12X; 22;12EDN;B2;12;X;16Y;NO;YES;YES;NONE;NONE;NO;NONE;YES;NONE;22.12X; 22;12EDN;B2;12;X;NONE;NO;YES;YES;PP1;OBJ;NO;NONE;YES;NONE;NONE; 22;PP1;YES;TRUE;NO;OBJ;NONE;PP1 > OBJ;12;YES;Y;TRUE;YES; 22;12EQY;12EQY;2;NO;PP1 > OBJ;1Y;22-12;Q +GP;TRUE;FALSE;BOTH;22-12;1;2;BOTH;PP1 > OBJ;PP1 > OBJ
22-14-1;22.14Y; 22;14EQY;B2;14;Y;16Y;YES;YES;NO;V;OBJ;NO;NONE;NO;NONE;22.14Y; 22;14EQY;B2;14;Y;NONE;NO;YES;NO;OBJ;NONE;NO;NONE;NO;NONE;NONE; 22;OBJ;YES;FALSE;NO;NONE;NONE;OBJ;14;NO;X;FALSE;NO; 22;14EDN;14EDN;1;NO;OBJ;1Y;22-14;D -GP;FALSE;TRUE;OBJ;22-14;1;2;OBJ;OBJ;OBJ
22-14-2;22.14X; 22;14EQY;B2;14;X;16Y;YES;YES;NO;V;OBJ;NO;NONE;NO;NONE;22.14X; 22;14EQY;B2;14;X;NONE;NO;YES;NO;OBJ;NONE;NO;NONE;NO;NONE;NONE; 22;OBJ;YES;FALSE;NO;NONE;NONE;OBJ;14;NO;Y;FALSE;NO; 22;14EDN;14EDN;2;NO;OBJ;1Y;22-14;D -GP;FALSE;TRUE;OBJ;22-14;1;2;OBJ;OBJ;OBJ
22-16-1;22.16Y; 22;16EQY;B2;16;Y;16Y;NO;YES;YES;NONE;NONE;NO;NONE;NO;NONE;22.16Y; 22;16EQY;B2;16;Y;NONE;NO;YES;YES;PP1;OBJ;NO;NONE;NO;NONE;NONE; 22;OBJ;YES;FALSE;NO;PP1;NONE;OBJ > PP1;16;YES;X;FALSE;NO; 22;16EDN;16EDN;1;NO;OBJ > PP1;1Y;22-16;D -GP;FALSE;TRUE;BOTH;22-16;1;2;BOTH;PP1 > OBJ;OBJ > PP1
22-16-2;22.16X; 22;16EQY;B2;16;X;16Y;NO;YES;YES;NONE;NONE;NO;NONE;NO;NONE;22.16X; 22;16EQY;B2;16;X;NONE;NO;YES;YES;NONE;NONE;NO;NONE;NO;NONE;NONE; 22;OBJ;YES;FALSE;NO;NONE;NONE;OBJ;16;NO;Y;FALSE;NO; 22;16EDN;16EDN;2;NO;OBJ;1Y;22-16;D -GP;FALSE;TRUE;OBJ;22-16;1;2;BOTH;BOTH;OBJ
22-2-1;22.2Y; 22;2EQN;B2; 2;Y;16Y;YES;YES;YES;PP1;V;NO;NONE;NO;NONE;22.2Y; 22;2EQN;B2; 2;Y;NONE;NO;NO;YES;PP1;NONE;NO;NONE;NO;NONE;NONE; 22;PP1;NO;TRUE;NO;NONE;NONE;PP1; 2;YES;X;FALSE;NO; 22;2EDY;2EDY;1;NO;PP1;1Y;22-2;D +GP;TRUE;FALSE;PP1;22-2;1;2;PP1 > OBJ;PP1;PP1
22-2-2;22.2X; 22;2EQN;B2; 2;X;16Y;NO;YES;YES;OBJ;PP1;YES;PP1;NO;NONE;22.2X; 22;2EQN;B2; 2;X;NONE;NO;YES;YES;PP1;OBJ;NO;NONE;NO;NONE;2x for column D; 22;PP1;YES;TRUE;NO;OBJ;NONE;PP1 > OBJ; 2;YES;Y;FALSE;NO; 22;2EDY;2EDY;2;NO;PP1 > OBJ;1Y;22-2;D +GP;TRUE;FALSE;BOTH;22-2;1;2;OBJ > PP1;PP1 > OBJ;PP1 > OBJ
22-4-1;22.4Y; 22;4EQY;B2; 4;Y;16Y;YES;YES;YES;PP1;NONE;NO;NONE;NO;NONE;22.4Y; 22;4EQY;B2; 4;Y;NONE;NO;YES;YES;OBJ;PP1;NO;NONE;NO;NONE;NONE; 22;OBJ;YES;FALSE;NO;PP1;NONE;OBJ > PP1; 4;YES;X;FALSE;NO; 22;4EDN;4EDN;1;NO;OBJ > PP1;1Y;22-4;D -GP;FALSE;TRUE;BOTH;22-4;1;2;PP1 > OBJ;OBJ > PP1;OBJ > PP1
22-4-2;22.4X; 22;4EQY;B2; 4;X;16Y;YES;YES;YES;OBJ;PP1;NO;NONE;NO;NONE;22.4X; 22;4EQY;B2; 4;X;NONE;NO;YES;NO;OBJ;NONE;YES;NONE;NO;NONE;NONE; 22;OBJ;YES;FALSE;YES;V;NONE;OBJ; 4;NO;Y;FALSE;NO; 22;4EDN;4EDN;2;NO;OBJ > V;1Y;22-4;D -GP;FALSE;TRUE;OBJ;22-4;1;2;OBJ > PP1;OBJ;OBJ
22-6-1;22.6Y; 22;6EQY;B2; 6;Y;16Y;NO;YES;NO;OBJ;NONE;NO;NONE;NO;NONE;22.6Y; 22;6EQY;B2; 6;Y;NONE;NO;NO;NO;NONE;NONE;NO;NONE;NO;NONE;NONE; 22;PP1;NO;FALSE;NO;NONE;NONE;PP1; 6;YES;X;FALSE;NO; 22;6EDN;6EDN;1;NO;PP1;1Y;22-6;D -GP;TRUE;FALSE;PP1;22-6;1;2;OBJ;NONE;PP1
22-6-2;22.6X; 22;6EQY;B2; 6;X;16Y;NO;YES;YES;OBJ;PP1;NO;NONE;NO;NONE;22.6X; 22;6EQY;B2; 6;X;NONE;NO;YES;NO;OBJ;NONE;NO;NONE;NO;NONE;NONE; 22;OBJ;YES;FALSE;NO;NONE;NONE;OBJ; 6;NO;Y;FALSE;NO; 22;6EDN;6EDN;2;NO;OBJ;1Y;22-6;D -GP;FALSE;TRUE;OBJ;22-6;1;2;OBJ > PP1;OBJ;OBJ
22-8-1;22.8Y; 22;8EDY;B2; 8;Y;16Y;NO;YES;YES;OBJ;PP1;NO;NONE;YES;NONE;22.8Y; 22;8EDY;B2; 8;Y;NONE;NO;YES;YES;OBJ;PP1;NO;NONE;YES;NONE;NONE; 22;PP1;YES;FALSE;NO;OBJ;NONE;PP1 > OBJ; 8;YES;X;TRUE;YES; 22;8EQN;8EQN;1;NO;PP1 > OBJ;1Y;22-8;Q -GP;TRUE;FALSE;BOTH;22-8;1;2;OBJ > PP1;OBJ > PP1;PP1 > OBJ
22-8-2;22.8X; 22;8EDY;B2; 8;X;16Y;NO;YES;YES;NONE;NONE;NO;NONE;YES;NONE;22.8X; 22;8EDY;B2; 8;X;NONE;NO;NO;YES;OBJ;NONE;NO;NONE;YES;NONE;NONE; 22;OBJ;YES;FALSE;NO;NONE;NONE;OBJ; 8;NO;Y;TRUE;YES; 22;8EQN;8EQN;2;NO;OBJ;1Y;22-8;Q -GP;FALSE;TRUE;OBJ;22-8;1;2;BOTH;PP1;OBJ
4-1-1;4.1Y;  4;1EDY;B4; 1;Y;16Y;YES;YES;YES;PP1;V;NO;NONE;YES;NONE;4.1Y;  4;1EDY;B4; 1;Y;1X;NO;YES;YES;PP1;OBJ;YES;PP2;YES;NONE;NONE;  4;PP1;YES;FALSE;NO;OBJ;PP2;PP1 > OBJ; 1;YES;X;TRUE;YES;  4;1EQN;4.1EQN_X;1;YES;PP1 > OBJ;16X;4-1;Q -GP;TRUE;FALSE;BOTH;4-1;1;4;PP1 > OBJ;PP1 > OBJ;PP1 > OBJ
4-1-2;4.1X;  4;1EDY;B4; 1;X;16Y;NO;YES;YES;PP1;OBJ;NO;NONE;YES;NONE;4.1X;  4;1EDY;B4; 1;X;1X;NO;NO;YES;PP1;NONE;NO;NONE;YES;NONE;NONE;  4;OBJ;YES;FALSE;NO;NONE;NONE;OBJ; 1;NO;Y;TRUE;YES;  4;1EQN;4.1EQN_Y;2;NO;OBJ;16X;4-1;Q -GP;FALSE;TRUE;OBJ;4-1;1;4;PP1 > OBJ;PP1;OBJ
4-11-1;4.11Y;  4;11EDN;B4;11;Y;16Y;NO;YES;YES;PP1;OBJ;YES;PP2;YES;NONE;4.11Y;  4;11EDN;B4;11;Y;1X;NO;YES;YES;PP1;OBJ;NO;NONE;YES;NONE;NONE;  4;PP1;YES;TRUE;NO;OBJ;NONE;PP1 > OBJ;11;YES;X;TRUE;YES;  4;11EQY;4.11EQY_X;1;NO;PP1 > OBJ;16X;4-11;Q +GP;TRUE;FALSE;BOTH;4-11;1;4;PP1 > OBJ;PP1 > OBJ;PP1 > OBJ
4-11-2;4.11X;  4;11EDN;B4;11;X;16Y;NO;YES;YES;NONE;NONE;NO;NONE;YES;NONE;4.11X;  4;11EDN;B4;11;X;1X;NO;YES;YES;PP1;OBJ;NO;NONE;YES;NONE;NONE;  4;PP1;YES;TRUE;NO;OBJ;NONE;PP1 > OBJ;11;YES;Y;TRUE;YES;  4;11EQY;4.11EQY_Y;2;NO;PP1 > OBJ;16X;4-11;Q +GP;TRUE;FALSE;BOTH;4-11;1;4;BOTH;PP1 > OBJ;PP1 > OBJ
4-13-1;4.13Y;  4;13EDN;B4;13;Y;16Y;YES;YES;YES;PP1;NONE;YES;PP1;YES;NONE;4.13Y;  4;13EDN;B4;13;Y;1X;NO;YES;YES;PP1;OBJ;YES;OBJ;YES;NONE;NONE;  4;PP1;YES;TRUE;NO;OBJ;NONE;PP1 > OBJ;13;YES;X;TRUE;NO;  4;13EQY;4.13EQY_X;1;NO;PP1 > OBJ;16X;4-13;Q +GP;TRUE;FALSE;BOTH;4-13;1;4;PP1 > OBJ;PP1 > OBJ;PP1 > OBJ
4-13-2;4.13X;  4;13EDN;B4;13;X;16Y;NO;YES;YES;PP1;OBJ;YES;PP2;YES;NONE;4.13X;  4;13EDN;B4;13;X;1X;NO;NO;YES;PP1;NONE;NO;NONE;YES;NONE;NONE;  4;PP1;NO;TRUE;NO;NONE;NONE;PP1;13;YES;Y;TRUE;YES;  4;13EQY;4.13EQY_Y;2;NO;PP1;16X;4-13;Q +GP;TRUE;FALSE;PP1;4-13;1;4;PP1 > OBJ;PP1;PP1
4-15-1;4.15Y;  4;15EDY;B4;15;Y;16Y;NO;YES;YES;NONE;NONE;YES;PP2;YES;NONE;4.15Y;  4;15EDY;B4;15;Y;1X;NO;YES;YES;PP1;OBJ;YES;PP2;YES;NONE;NONE;  4;PP1;YES;FALSE;NO;OBJ;PP2;PP1 > OBJ;15;YES;X;TRUE;YES;  4;15EQN;4.15EQN_X;1;YES;PP1 > OBJ;16X;4-15;Q -GP;TRUE;FALSE;BOTH;4-15;1;4;BOTH;PP1 > OBJ;PP1 > OBJ
4-15-2;4.15X;  4;15EDY;B4;15;X;16Y;NO;YES;YES;NONE;NONE;NO;NONE;YES;NONE;4.15X;  4;15EDY;B4;15;X;1X;NO;NO;YES;PP1;NONE;NO;NONE;YES;NONE;NONE;  4;OBJ;YES;FALSE;NO;NONE;NONE;OBJ;15;NO;Y;TRUE;YES;  4;15EQN;4.15EQN_Y;2;NO;OBJ;16X;4-15;Q -GP;FALSE;TRUE;OBJ;4-15;1;4;BOTH;PP1;OBJ
4-3-1;4.3Y;  4;3EQY;B4; 3;Y;16Y;YES;YES;YES;NONE;OBJ;NO;NONE;NO;NONE;4.3Y;  4;3EQY;B4; 3;Y;1X;NO;YES;YES;PP1;OBJ;NO;NONE;NO;NONE;NONE;  4;NONE;YES;FALSE;NO;NONE;NONE;OBJ PP1; 3;YES;X;FALSE;NO;  4;3EDN;4.3EDN_X;1;NO;OBJ PP1;16X;4-3;D -GP;FALSE;FALSE;BOTH;4-3;1;4;PP1 > OBJ;PP1 > OBJ;BOTH
4-3-2;4.3X;  4;3EQY;B4; 3;X;16Y;NO;YES;YES;OBJ;PP1;NO;NONE;NO;NONE;4.3X;  4;3EQY;B4; 3;X;1X;NO;YES;NO;OBJ;NONE;NO;NONE;NO;NONE;NONE;  4;OBJ;YES;FALSE;NO;NONE;NONE;OBJ; 3;NO;Y;FALSE;NO;  4;3EDN;4.3EDN_Y;2;NO;OBJ;16X;4-3;D -GP;FALSE;TRUE;OBJ;4-3;1;4;OBJ > PP1;OBJ;OBJ
4-5-1;4.5Y;  4;5EQY;B4; 5;Y;16Y;YES;YES;YES;PP1;V;YES;PP2;NO;NONE;4.5Y;  4;5EQY;B4; 5;Y;1X;NO;YES;YES;OBJ;PP1;YES;PP2;NO;NONE;NONE;  4;OBJ;YES;FALSE;NO;PP1;PP1;OBJ > PP1; 5;YES;X;FALSE;NO;  4;5EDN;4.5EDN_X;1;YES;OBJ > PP1;16X;4-5;D -GP;FALSE;TRUE;BOTH;4-5;1;4;PP1 > OBJ;OBJ > PP1;OBJ > PP1
4-5-2;4.5X;  4;5EQY;B4; 5;X;16Y;NO;YES;YES;PP1;OBJ;NO;NONE;NO;NONE;4.5X;  4;5EQY;B4; 5;X;1X;NO;YES;NO;OBJ;NONE;NO;NONE;NO;NONE;NONE;  4;OBJ;YES;FALSE;NO;NONE;NONE;OBJ; 5;NO;Y;FALSE;NO;  4;5EDN;4.5EDN_Y;2;NO;OBJ;16X;4-5;D -GP;FALSE;TRUE;OBJ;4-5;1;4;PP1 > OBJ;OBJ;OBJ
4-7-1;4.7Y;  4;7EDN;B4; 7;Y;16Y;YES;YES;YES;OBJ;PP1;YES;PP2;YES;NONE;4.7Y;  4;7EDN;B4; 7;Y;1X;NO;YES;YES;OBJ;PP1;YES;PP2;YES;NONE;NONE;  4;OBJ;YES;TRUE;NO;PP1;NONE;OBJ > PP1; 7;YES;X;TRUE;YES;  4;7EQY;4.7EQY_X;1;NO;OBJ > PP1;16X;4-7;Q +GP;FALSE;TRUE;BOTH;4-7;1;4;OBJ > PP1;OBJ > PP1;OBJ > PP1
4-7-2;4.7X;  4;7EDN;B4; 7;X;16Y;NO;YES;YES;PP1;OBJ;YES;PP2;YES;NONE;4.7X;  4;7EDN;B4; 7;X;1X;NO;NO;YES;PP1;NONE;YES;PP2;YES;NONE;NONE;  4;PP1;NO;TRUE;NO;NONE;PP2;PP1; 7;YES;Y;TRUE;YES;  4;7EQY;4.7EQY_Y;2;YES;PP1;16X;4-7;Q +GP;TRUE;FALSE;PP1;4-7;1;4;PP1 > OBJ;PP1;PP1
4-9-1;4.9Y;  4;9EDY;B4; 9;Y;16Y;YES;YES;YES;OBJ;PP1;YES;PP1;YES;NONE;4.9Y;  4;9EDY;B4; 9;Y;1X;NO;YES;YES;OBJ;PP1;NO;NONE;YES;NONE;NONE;  4;V;YES;FALSE;YES;OBJ;OBJ;OBJ; 9;NO;X;TRUE;NO;  4;9EQN;4.9EQN_X;1;YES;V > OBJ;16X;4-9;Q -GP;FALSE;TRUE;OBJ;4-9;1;4;OBJ > PP1;OBJ > PP1;OBJ
4-9-2;4.9X;  4;9EDY;B4; 9;X;16Y;NO;YES;YES;PP1;OBJ;YES;OBJ;YES;NONE;4.9X;  4;9EDY;B4; 9;X;1X;NO;YES;NO;OBJ;NONE;NO;NONE;YES;NONE;NONE;  4;V;NO;FALSE;YES;NONE;NONE;NONE; 9;NO;Y;TRUE;YES;  4;9EQN;4.9EQN_Y;2;NO;V;16X;4-9;Q -GP;FALSE;FALSE;NEITHER;4-9;1;4;PP1 > OBJ;OBJ;NONE
9-10-1;9.10Y;  9;10EDN;B1;10;Y;1X;YES;NO;YES;PP1;V;YES;PP1;NO;NONE;9.10Y;  9;10EDN;B1;10;Y;16Y;NO;NO;YES;PP1;NONE;YES;PP2;YES;NONE;NONE;  9;PP1;NO;FALSE;NO;NONE;PP2;PP1;10;YES;X;TRUE;NO;  9;10EQN;9.10EQN_X;1;YES;PP1;16Y;9-10;Q -GP;TRUE;FALSE;PP1;9-10;1;1;PP1;PP1;PP1
9-10-2;9.10X;  9;10EDN;B1;10;X;1X;YES;YES;YES;V;PP1;NO;NONE;YES;NONE;9.10X;  9;10EDN;B1;10;X;16Y;YES;NO;YES;PP1;V;NO;NONE;YES;NONE;NONE;  9;PP1;NO;FALSE;NO;NONE;NONE;PP1;10;YES;Y;TRUE;YES;  9;10EQN;9.10EQN_Y;2;NO;PP1;16Y;9-10;Q -GP;TRUE;FALSE;PP1;9-10;1;1;OBJ > PP1;PP1;PP1
9-12-1;9.12Y;  9;12EQN;B1;12;Y;1X;YES;YES;YES;V;OBJ;NO;NONE;NO;NONE;9.12Y;  9;12EQN;B1;12;Y;16Y;NO;NO;YES;PP1;NONE;NO;NONE;NO;NONE;NONE;  9;PP1;NO;FALSE;NO;NONE;NONE;PP1;12;YES;X;FALSE;NO;  9;12EDN;9.12EDN_X;1;NO;PP1;16Y;9-12;D -GP;TRUE;FALSE;PP1;9-12;1;1;PP1 > OBJ;PP1;PP1
9-12-2;9.12X;  9;12EQN;B1;12;X;1X;YES;YES;YES;OBJ;V;NO;NONE;NO;NONE;9.12X;  9;12EQN;B1;12;X;16Y;NO;YES;NO;OBJ;NONE;NO;NONE;NO;NONE;NONE;  9;OBJ;YES;FALSE;NO;PP1;NONE;OBJ > PP1;12;YES;Y;FALSE;NO;  9;12EDN;9.12EDN_Y;2;NO;OBJ > PP1;16Y;9-12;D -GP;FALSE;TRUE;BOTH;9-12;1;1;OBJ > PP1;OBJ;OBJ > PP1
9-14-1;9.14Y;  9;14EDY;B1;14;Y;1X;NO;YES;YES;PP1;OBJ;YES;PP1;NO;NONE;9.14Y;  9;14EDY;B1;14;Y;16Y;NO;NO;YES;PP1;NONE;NO;NONE;NO;NONE;NONE;  9;PP1;NO;TRUE;NO;NONE;PP2;PP1;14;YES;X;TRUE;NO;  9;14EQY;9.14EQY_X;1;YES;PP1;16Y;9-14;Q +GP;TRUE;FALSE;PP1;9-14;1;1;PP1 > OBJ;PP1;PP1
9-14-2;9.14X;  9;14EDY;B1;14;X;1X;YES;NO;YES;PP1;V;NO;NONE;NO;NONE;9.14X;  9;14EDY;B1;14;X;16Y;NO;YES;YES;NONE;NONE;YES;PP2;NO;NONE;NONE;  9;PP1;NO;TRUE;NO;NONE;NONE;PP1;14;YES;Y;TRUE;NO;  9;14EQY;9.14EQY_Y;2;NO;PP1;16Y;9-14;Q +GP;TRUE;FALSE;PP1;9-14;1;1;PP1;BOTH;PP1
9-16-1;9.16Y;  9;16EDY;B1;16;Y;1X;YES;NO;YES;PP1;V;NO;NONE;YES;NONE;9.16Y;  9;16EDY;B1;16;Y;16Y;NO;NO;YES;PP1;NONE;NO;NONE;YES;NONE;NONE;  9;PP1;NO;TRUE;NO;NONE;NONE;PP1;16;YES;X;TRUE;YES;  9;16EQY;9.16EQY_X;1;NO;PP1;16Y;9-16;Q +GP;TRUE;FALSE;PP1;9-16;1;1;PP1;PP1;PP1
9-16-2;9.16X;  9;16EDY;B1;16;X;1X;NO;YES;YES;PP1;OBJ;NO;NONE;YES;NONE;9.16X;  9;16EDY;B1;16;X;16Y;NO;NO;YES;PP1;NONE;NO;NONE;YES;NONE;NONE;  9;PP1;NO;TRUE;YES;V;NONE;PP1;16;YES;Y;TRUE;YES;  9;16EQY;9.16EQY_Y;2;NO;PP1 > V;16Y;9-16;Q +GP;TRUE;FALSE;PP1;9-16;1;1;PP1 > OBJ;PP1;PP1
9-2-1;9.2Y;  9;2EDN;B1; 2;Y;1X;YES;YES;YES;PP1;OBJ;YES;OBJ;YES;NONE;9.2Y;  9;2EDN;B1; 2;Y;16Y;NO;NO;YES;PP1;NONE;YES;PP2;YES;NONE;NONE;  9;PP1;NO;FALSE;NO;NONE;PP2;PP1; 2;YES;X;TRUE;YES;  9;2EQN;9.2EQN_X;1;YES;PP1;16Y;9-2;Q -GP;TRUE;FALSE;PP1;9-2;1;1;PP1 > OBJ;PP1;PP1
9-2-2;9.2X;  9;2EDN;B1; 2;X;1X;YES;NO;YES;PP1;V;NO;NONE;YES;NONE;9.2X;  9;2EDN;B1; 2;X;16Y;NO;NO;YES;PP1;NONE;NO;NONE;YES;NONE;NONE;  9;OBJ;YES;FALSE;NO;PP1;NONE;OBJ > PP1; 2;NO;Y;TRUE;YES;  9;2EQN;9.2EQN_Y;2;NO;OBJ > PP1;16Y;9-2;Q -GP;FALSE;TRUE;OBJ;9-2;1;1;PP1;PP1;OBJ
9-4-1;9.4Y;  9;4EDY;B1; 4;Y;1X;YES;YES;YES;OBJ;PP1;NO;NONE;NO;NONE;9.4Y;  9;4EDY;B1; 4;Y;16Y;NO;YES;YES;OBJ;PP1;NO;NONE;NO;NONE;NONE;  9;PP1;YES;TRUE;NO;OBJ;NONE;PP1 > OBJ; 4;YES;X;TRUE;NO;  9;4EQY;9.4EQY_X;1;NO;PP1 > OBJ;16Y;9-4;Q +GP;TRUE;FALSE;BOTH;9-4;1;1;OBJ > PP1;OBJ > PP1;PP1 > OBJ
9-4-2;9.4X;  9;4EDY;B1; 4;X;1X;YES;YES;YES;OBJ;V;NO;NONE;NO;NONE;9.4X;  9;4EDY;B1; 4;X;16Y;NO;YES;YES;OBJ;PP1;NO;NONE;NO;NONE;NONE;  9;OBJ;YES;TRUE;NO;NONE;NONE;OBJ; 4;NO;Y;TRUE;NO;  9;4EQY;9.4EQY_Y;2;NO;OBJ;16Y;9-4;Q +GP;FALSE;TRUE;OBJ;9-4;1;1;OBJ > PP1;OBJ > PP1;OBJ
9-6-1;9.6Y;  9;6EDY;B1; 6;Y;1X;NO;YES;YES;OBJ;PP1;NO;NONE;YES;NONE;9.6Y;  9;6EDY;B1; 6;Y;16Y;NO;NO;YES;PP1;NONE;NO;NONE;YES;NONE;NONE;  9;PP1;NO;TRUE;NO;NONE;PP2;PP1; 6;YES;X;TRUE;YES;  9;6EQY;9.6EQY_X;1;YES;PP1;16Y;9-6;Q +GP;TRUE;FALSE;PP1;9-6;1;1;OBJ > PP1;PP1;PP1
9-6-2;9.6X;  9;6EDY;B1; 6;X;1X;NO;YES;YES;PP1;OBJ;NO;NONE;YES;NONE;9.6X;  9;6EDY;B1; 6;X;16Y;NO;NO;YES;PP1;NONE;NO;NONE;YES;NONE;NONE;  9;PP1;YES;TRUE;NO;OBJ;NONE;PP1 > OBJ; 6;YES;Y;TRUE;YES;  9;6EQY;9.6EQY_Y;2;NO;PP1 > OBJ;16Y;9-6;Q +GP;TRUE;FALSE;BOTH;9-6;1;1;PP1 > OBJ;PP1;PP1 > OBJ
9-8-1;9.8Y;  9;8EQY;B1; 8;Y;1X;YES;YES;YES;PP1;V;NO;NONE;NO;NONE;9.8Y;  9;8EQY;B1; 8;Y;16Y;NO;YES;YES;PP1;OBJ;NO;NONE;NO;NONE;NONE;  9;PP1;YES;TRUE;NO;OBJ;NONE;PP1 > OBJ; 8;YES;X;FALSE;NO;  9;8EDY;9.8EDY_X;1;NO;PP1 > OBJ;16Y;9-8;D +GP;TRUE;FALSE;BOTH;9-8;1;1;PP1 > OBJ;PP1 > OBJ;PP1 > OBJ
9-8-2;9.8X;  9;8EQY;B1; 8;X;1X;NO;YES;YES;PP1;OBJ;NO;NONE;NO;NONE;9.8X;  9;8EQY;B1; 8;X;16Y;NO;NO;YES;PP1;NONE;NO;NONE;NO;NONE;NONE;  9;PP1;NO;TRUE;NO;NONE;NONE;PP1; 8;YES;Y;FALSE;NO;  9;8EDY;9.8EDY_Y;2;NO;PP1;16Y;9-8;D +GP;TRUE;FALSE;PP1;9-8;1;1;PP1 > OBJ;PP1;PP1
