STRONG,OBJ,UID,Condition_GP,V,WEAK,STRUG_START,two_level_prosody,IID,PP1,XY,Condition_Q,QI,SID,REC_CLEAN,REC,Reading,STRUG,prosody,FIRST
OBJ,YES,1-1-1,FALSE,NO,NONE,,OBJ,1,NO,X,FALSE,NO,1,1EDN,1.1EDN_X,1,NO,OBJ ,1X
OBJ,YES,1-1-2,FALSE,YES,V,,OBJ > PP1,1,YES,Y,FALSE,NO,1,1EDN,1.1EDN_Y,2,NO,OBJ > V PP1,1X
PP1,NO,1-10-1,FALSE,NO,NONE,,PP1,10,YES,X,TRUE,YES,1,10EQN,1.10EQN_X,1,NO,PP1 ,1X
PP1,NO,1-10-2,FALSE,NO,NONE,,PP1,10,YES,Y,TRUE,NO,1,10EQN,1.10EQN_Y,2,NO,PP1 ,1X
OBJ,YES,1-11-1,TRUE,NO,PP1,,OBJ > PP1,11,YES,X,FALSE,NO,1,11EDY,1.11EDY_X,1,NO,OBJ > PP1,1X
NONE,YES,1-11-2,TRUE,NO,NONE,,OBJ PP1,11,YES,Y,FALSE,NO,1,11EDY,1.11EDY_Y,2,YES,OBJ PP1,1X
NONE,YES,1-12-1,FALSE,NO,NONE,,OBJ PP1,12,YES,X,FALSE,NO,1,12EDN,1.12EDN_X,1,NO,OBJ PP1,1X
PP1,YES,1-12-2,FALSE,NO,OBJ,,PP1 > OBJ,12,YES,Y,FALSE,NO,1,12EDN,1.12EDN_Y,2,NO,PP1 > OBJ,1X
OBJ,YES,1-13-1,TRUE,NO,PP1,PP2,OBJ > PP1,13,YES,X,FALSE,NO,1,13EDY,1.13EDY_X,1,YES,OBJ > PP1,1X
PP1,YES,1-13-2,TRUE,YES,V,,PP1 > OBJ,13,YES,Y,FALSE,NO,1,13EDY,1.13EDY_Y,2,NO,PP1 > V OBJ,1X
OBJ,YES,1-14-1,TRUE,NO,PP1,,OBJ > PP1,14,YES,X,TRUE,NO,1,14EQY,1.14EQY_X,1,NO,OBJ > PP1,1X
PP1,YES,1-14-2,TRUE,NO,OBJ,,PP1 > OBJ,14,YES,Y,TRUE,NO,1,14EQY,1.14EQY_Y,2,NO,PP1 > OBJ,1X
PP1,YES,1-15-1,FALSE,NO,OBJ,,PP1 > OBJ,15,YES,X,FALSE,NO,1,15EDN,1.15EDN_X,1,NO,PP1 > OBJ,1X
OBJ,YES,1-15-2,FALSE,NO,PP1,,OBJ > PP1,15,YES,Y,FALSE,NO,1,15EDN,1.15EDN_Y,2,NO,OBJ > PP1,1X
PP1,YES,1-16-1,TRUE,NO,OBJ,,PP1 > OBJ,16,YES,X,TRUE,YES,1,16EQY,1.16EQY_X,1,NO,PP1 > OBJ,1X
NONE,YES,1-16-2,TRUE,NO,NONE,,OBJ PP1,16,YES,Y,TRUE,NO,1,16EQY,1.16EQY_Y,2,NO,OBJ PP1,1X
OBJ,YES,1-2-1,FALSE,NO,PP1,PP2,OBJ > PP1,2,YES,X,TRUE,YES,1,2EQN,1.2EQN_X,1,YES,OBJ > PP1,1X
OBJ,YES,1-2-2,FALSE,NO,PP1,,OBJ > PP1,2,YES,Y,TRUE,NO,1,2EQN,1.2EQN_Y,2,NO,OBJ > PP1,1X
OBJ,YES,1-3-1,FALSE,YES,V,,OBJ > PP1,3,YES,X,TRUE,NO,1,3EQN,1.3EQN_X,1,NO,OBJ > V PP1,1X
OBJ,YES,1-3-2,FALSE,NO,PP1,,OBJ > PP1,3,YES,Y,TRUE,NO,1,3EQN,1.3EQN_Y,2,NO,OBJ > PP1,1X
PP1,YES,1-4-1,TRUE,NO,OBJ,START,PP1 > OBJ,4,YES,X,TRUE,NO,1,4EQY,1.4EQY_X,1,YES,PP1 > OBJ,1X
NONE,YES,1-4-2,TRUE,NO,NONE,,OBJ PP1,4,YES,Y,TRUE,NO,1,4EQY,1.4EQY_Y,2,NO,OBJ PP1,1X
OBJ,YES,1-5-1,FALSE,NO,NONE,,OBJ,5,NO,X,TRUE,NO,1,5EQN,1.5EQN_X,1,NO,OBJ ,1X
OBJ,YES,1-5-2,FALSE,NO,NONE,,OBJ,5,NO,Y,TRUE,NO,1,5EQN,1.5EQN_Y,2,NO,OBJ ,1X
OBJ,YES,1-6-1,TRUE,NO,PP1,PP1,OBJ > PP1,6,YES,X,TRUE,NO,1,6EQY,1.6EQY_X,1,YES,OBJ > PP1,1X
PP1,YES,1-6-2,TRUE,NO,OBJ,PP1,PP1 > OBJ,6,YES,Y,TRUE,NO,1,6EQY,1.6EQY_Y,2,YES,PP1 > OBJ,1X
PP1,YES,1-7-1,TRUE,NO,OBJ,PP2,PP1 > OBJ,7,YES,X,FALSE,NO,1,7EDY,1.7EDY_X,1,YES,PP1 > OBJ,1X
PP1,YES,1-7-2,TRUE,NO,OBJ,,PP1 > OBJ,7,YES,Y,FALSE,NO,1,7EDY,1.7EDY_Y,2,NO,PP1 > OBJ,1X
PP1,NO,1-8-1,TRUE,NO,NONE,PP1,PP1,8,YES,X,FALSE,NO,1,8EDY,1.8EDY_X,1,YES,PP1 ,1X
NONE,YES,1-8-2,TRUE,NO,NONE,,OBJ PP1,8,YES,Y,FALSE,NO,1,8EDY,1.8EDY_Y,2,NO,OBJ PP1,1X
PP1,YES,1-9-1,FALSE,YES,V,OBJ,PP1 > OBJ,9,YES,X,FALSE,NO,1,9EDN,1.9EDN_X,1,YES,PP1 > V OBJ,1X
OBJ,YES,1-9-2,FALSE,NO,PP1,,OBJ > PP1,9,YES,Y,FALSE,NO,1,9EDN,1.9EDN_Y,2,NO,OBJ > PP1,1X
OBJ,YES,10-1-1,TRUE,NO,PP1,PP2,OBJ > PP1,1,YES,X,TRUE,YES,10,1EQY,1EQY,1,YES,OBJ > PP1,1X
PP1,YES,10-1-2,TRUE,NO,OBJ,,PP1 > OBJ,1,YES,Y,TRUE,YES,10,1EQY,1EQY,2,NO,PP1 > OBJ,1X
PP1,NO,10-10-1,TRUE,YES,V,,PP1,10,YES,X,FALSE,NO,10,10EDY,10EDY,1,NO,PP1 > V,1X
PP1,NO,10-10-2,TRUE,NO,NONE,,PP1,10,YES,Y,FALSE,NO,10,10EDY,10EDY,2,NO,PP1 ,1X
PP1,YES,10-11-1,FALSE,NO,OBJ,,PP1 > OBJ,11,YES,X,TRUE,YES,10,11EQN,11EQN,1,NO,PP1 > OBJ,1X
OBJ,YES,10-11-2,FALSE,NO,NONE,,OBJ,11,NO,Y,TRUE,YES,10,11EQN,11EQN,2,NO,OBJ ,1X
PP1,NO,10-12-1,TRUE,YES,V,,PP1,12,YES,X,TRUE,YES,10,12EQY,12EQY,1,NO,PP1 > V,1X
PP1,NO,10-12-2,TRUE,YES,V,,PP1,12,YES,Y,TRUE,YES,10,12EQY,12EQY,2,NO,PP1 > V,1X
OBJ,YES,10-13-1,FALSE,NO,NONE,,OBJ,13,NO,X,TRUE,YES,10,13EQN,13EQN,1,NO,OBJ ,1X
OBJ,YES,10-13-2,FALSE,NO,NONE,,OBJ,13,NO,Y,TRUE,YES,10,13EQN,13EQN,2,NO,OBJ ,1X
OBJ,YES,10-14-1,FALSE,NO,NONE,,OBJ,14,NO,X,FALSE,NO,10,14EDN,14EDN,1,NO,OBJ ,1X
OBJ,YES,10-14-2,FALSE,NO,PP1,,OBJ > PP1,14,YES,Y,FALSE,NO,10,14EDN,14EDN,2,NO,OBJ > PP1,1X
PP1,YES,10-15-1,TRUE,NO,OBJ,,PP1 > OBJ,15,YES,X,TRUE,YES,10,15EQY,15EQY,1,NO,PP1 > OBJ,1X
PP1,YES,10-15-2,TRUE,NO,OBJ,,PP1 > OBJ,15,YES,Y,TRUE,YES,10,15EQY,15EQY,2,NO,PP1 > OBJ,1X
NONE,YES,10-16-1,FALSE,NO,NONE,,OBJ PP1,16,YES,X,FALSE,NO,10,16EDN,16EDN,1,NO,OBJ PP1,1X
OBJ,YES,10-16-2,FALSE,NO,PP1,,OBJ > PP1,16,YES,Y,FALSE,NO,10,16EDN,16EDN,2,NO,OBJ > PP1,1X
PP1,YES,10-2-1,TRUE,NO,OBJ,,PP1 > OBJ,2,YES,X,FALSE,NO,10,2EDY,2EDY,1,NO,PP1 > OBJ,1X
PP1,YES,10-2-2,TRUE,NO,OBJ,,PP1 > OBJ,2,YES,Y,FALSE,NO,10,2EDY,2EDY,2,NO,PP1 > OBJ,1X
PP1,YES,10-3-1,TRUE,NO,OBJ,,PP1 > OBJ,3,YES,X,FALSE,NO,10,3EDY,3EDY,1,NO,PP1 > OBJ,1X
OBJ,YES,10-3-2,TRUE,NO,PP1,,OBJ > PP1,3,YES,Y,FALSE,NO,10,3EDY,3EDY,2,NO,OBJ > PP1,1X
OBJ,YES,10-4-1,FALSE,NO,NONE,,OBJ,4,NO,X,FALSE,NO,10,4EDN,4EDN,1,NO,OBJ ,1X
PP1,YES,10-4-2,FALSE,NO,OBJ,,PP1 > OBJ,4,YES,Y,FALSE,NO,10,4EDN,4EDN,2,NO,PP1 > OBJ,1X
OBJ,YES,10-5-1,TRUE,NO,PP1,,OBJ > PP1,5,YES,X,FALSE,NO,10,5EDY,5EDY,1,NO,OBJ > PP1,1X
PP1,YES,10-5-2,TRUE,NO,OBJ,,PP1 > OBJ,5,YES,Y,FALSE,NO,10,5EDY,5EDY,2,NO,PP1 > OBJ,1X
PP1,NO,10-6-1,FALSE,NO,NONE,,PP1,6,YES,X,FALSE,NO,10,6EDN,6EDN,1,NO,PP1 ,1X
OBJ,YES,10-6-2,FALSE,NO,PP1,,OBJ > PP1,6,YES,Y,FALSE,NO,10,6EDN,6EDN,2,NO,OBJ > PP1,1X
OBJ,YES,10-7-1,FALSE,NO,PP1,,OBJ > PP1,7,YES,X,TRUE,YES,10,7EQN,7EQN,1,NO,OBJ > PP1,1X
PP1,YES,10-7-2,FALSE,NO,OBJ,,PP1 > OBJ,7,YES,Y,TRUE,YES,10,7EQN,7EQN,2,NO,PP1 > OBJ,1X
OBJ,YES,10-8-1,FALSE,NO,PP1,,OBJ > PP1,8,YES,X,TRUE,YES,10,8EQN,8EQN,1,NO,OBJ > PP1,1X
PP1,YES,10-8-2,FALSE,NO,OBJ,,PP1 > OBJ,8,YES,Y,TRUE,YES,10,8EQN,8EQN,2,NO,PP1 > OBJ,1X
PP1,YES,10-9-1,TRUE,NO,OBJ,,PP1 > OBJ,9,YES,X,TRUE,YES,10,9EQY,9EQY,1,NO,PP1 > OBJ,1X
PP1,YES,10-9-2,TRUE,NO,OBJ,,PP1 > OBJ,9,YES,Y,TRUE,YES,10,9EQY,9EQY,2,NO,PP1 > OBJ,1X
PP1,NO,11-1-1,TRUE,NO,NONE,,PP1,1,YES,X,FALSE,NO,11,1EDY,11.1EDY_X,1,NO,PP1 ,1Y
PP1,YES,11-1-2,TRUE,NO,OBJ,,PP1 > OBJ,1,YES,Y,FALSE,NO,11,1EDY,11.1EDY_Y,2,NO,PP1 > OBJ,1Y
PP1,NO,11-10-1,TRUE,NO,NONE,,PP1,10,YES,X,TRUE,NO,11,10EQY,11.10EQY_X,1,NO,PP1 ,1Y
PP1,NO,11-10-2,TRUE,NO,NONE,,PP1,10,YES,Y,TRUE,NO,11,10EQY,11.10EQY_Y,2,NO,PP1 ,1Y
PP1,YES,11-11-1,FALSE,NO,OBJ,,PP1 > OBJ,11,YES,X,FALSE,NO,11,11EDN,11.11EDN_X,1,NO,PP1 > OBJ,1Y
OBJ,YES,11-11-2,FALSE,NO,PP1,,OBJ > PP1,11,YES,Y,FALSE,NO,11,11EDN,11.11EDN_Y,2,NO,OBJ > PP1,1Y
OBJ,YES,11-15-1,TRUE,NO,PP1,,OBJ > PP1,15,YES,X,FALSE,NO,11,15EDY,11.15EDY_X,1,NO,OBJ > PP1,1Y
OBJ,YES,11-15-2,TRUE,NO,PP1,,OBJ > PP1,15,YES,Y,FALSE,NO,11,15EDY,11.15EDY_Y,2,NO,OBJ > PP1,1Y
V,NO,11-16-1,FALSE,YES,PP1,,PP1,16,YES,X,TRUE,YES,11,16EQN,11.16EQN_X,1,NO,V > PP1,1Y
PP1,NO,11-16-2,FALSE,NO,NONE,,PP1,16,YES,Y,TRUE,YES,11,16EQN,11.16EQN_Y,2,NO,PP1 ,1Y
PP1,NO,11-3-1,TRUE,NO,NONE,,PP1,3,YES,X,TRUE,YES,11,3EQY,11.3EQY_X,1,NO,PP1 ,1Y
PP1,YES,11-3-2,TRUE,NO,OBJ,,PP1 > OBJ,3,YES,Y,TRUE,YES,11,3EQY,11.3EQY_Y,2,NO,PP1 > OBJ,1Y
OBJ,YES,11-4-1,FALSE,NO,PP1,,OBJ > PP1,4,YES,X,TRUE,YES,11,4EQN,11.4EQN_X,1,NO,OBJ > PP1,1Y
PP1,NO,11-4-2,FALSE,NO,NONE,,PP1,4,YES,Y,TRUE,YES,11,4EQN,11.4EQN_Y,2,NO,PP1 ,1Y
PP1,NO,11-5-1,TRUE,NO,NONE,,PP1,5,YES,X,TRUE,YES,11,5EQY,11.5EQY_X,1,NO,PP1 ,1Y
PP1,YES,11-5-2,TRUE,NO,OBJ,,PP1 > OBJ,5,YES,Y,TRUE,YES,11,5EQY,11.5EQY_Y,2,NO,PP1 > OBJ,1Y
NONE,YES,11-6-1,FALSE,NO,NONE,,OBJ PP1,6,YES,X,TRUE,YES,11,6EQN,11.6EQN_X,1,NO,OBJ PP1,1Y
OBJ,YES,11-6-2,FALSE,YES,V,,OBJ,6,NO,Y,TRUE,YES,11,6EQN,11.6EQN_Y,2,NO,OBJ > V,1Y
OBJ,YES,11-7-1,FALSE,NO,NONE,PP1,OBJ,7,NO,X,FALSE,NO,11,7EDN,11.7EDN_X,1,YES,OBJ ,1Y
OBJ,YES,11-7-2,FALSE,NO,NONE,,OBJ,7,NO,Y,FALSE,NO,11,7EDN,11.7EDN_Y,2,NO,OBJ ,1Y
OBJ,YES,11-8-1,FALSE,NO,PP1,,OBJ > PP1,8,YES,X,FALSE,NO,11,8EDN,11.8EDN_X,1,NO,OBJ > PP1,1Y
PP1,YES,11-8-2,FALSE,NO,OBJ,,PP1 > OBJ,8,YES,Y,FALSE,NO,11,8EDN,11.8EDN_Y,2,NO,PP1 > OBJ,1Y
OBJ,YES,12-1-1,FALSE,NO,NONE,,OBJ,1,NO,X,TRUE,YES,12,1EQN,1EQN,1,NO,OBJ ,16X
PP1,YES,12-1-2,FALSE,NO,OBJ,,PP1 > OBJ,1,YES,Y,TRUE,YES,12,1EQN,1EQN,2,NO,PP1 > OBJ,16X
PP1,NO,12-10-1,FALSE,NO,NONE,,PP1,10,YES,X,FALSE,NO,12,10EDN,10EDN,1,NO,PP1 ,16X
OBJ,YES,12-10-2,FALSE,NO,NONE,,OBJ,10,NO,Y,FALSE,NO,12,10EDN,10EDN,2,NO,OBJ ,16X
PP1,NO,12-11-1,TRUE,NO,NONE,,PP1,11,YES,X,TRUE,YES,12,11EQY,11EQY,1,NO,PP1 ,16X
PP1,YES,12-11-2,TRUE,NO,OBJ,,PP1 > OBJ,11,YES,Y,TRUE,YES,12,11EQY,11EQY,2,NO,PP1 > OBJ,16X
PP1,NO,12-12-1,FALSE,NO,NONE,,PP1,12,YES,X,TRUE,YES,12,12EQN,12EQN,1,NO,PP1 ,16X
PP1,YES,12-12-2,FALSE,NO,OBJ,,PP1 > OBJ,12,YES,Y,TRUE,YES,12,12EQN,12EQN,2,NO,PP1 > OBJ,16X
PP1,NO,12-13-1,TRUE,NO,NONE,,PP1,13,YES,X,TRUE,YES,12,13EQY,13EQY,1,NO,PP1 ,16X
PP1,YES,12-13-2,TRUE,NO,OBJ,,PP1 > OBJ,13,YES,Y,TRUE,YES,12,13EQY,13EQY,2,NO,PP1 > OBJ,16X
PP1,YES,12-14-1,TRUE,NO,OBJ,,PP1 > OBJ,14,YES,X,FALSE,NO,12,14EDY,14EDY,1,NO,PP1 > OBJ,16X
PP1,YES,12-14-2,TRUE,NO,OBJ,,PP1 > OBJ,14,YES,Y,FALSE,NO,12,14EDY,14EDY,2,NO,PP1 > OBJ,16X
OBJ,YES,12-15-1,FALSE,NO,PP1,,OBJ > PP1,15,YES,X,TRUE,YES,12,15EQN,15EQN,1,NO,OBJ > PP1,16X
OBJ,YES,12-15-2,FALSE,NO,PP1,,OBJ > PP1,15,YES,Y,TRUE,YES,12,15EQN,15EQN,2,NO,OBJ > PP1,16X
PP1,NO,12-16-1,TRUE,YES,V,,PP1,16,YES,X,FALSE,NO,12,16EDY,16EDY,1,NO,PP1 > V,16X
PP1,YES,12-16-2,TRUE,NO,OBJ,,PP1 > OBJ,16,YES,Y,FALSE,NO,12,16EDY,16EDY,2,NO,PP1 > OBJ,16X
PP1,NO,12-2-1,FALSE,NO,NONE,,PP1,2,YES,X,FALSE,NO,12,2EDN,2EDN,1,NO,PP1 ,16X
OBJ,YES,12-2-2,FALSE,NO,PP1,,OBJ > PP1,2,YES,Y,FALSE,NO,12,2EDN,2EDN,2,NO,OBJ > PP1,16X
OBJ,YES,12-3-1,FALSE,NO,NONE,,OBJ,3,NO,X,FALSE,NO,12,3EDN,3EDN,1,NO,OBJ ,16X
OBJ,YES,12-3-2,FALSE,NO,PP1,,OBJ > PP1,3,YES,Y,FALSE,NO,12,3EDN,3EDN,2,NO,OBJ > PP1,16X
PP1,NO,12-4-1,TRUE,NO,NONE,,PP1,4,YES,X,FALSE,NO,12,4EDY,4EDY,1,NO,PP1 ,16X
PP1,YES,12-4-2,TRUE,NO,OBJ,,PP1 > OBJ,4,YES,Y,FALSE,NO,12,4EDY,4EDY,2,NO,PP1 > OBJ,16X
OBJ,YES,12-5-1,FALSE,NO,NONE,,OBJ > PP1,5,YES,X,FALSE,NO,12,5EDN,5EDN,1,NO,OBJ > PP1,16X
OBJ,YES,12-5-2,FALSE,NO,PP1,,OBJ > PP1,5,YES,Y,FALSE,NO,12,5EDN,5EDN,2,NO,OBJ > PP1,16X
PP1,YES,12-6-1,TRUE,NO,OBJ,,PP1 > OBJ,6,YES,X,FALSE,NO,12,6EDY,6EDY,1,NO,PP1 > OBJ,16X
PP1,YES,12-6-2,TRUE,NO,OBJ,,PP1 > OBJ,6,YES,Y,FALSE,NO,12,6EDY,6EDY,2,NO,PP1 > OBJ,16X
PP1,NO,12-7-1,TRUE,NO,NONE,,PP1,7,YES,X,TRUE,YES,12,7EQY,7EQY,1,NO,PP1 ,16X
PP1,YES,12-7-2,TRUE,NO,OBJ,,PP1 > OBJ,7,YES,Y,TRUE,YES,12,7EQY,7EQY,2,NO,PP1 > OBJ,16X
PP1,NO,12-8-1,TRUE,NO,NONE,,PP1,8,YES,X,TRUE,YES,12,8EQY,8EQY,1,NO,PP1 ,16X
PP1,YES,12-8-2,TRUE,NO,OBJ,PP2,PP1 > OBJ,8,YES,Y,TRUE,YES,12,8EQY,8EQY,2,YES,PP1 > OBJ,16X
OBJ,YES,12-9-1,FALSE,NO,NONE,,OBJ,9,NO,X,TRUE,YES,12,9EQN,9EQN,1,NO,OBJ ,16X
OBJ,YES,12-9-2,FALSE,NO,PP1,,OBJ > PP1,9,YES,Y,TRUE,YES,12,9EQN,9EQN,2,NO,OBJ > PP1,16X
PP1,YES,13-1-1,FALSE,NO,OBJ,,PP1 > OBJ,1,YES,X,FALSE,NO,13,1EDN,13.1EDN_X,1,NO,PP1 > OBJ,16X
OBJ,YES,13-1-2,FALSE,NO,PP1,,OBJ > PP1,1,YES,Y,FALSE,NO,13,1EDN,13.1EDN_Y,2,NO,OBJ > PP1,16X
PP1,NO,13-10-1,FALSE,YES,V,,PP1,10,YES,X,TRUE,YES,13,10EQN,13.10EQN_X,1,NO,PP1 > V,16X
PP1,NO,13-10-2,FALSE,NO,NONE,,PP1,10,YES,Y,TRUE,YES,13,10EQN,13.10EQN_Y,2,NO,PP1 ,16X
PP1,NO,13-11-1,TRUE,NO,NONE,,PP1,11,YES,X,FALSE,NO,13,11EDY,13.11EDY_X,1,NO,PP1 ,16X
PP1,YES,13-11-2,TRUE,NO,OBJ,,PP1 > OBJ,11,YES,Y,FALSE,NO,13,11EDY,13.11EDY_Y,2,NO,PP1 > OBJ,16X
PP1,NO,13-12-1,FALSE,NO,NONE,,PP1,12,YES,X,FALSE,NO,13,12EDN,13.12EDN_X,1,NO,PP1 ,16X
PP1,YES,13-12-2,FALSE,NO,OBJ,,PP1 > OBJ,12,YES,Y,FALSE,NO,13,12EDN,13.12EDN_Y,2,NO,PP1 > OBJ,16X
NONE,YES,13-13-1,TRUE,NO,NONE,,OBJ PP1,13,YES,X,FALSE,NO,13,13EDY,13.13EDY_X,1,NO,OBJ PP1,16X
PP1,YES,13-13-2,TRUE,NO,OBJ,,PP1 > OBJ,13,YES,Y,FALSE,NO,13,13EDY,13.13EDY_Y,2,NO,PP1 > OBJ,16X
PP1,NO,13-14-1,TRUE,NO,NONE,,PP1,14,YES,X,TRUE,YES,13,14EQY,13.14EQY_X,1,NO,PP1 ,16X
OBJ,YES,13-14-2,TRUE,NO,PP1,,OBJ > PP1,14,YES,Y,TRUE,YES,13,14EQY,13.14EQY_Y,2,NO,OBJ > PP1,16X
PP1,YES,13-15-1,FALSE,NO,OBJ,,PP1 > OBJ,15,YES,X,FALSE,NO,13,15EDN,13.15EDN_X,1,NO,PP1 > OBJ,16X
OBJ,YES,13-15-2,FALSE,NO,PP1,,OBJ > PP1,15,YES,Y,FALSE,NO,13,15EDN,13.15EDN_Y,2,NO,OBJ > PP1,16X
PP1,NO,13-16-1,TRUE,NO,NONE,,PP1,16,YES,X,TRUE,YES,13,16EQY,13.16EQY_X,1,NO,PP1 ,16X
OBJ,YES,13-16-2,TRUE,NO,PP1,,OBJ > PP1,16,YES,Y,TRUE,YES,13,16EQY,13.16EQY_Y,2,NO,OBJ > PP1,16X
PP1,NO,13-2-1,FALSE,NO,NONE,START,PP1,2,YES,X,TRUE,YES,13,2EQN,13.2EQN_X,1,NO,PP1 ,16X
OBJ,YES,13-2-2,FALSE,NO,PP1,,OBJ > PP1,2,YES,Y,TRUE,YES,13,2EQN,13.2EQN_Y,2,NO,OBJ > PP1,16X
OBJ,YES,13-3-1,FALSE,NO,NONE,,OBJ,3,NO,X,TRUE,NO,13,3EQN,13.3EQN_X,1,NO,OBJ ,16X
OBJ,YES,13-3-2,FALSE,NO,NONE,PP2,OBJ,3,NO,Y,TRUE,YES,13,3EQN,13.3EQN_Y,2,YES,OBJ ,16X
PP1,YES,13-4-1,TRUE,NO,OBJ,PP2,PP1 > OBJ,4,YES,X,TRUE,NO,13,4EQY,13.4EQY_X,1,YES,PP1 > OBJ,16X
PP1,YES,13-4-2,TRUE,NO,OBJ,,PP1 > OBJ,4,YES,Y,TRUE,YES,13,4EQY,13.4EQY_Y,2,NO,PP1 > OBJ,16X
OBJ,YES,13-5-1,FALSE,NO,NONE,,OBJ,5,NO,X,TRUE,YES,13,5EQN,13.5EQN_X,1,NO,OBJ ,16X
OBJ,YES,13-5-2,FALSE,NO,NONE,,OBJ,5,NO,Y,TRUE,YES,13,5EQN,13.5EQN_Y,2,NO,OBJ ,16X
PP1,NO,13-6-1,TRUE,NO,NONE,,PP1,6,YES,X,TRUE,YES,13,6EQY,13.6EQY_X,1,NO,PP1 ,16X
PP1,YES,13-6-2,TRUE,YES,OBJ,,PP1 > OBJ,6,YES,Y,TRUE,YES,13,6EQY,13.6EQY_Y,2,NO,PP1 > V OBJ,16X
PP1,YES,13-7-1,TRUE,NO,OBJ,,PP1 > OBJ,7,YES,X,FALSE,NO,13,7EDY,13.7EDY_X,1,NO,PP1 > OBJ,16X
PP1,YES,13-7-2,TRUE,NO,OBJ,,PP1 > OBJ,7,YES,Y,FALSE,NO,13,7EDY,13.7EDY_Y,2,NO,PP1 > OBJ,16X
OBJ,YES,13-8-1,TRUE,NO,PP1,PP1,OBJ > PP1,8,YES,X,FALSE,NO,13,8EDY,13.8EDY_X,1,YES,OBJ > PP1,16X
OBJ,YES,13-8-2,TRUE,NO,PP1,,OBJ > PP1,8,YES,Y,FALSE,NO,13,8EDY,13.8EDY_Y,2,NO,OBJ > PP1,16X
OBJ,YES,13-9-1,FALSE,NO,PP1,PP2,OBJ > PP1,9,YES,X,FALSE,NO,13,9EDN,13.9EDN_X,1,YES,OBJ > PP1,16X
NONE,YES,13-9-2,FALSE,NO,NONE,,OBJ PP1,9,YES,Y,FALSE,NO,13,9EDN,13.9EDN_Y,2,NO,OBJ PP1,16X
PP1,NO,14-1-1,TRUE,YES,V,PP2,PP1,1,YES,X,TRUE,YES,14,1EQY,1EQY,1,YES,PP1 > V,16Y
PP1,YES,14-1-2,TRUE,NO,OBJ,PP2,PP1 > OBJ,1,YES,Y,TRUE,YES,14,1EQY,1EQY,2,YES,PP1 > OBJ,16Y
PP1,NO,14-10-1,TRUE,NO,NONE,,PP1,10,YES,X,FALSE,NO,14,10EDY,10EDY,1,NO,PP1 ,16Y
PP1,NO,14-10-2,TRUE,NO,NONE,,PP1,10,YES,Y,FALSE,NO,14,10EDY,10EDY,2,NO,PP1 ,16Y
OBJ,YES,14-11-1,FALSE,NO,PP1,PP1,OBJ > PP1,11,YES,X,TRUE,YES,14,11EQN,11EQN,1,YES,OBJ > PP1,16Y
OBJ,YES,14-11-2,FALSE,NO,NONE,,OBJ,11,NO,Y,TRUE,YES,14,11EQN,11EQN,2,NO,OBJ ,16Y
PP1,NO,14-12-1,TRUE,NO,NONE,PP2,PP1,12,YES,X,TRUE,YES,14,12EQY,12EQY,1,YES,PP1 ,16Y
PP1,NO,14-12-2,TRUE,NO,NONE,V,PP1,12,YES,Y,TRUE,NO,14,12EQY,12EQY,2,YES,PP1 ,16Y
OBJ,YES,14-13-1,FALSE,NO,NONE,,OBJ,13,NO,X,TRUE,YES,14,13EQN,13EQN,1,NO,OBJ ,16Y
OBJ,YES,14-13-2,FALSE,NO,NONE,,OBJ,13,NO,Y,TRUE,YES,14,13EQN,13EQN,2,NO,OBJ ,16Y
OBJ,YES,14-14-1,FALSE,NO,NONE,,OBJ,14,NO,X,FALSE,NO,14,14EDN,14EDN,1,NO,OBJ ,16Y
PP1,YES,14-14-2,FALSE,NO,OBJ,,PP1 > OBJ,14,YES,Y,FALSE,NO,14,14EDN,14EDN,2,NO,PP1 > OBJ,16Y
PP1,YES,14-15-1,TRUE,NO,OBJ,,PP1 > OBJ,15,YES,X,TRUE,YES,14,15EQY,15EQY,1,NO,PP1 > OBJ,16Y
PP1,YES,14-15-2,TRUE,NO,OBJ,,PP1 > OBJ,15,YES,Y,TRUE,YES,14,15EQY,15EQY,2,NO,PP1 > OBJ,16Y
PP1,NO,14-16-1,FALSE,NO,NONE,PP1,PP1,16,YES,X,FALSE,NO,14,16EDN,16EDN,1,YES,PP1 ,16Y
PP1,NO,14-16-2,FALSE,NO,NONE,,PP1,16,YES,Y,FALSE,NO,14,16EDN,16EDN,2,NO,PP1 ,16Y
PP1,NO,14-2-1,TRUE,NO,NONE,,PP1,2,YES,X,FALSE,NO,14,2EDY,2EDY,1,NO,PP1 ,16Y
PP1,NO,14-2-2,TRUE,YES,V,V,PP1,2,YES,Y,FALSE,NO,14,2EDY,2EDY,2,YES,PP1 > V,16Y
PP1,NO,14-3-1,TRUE,YES,V,,PP1,3,YES,X,FALSE,NO,14,3EDY,3EDY,1,NO,PP1 > V,16Y
PP1,YES,14-3-2,TRUE,NO,OBJ,,PP1 > OBJ,3,YES,Y,FALSE,NO,14,3EDY,3EDY,2,NO,PP1 > OBJ,16Y
OBJ,YES,14-4-1,FALSE,NO,NONE,,OBJ,4,NO,X,FALSE,NO,14,4EDN,4EDN,1,NO,OBJ ,16Y
OBJ,YES,14-4-2,FALSE,YES,V,START,OBJ,4,NO,Y,FALSE,NO,14,4EDN,4EDN,2,YES,OBJ > V,16Y
PP1,NO,14-5-1,TRUE,NO,NONE,,PP1,5,YES,X,FALSE,NO,14,5EDY,5EDY,1,NO,PP1 ,16Y
PP1,YES,14-5-2,TRUE,NO,OBJ,,PP1 > OBJ,5,YES,Y,FALSE,NO,14,5EDY,5EDY,2,NO,PP1 > OBJ,16Y
OBJ,YES,14-6-1,FALSE,NO,PP1,PP2,OBJ > PP1,6,YES,X,FALSE,NO,14,6EDN,6EDN,1,YES,OBJ > PP1,16Y
OBJ,YES,14-6-2,FALSE,NO,PP1,,OBJ > PP1,6,YES,Y,FALSE,NO,14,6EDN,6EDN,2,NO,OBJ > PP1,16Y
OBJ,YES,14-7-1,FALSE,NO,PP1,PP2,OBJ > PP1,7,YES,X,TRUE,YES,14,7EQN,7EQN,1,YES,OBJ > PP1,16Y
OBJ,YES,14-7-2,FALSE,NO,PP1,,OBJ > PP1,7,YES,Y,TRUE,YES,14,7EQN,7EQN,2,NO,OBJ > PP1,16Y
OBJ,YES,14-8-1,FALSE,NO,PP1,PP1,OBJ > PP1,8,YES,X,TRUE,YES,14,8EQN,8EQN,1,YES,OBJ > PP1,16Y
OBJ,YES,14-8-2,FALSE,NO,PP1,,OBJ > PP1,8,YES,Y,TRUE,YES,14,8EQN,8EQN,2,NO,OBJ > PP1,16Y
PP1,YES,14-9-1,TRUE,NO,OBJ,PP1,PP1 > OBJ,9,YES,X,TRUE,YES,14,9EQY,9EQY,1,YES,PP1 > OBJ,16Y
PP1,YES,14-9-2,TRUE,NO,OBJ,,PP1 > OBJ,9,YES,Y,TRUE,YES,14,9EQY,9EQY,2,NO,PP1 > OBJ,16Y
PP1,NO,15-1-1,TRUE,NO,NONE,,PP1,1,YES,X,FALSE,NO,15,1EDY,15.1EDY_X,1,NO,PP1 ,1X
PP1,NO,15-1-2,TRUE,NO,NONE,,PP1,1,YES,Y,FALSE,NO,15,1EDY,15.1EDY_Y,2,NO,PP1 ,1X
PP1,NO,15-10-1,TRUE,NO,NONE,,PP1,10,YES,X,TRUE,YES,15,10EQY,15.10EQY_X,1,NO,PP1 ,1X
OBJ,YES,15-10-2,TRUE,NO,PP1,,OBJ > PP1,10,YES,Y,TRUE,YES,15,10EQY,15.10EQY_Y,2,NO,OBJ > PP1,1X
PP1,YES,15-11-1,FALSE,NO,OBJ,,PP1 > OBJ,11,YES,X,FALSE,NO,15,11EDN,15.11EDN_X,1,NO,PP1 > OBJ,1X
OBJ,YES,15-11-2,FALSE,NO,NONE,,OBJ,11,NO,Y,FALSE,NO,15,11EDN,15.11EDN_Y,2,NO,OBJ ,1X
PP1,NO,15-12-1,TRUE,NO,NONE,,PP1,12,YES,X,FALSE,NO,15,12EDY,15.12EDY_X,1,NO,PP1 ,1X
PP1,NO,15-12-2,TRUE,NO,NONE,,PP1,12,YES,Y,FALSE,NO,15,12EDY,15.12EDY_Y,2,NO,PP1 ,1X
PP1,NO,15-13-1,FALSE,NO,NONE,,PP1,13,YES,X,FALSE,NO,15,13EDN,15.13EDN_X,1,NO,PP1 ,1X
PP1,NO,15-13-2,FALSE,NO,NONE,,PP1,13,YES,Y,FALSE,NO,15,13EDN,15.13EDN_Y,2,NO,PP1 ,1X
OBJ,YES,15-14-1,FALSE,NO,NONE,,OBJ,14,NO,X,TRUE,YES,15,14EQN,15.14EQN_X,1,NO,OBJ ,1X
PP1,YES,15-14-2,FALSE,NO,OBJ,,PP1 > OBJ,14,YES,Y,TRUE,YES,15,14EQN,15.14EQN_Y,2,NO,PP1 > OBJ,1X
PP1,YES,15-15-1,TRUE,NO,OBJ,,PP1 > OBJ,15,YES,X,FALSE,NO,15,15EDY,15.15EDY_X,1,NO,PP1 > OBJ,1X
PP1,NO,15-15-2,TRUE,NO,NONE,,PP1,15,YES,Y,FALSE,NO,15,15EDY,15.15EDY_Y,2,NO,PP1 ,1X
OBJ,YES,15-16-1,FALSE,NO,NONE,,OBJ,16,NO,X,TRUE,YES,15,16EQN,15.16EQN_X,1,NO,OBJ ,1X
OBJ,YES,15-16-2,FALSE,NO,PP1,,OBJ > PP1,16,YES,Y,TRUE,YES,15,16EQN,15.16EQN_Y,2,NO,OBJ > PP1,1X
PP1,NO,15-2-1,TRUE,NO,NONE,,PP1,2,YES,X,TRUE,YES,15,2EQY,15.2EQY_X,1,NO,PP1 ,1X
PP1,YES,15-2-2,TRUE,NO,OBJ,,PP1 > OBJ,2,YES,Y,TRUE,YES,15,2EQY,15.2EQY_Y,2,NO,PP1 > OBJ,1X
PP1,NO,15-3-1,TRUE,NO,NONE,,PP1,3,YES,X,TRUE,YES,15,3EQY,15.3EQY_X,1,NO,PP1 ,1X
PP1,YES,15-3-2,TRUE,NO,OBJ,,PP1 > OBJ,3,YES,Y,TRUE,YES,15,3EQY,15.3EQY_Y,2,NO,PP1 > OBJ,1X
OBJ,YES,15-4-1,FALSE,NO,PP1,,OBJ > PP1,4,YES,X,TRUE,YES,15,4EQN,15.4EQN_X,1,NO,OBJ > PP1,1X
PP1,YES,15-4-2,FALSE,YES,V,,PP1 > OBJ,4,YES,Y,TRUE,YES,15,4EQN,15.4EQN_Y,2,NO,PP1 > V OBJ,1X
PP1,NO,15-5-1,TRUE,NO,NONE,,PP1,5,YES,X,TRUE,YES,15,5EQY,15.5EQY_X,1,NO,PP1 ,1X
PP1,NO,15-5-2,TRUE,NO,NONE,,PP1,5,YES,Y,TRUE,YES,15,5EQY,15.5EQY_Y,2,NO,PP1 ,1X
PP1,NO,15-6-1,FALSE,NO,NONE,,PP1,6,YES,X,TRUE,YES,15,6EQN,15.6EQN_X,1,NO,PP1 ,1X
PP1,NO,15-6-2,FALSE,NO,NONE,,PP1,6,YES,Y,TRUE,YES,15,6EQN,15.6EQN_Y,2,NO,PP1 ,1X
OBJ,YES,15-7-1,FALSE,NO,NONE,,OBJ,7,NO,X,FALSE,NO,15,7EDN,15.7EDN_X,1,NO,OBJ ,1X
PP1,NO,15-7-2,FALSE,NO,NONE,,PP1,7,YES,Y,FALSE,NO,15,7EDN,15.7EDN_Y,2,NO,PP1 ,1X
PP1,YES,15-8-1,FALSE,NO,OBJ,,PP1 > OBJ,8,YES,X,FALSE,NO,15,8EDN,15.8EDN_X,1,NO,PP1 > OBJ,1X
PP1,NO,15-8-2,FALSE,NO,NONE,,PP1,8,YES,Y,FALSE,NO,15,8EDN,15.8EDN_Y,2,NO,PP1 ,1X
PP1,YES,15-9-1,TRUE,NO,OBJ,,PP1 > OBJ,9,YES,X,FALSE,NO,15,9EDY,15.9EDY_X,1,NO,PP1 > OBJ,1X
PP1,NO,15-9-2,TRUE,NO,NONE,,PP1,9,YES,Y,FALSE,NO,15,9EDY,15.9EDY_Y,2,NO,PP1 ,1X
PP1,YES,16-1-1,FALSE,NO,OBJ,,PP1 > OBJ,1,YES,X,TRUE,YES,16,1EQN,1EQN,1,NO,PP1 > OBJ,1X
PP1,YES,16-1-2,FALSE,NO,OBJ,,PP1 > OBJ,1,YES,Y,TRUE,YES,16,1EQN,1EQN,2,NO,PP1 > OBJ,1X
OBJ,YES,16-10-1,FALSE,NO,PP1,,OBJ > PP1,10,YES,X,FALSE,NO,16,10EDN,10EDN,1,NO,OBJ > PP1,1X
OBJ,YES,16-10-2,FALSE,NO,NONE,,OBJ,10,NO,Y,FALSE,NO,16,10EDN,10EDN,2,NO,OBJ ,1X
OBJ,YES,16-11-1,TRUE,NO,PP1,,OBJ > PP1,11,YES,X,TRUE,YES,16,11EQY,11EQY,1,NO,OBJ > PP1,1X
PP1,YES,16-11-2,TRUE,NO,OBJ,,PP1 > OBJ,11,YES,Y,TRUE,YES,16,11EQY,11EQY,2,NO,PP1 > OBJ,1X
PP1,YES,16-12-1,FALSE,NO,OBJ,,PP1 > OBJ,12,YES,X,TRUE,YES,16,12EQN,12EQN,1,NO,PP1 > OBJ,1X
OBJ,YES,16-12-2,FALSE,NO,PP1,,OBJ > PP1,12,YES,Y,TRUE,YES,16,12EQN,12EQN,2,NO,OBJ > PP1,1X
PP1,YES,16-13-1,TRUE,NO,OBJ,,PP1 > OBJ,13,YES,X,TRUE,YES,16,13EQY,13EQY,1,NO,PP1 > OBJ,1X
PP1,YES,16-13-2,TRUE,NO,OBJ,,PP1 > OBJ,13,YES,Y,TRUE,YES,16,13EQY,13EQY,2,NO,PP1 > OBJ,1X
PP1,NO,16-14-1,TRUE,YES,V,,PP1,14,YES,X,FALSE,NO,16,14EDY,14EDY,1,NO,PP1 > V,1X
OBJ,YES,16-14-2,TRUE,NO,PP1,,OBJ > PP1,14,YES,Y,FALSE,NO,16,14EDY,14EDY,2,NO,OBJ > PP1,1X
OBJ,YES,16-15-1,FALSE,NO,NONE,,OBJ,15,NO,X,TRUE,YES,16,15EQN,15EQN,1,NO,OBJ ,1X
OBJ,YES,16-15-2,FALSE,NO,PP1,,OBJ > PP1,15,YES,Y,TRUE,YES,16,15EQN,15EQN,2,NO,OBJ > PP1,1X
PP1,YES,16-16-1,TRUE,NO,OBJ,,PP1 > OBJ,16,YES,X,FALSE,NO,16,16EDY,16EDY,1,NO,PP1 > OBJ,1X
PP1,YES,16-16-2,TRUE,NO,OBJ,,PP1 > OBJ,16,YES,Y,FALSE,NO,16,16EDY,16EDY,2,NO,PP1 > OBJ,1X
PP1,NO,16-2-1,FALSE,NO,NONE,,PP1,2,YES,X,FALSE,NO,16,2EDN,2EDN,1,NO,PP1 ,1X
PP1,NO,16-2-2,FALSE,NO,NONE,,PP1,2,YES,Y,FALSE,NO,16,2EDN,2EDN,2,NO,PP1 ,1X
PP1,NO,16-3-1,FALSE,YES,V,,PP1,3,YES,X,FALSE,NO,16,3EDN,3EDN,1,NO,PP1 > V,1X
OBJ,YES,16-3-2,FALSE,NO,PP1,PP2,OBJ > PP1,3,YES,Y,FALSE,NO,16,3EDN,3EDN,2,YES,OBJ > PP1,1X
OBJ,YES,16-4-1,TRUE,NO,PP1,PP2,OBJ > PP1,4,YES,X,FALSE,NO,16,4EDY,4EDY,1,YES,OBJ > PP1,1X
PP1,YES,16-4-2,TRUE,YES,V,,PP1 > OBJ,4,YES,Y,FALSE,NO,16,4EDY,4EDY,2,NO,PP1 > V OBJ,1X
OBJ,YES,16-5-1,FALSE,NO,NONE,,OBJ,5,NO,X,FALSE,NO,16,5EDN,5EDN,1,NO,OBJ ,1X
OBJ,YES,16-5-2,FALSE,NO,NONE,,OBJ,5,NO,Y,FALSE,NO,16,5EDN,5EDN,2,NO,OBJ ,1X
PP1,NO,16-6-1,TRUE,YES,V,,PP1,6,YES,X,FALSE,NO,16,6EDY,6EDY,1,NO,PP1 > V,1X
OBJ,YES,16-6-2,TRUE,NO,PP1,,OBJ > PP1,6,YES,Y,FALSE,NO,16,6EDY,6EDY,2,NO,OBJ > PP1,1X
PP1,NO,16-7-1,TRUE,NO,NONE,,PP1,7,YES,X,TRUE,YES,16,7EQY,7EQY,1,NO,PP1 ,1X
PP1,YES,16-7-2,TRUE,NO,OBJ,,PP1 > OBJ,7,YES,Y,TRUE,YES,16,7EQY,7EQY,2,NO,PP1 > OBJ,1X
PP1,NO,16-8-1,TRUE,NO,NONE,,PP1,8,YES,X,TRUE,NO,16,8EQY,8EQY,1,NO,PP1 ,1X
PP1,YES,16-8-2,TRUE,NO,OBJ,,PP1 > OBJ,8,YES,Y,TRUE,YES,16,8EQY,8EQY,2,NO,PP1 > OBJ,1X
OBJ,YES,16-9-1,FALSE,NO,NONE,,OBJ,9,NO,X,TRUE,YES,16,9EQN,9EQN,1,NO,OBJ ,1X
OBJ,YES,16-9-2,FALSE,NO,PP1,,OBJ > PP1,9,YES,Y,TRUE,YES,16,9EQN,9EQN,2,NO,OBJ > PP1,1X
OBJ,YES,17-1-1,FALSE,NO,PP1,,OBJ > PP1,1,YES,X,FALSE,NO,17,1EDN,17.1EDN_X,1,NO,OBJ > PP1,16Y
PP1,YES,17-1-2,FALSE,NO,OBJ,,PP1 > OBJ,1,YES,Y,FALSE,NO,17,1EDN,17.1EDN_Y,2,NO,PP1 > OBJ,16Y
PP1,NO,17-10-1,FALSE,NO,NONE,PP2,PP1,10,YES,X,TRUE,NO,17,10EQN,17.10EQN_X,1,YES,PP1 ,16Y
OBJ,YES,17-10-2,FALSE,NO,NONE,,OBJ,10,NO,Y,TRUE,YES,17,10EQN,17.10EQN_Y,2,NO,OBJ ,16Y
PP1,NO,17-11-1,TRUE,NO,NONE,,PP1,11,YES,X,FALSE,NO,17,11EDY,17.11EDY_X,1,NO,PP1 ,16Y
PP1,YES,17-11-2,TRUE,NO,OBJ,,PP1 > OBJ,11,YES,Y,FALSE,NO,17,11EDY,17.11EDY_Y,2,NO,PP1 > OBJ,16Y
PP1,NO,17-12-1,FALSE,NO,NONE,,PP1,12,YES,X,FALSE,YES,17,12EDN,17.12EDN_X,1,NO,PP1 ,16Y
PP1,NO,17-12-2,FALSE,YES,V,,PP1,12,YES,Y,FALSE,NO,17,12EDN,17.12EDN_Y,2,NO,PP1 > V,16Y
OBJ,YES,17-13-1,TRUE,NO,PP1,,OBJ > PP1,13,YES,X,FALSE,NO,17,13EDY,17.13EDY_X,1,NO,OBJ > PP1,16Y
PP1,YES,17-13-2,TRUE,YES,V,,PP1 > OBJ,13,YES,Y,FALSE,NO,17,13EDY,17.13EDY_Y,2,NO,PP1 > V OBJ,16Y
PP1,YES,17-14-1,TRUE,NO,OBJ,,PP1 > OBJ,14,YES,X,TRUE,NO,17,14EQY,17.14EQY_X,1,NO,PP1 > OBJ,16Y
PP1,YES,17-14-2,TRUE,NO,OBJ,,PP1 > OBJ,14,YES,Y,TRUE,YES,17,14EQY,17.14EQY_Y,2,NO,PP1 > OBJ,16Y
OBJ,YES,17-15-1,FALSE,NO,NONE,,OBJ,15,NO,X,FALSE,NO,17,15EDN,17.15EDN_X,1,NO,OBJ ,16Y
PP1,YES,17-15-2,FALSE,NO,OBJ,,PP1 > OBJ,15,YES,Y,FALSE,NO,17,15EDN,17.15EDN_Y,2,NO,PP1 > OBJ,16Y
OBJ,YES,17-16-1,TRUE,NO,PP1,,OBJ > PP1,16,YES,X,TRUE,YES,17,16EQY,17.16EQY_X,1,NO,OBJ > PP1,16Y
OBJ,YES,17-16-2,TRUE,NO,NONE,,OBJ,16,NO,Y,TRUE,YES,17,16EQY,17.16EQY_Y,2,NO,OBJ ,16Y
PP1,YES,17-2-1,FALSE,NO,OBJ,,PP1 > OBJ,2,YES,X,TRUE,YES,17,2EQN,17.2EQN_X,1,NO,PP1 > OBJ,16Y
PP1,YES,17-2-2,FALSE,YES,V,,PP1 > OBJ,2,YES,Y,TRUE,YES,17,2EQN,17.2EQN_Y,2,NO,PP1 > V OBJ,16Y
OBJ,YES,17-3-1,FALSE,NO,NONE,,OBJ,3,NO,X,TRUE,NO,17,3EQN,17.3EQN_X,1,NO,OBJ ,16Y
OBJ,YES,17-3-2,FALSE,NO,NONE,,OBJ,3,NO,Y,TRUE,YES,17,3EQN,17.3EQN_Y,2,NO,OBJ ,16Y
PP1,YES,17-4-1,TRUE,NO,OBJ,,PP1 > OBJ,4,YES,X,TRUE,YES,17,4EQY,17.4EQY_X,1,NO,PP1 > OBJ,16Y
OBJ,YES,17-4-2,TRUE,NO,PP1,,OBJ > PP1,4,YES,Y,TRUE,YES,17,4EQY,17.4EQY_Y,2,NO,OBJ > PP1,16Y
OBJ,YES,17-5-1,FALSE,NO,NONE,,OBJ,5,NO,X,TRUE,YES,17,5EQN,17.5EQN_X,1,NO,OBJ ,16Y
OBJ,YES,17-5-2,FALSE,NO,NONE,,OBJ,5,NO,Y,TRUE,YES,17,5EQN,17.5EQN_Y,2,NO,OBJ ,16Y
PP1,NO,17-6-1,TRUE,NO,NONE,,PP1,6,YES,X,TRUE,NO,17,6EQY,17.6EQY_X,1,NO,PP1 ,16Y
PP1,YES,17-6-2,TRUE,NO,OBJ,,PP1 > OBJ,6,YES,Y,TRUE,YES,17,6EQY,17.6EQY_Y,2,NO,PP1 > OBJ,16Y
PP1,NO,17-7-1,TRUE,NO,NONE,,PP1,7,YES,X,FALSE,NO,17,7EDY,17.7EDY_X,1,NO,PP1 ,16Y
OBJ,YES,17-7-2,TRUE,NO,PP1,,OBJ > PP1,7,YES,Y,FALSE,NO,17,7EDY,17.7EDY_Y,2,NO,OBJ > PP1,16Y
PP1,YES,17-8-1,TRUE,NO,OBJ,,PP1 > OBJ,8,YES,X,FALSE,NO,17,8EDY,17.8EDY_X,1,NO,PP1 > OBJ,16Y
PP1,YES,17-8-2,TRUE,YES,OBJ,,PP1 > OBJ,8,YES,Y,FALSE,NO,17,8EDY,17.8EDY_Y,2,NO,PP1 > V OBJ,16Y
OBJ,YES,17-9-1,FALSE,NO,PP1,,OBJ > PP1,9,YES,X,FALSE,NO,17,9EDN,17.9EDN_X,1,NO,OBJ > PP1,16Y
NONE,YES,17-9-2,FALSE,NO,NONE,,OBJ PP1,9,YES,Y,FALSE,NO,17,9EDN,17.9EDN_Y,2,NO,OBJ PP1,16Y
PP1,YES,19-1-1,TRUE,NO,OBJ,,PP1 > OBJ,1,YES,X,FALSE,NO,19,1EDY,19.1EDY_X,1,NO,PP1 > OBJ,1X
PP1,YES,19-1-2,TRUE,NO,OBJ,,PP1 > OBJ,1,YES,Y,FALSE,NO,19,1EDY,19.1EDY_Y,2,NO,PP1 > OBJ,1X
PP1,YES,19-10-1,TRUE,NO,OBJ,,PP1 > OBJ,10,YES,X,TRUE,YES,19,10EQY,19.10EQY_X,1,NO,PP1 > OBJ,1X
,YES,19-10-2,TRUE,NO,,,OBJ,10,,Y,TRUE,YES,19,10EQY,19.10EQY_Y,2,,OBJ,1X
NONE,YES,19-11-1,FALSE,NO,NONE,,OBJ PP1,11,YES,X,FALSE,NO,19,11EDN,19.11EDN_X,1,NO,OBJ PP1,1X
,,19-11-2,FALSE,,,,,11,,Y,FALSE,,19,11EDN,19.11EDN_Y,2,,,1X
PP1,YES,19-12-1,TRUE,NO,OBJ,,PP1 > OBJ,12,YES,X,FALSE,NO,19,12EDY,19.12EDY_X,1,NO,PP1 > OBJ,1X
OBJ,YES,19-12-2,TRUE,NO,PP1,,OBJ > PP1,12,YES,Y,FALSE,NO,19,12EDY,19.12EDY_Y,2,NO,OBJ > PP1,1X
OBJ,YES,19-13-1,FALSE,NO,NONE,,OBJ,13,NO,X,FALSE,NO,19,13EDN,19.13EDN_X,1,NO,OBJ ,1X
OBJ,YES,19-13-2,FALSE,NO,PP1,PP1,OBJ > PP1,13,YES,Y,FALSE,NO,19,13EDN,19.13EDN_Y,2,YES,OBJ > PP1,1X
OBJ,YES,19-14-1,TRUE,NO,PP1,,OBJ > PP1,14,YES,X,FALSE,YES,19,14EDY,19.14EDY_X,1,NO,OBJ > PP1,1X
OBJ,YES,19-14-2,FALSE,NO,PP1,,OBJ > PP1,14,YES,Y,TRUE,YES,19,14EQN,19.14EQN_Y,2,NO,OBJ > PP1,1X
PP1,NO,19-15-1,TRUE,NO,NONE,,PP1,15,YES,X,FALSE,NO,19,15EDY,19.15EDY_X,1,NO,PP1 ,1X
PP1,NO,19-15-2,TRUE,NO,NONE,,PP1,15,YES,Y,FALSE,NO,19,15EDY,19.15EDY_Y,2,NO,PP1 ,1X
OBJ,YES,19-16-1,FALSE,NO,PP1,,OBJ > PP1,16,YES,X,TRUE,YES,19,16EQN,19.16EQN_X,1,NO,OBJ > PP1,1X
PP1,NO,19-16-2,FALSE,NO,NONE,,PP1,16,YES,Y,TRUE,YES,19,16EQN,19.16EQN_Y,2,NO,PP1 ,1X
PP1,YES,19-2-1,TRUE,NO,OBJ,,PP1 > OBJ,2,YES,X,TRUE,YES,19,2EQY,19.2EQY_X,1,NO,PP1 > OBJ,1X
,YES,19-2-2,TRUE,NO,,,OBJ,2,,Y,TRUE,YES,19,2EQY,19.2EQY_Y,2,,OBJ,1X
PP1,YES,19-3-1,TRUE,NO,OBJ,,PP1 > OBJ,3,YES,X,TRUE,YES,19,3EQY,19.3EQY_X,1,NO,PP1 > OBJ,1X
,,19-3-2,TRUE,NO,,,,3,,Y,TRUE,,19,3EQY,19.3EQY_Y,2,,,1X
PP1,YES,19-4-1,FALSE,NO,OBJ,,PP1 > OBJ,4,YES,X,TRUE,YES,19,4EQN,19.4EQN_X,1,NO,PP1 > OBJ,1X
,YES,19-4-2,FALSE,NO,,,OBJ,4,,Y,TRUE,YES,19,4EQN,19.4EQN_Y,2,,OBJ,1X
PP1,YES,19-5-1,TRUE,NO,OBJ,,PP1 > OBJ,5,YES,X,TRUE,YES,19,5EQY,19.5EQY_X,1,NO,PP1 > OBJ,1X
OBJ,YES,19-5-2,TRUE,NO,PP1,,OBJ > PP1,5,YES,Y,TRUE,YES,19,5EQY,19.5EQY_Y,2,NO,OBJ > PP1,1X
OBJ,YES,19-6-1,FALSE,NO,PP1,,OBJ > PP1,6,YES,X,TRUE,YES,19,6EQN,19.6EQN_X,1,NO,OBJ > PP1,1X
PP1,NO,19-6-2,FALSE,NO,NONE,,PP1,6,YES,Y,TRUE,NO,19,6EQN,19.6EQN_Y,2,NO,PP1 ,1X
OBJ,YES,19-7-1,FALSE,NO,PP1,,OBJ > PP1,7,YES,X,FALSE,NO,19,7EDN,19.7EDN_X,1,NO,OBJ > PP1,1X
PP1,NO,19-7-2,FALSE,NO,NONE,,PP1,7,YES,Y,FALSE,NO,19,7EDN,19.7EDN_Y,2,NO,PP1 ,1X
OBJ,YES,19-8-1,FALSE,NO,PP1,,OBJ > PP1,8,YES,X,FALSE,NO,19,8EDN,19.8EDN_X,1,NO,OBJ > PP1,1X
PP1,YES,19-8-2,FALSE,NO,OBJ,,PP1 > OBJ,8,YES,Y,FALSE,NO,19,8EDN,19.8EDN_Y,2,NO,PP1 > OBJ,1X
PP1,YES,19-9-1,TRUE,NO,OBJ,,PP1 > OBJ,9,YES,X,FALSE,NO,19,9EDY,19.9EDY_X,1,NO,PP1 > OBJ,1X
,YES,19-9-2,TRUE,NO,,,OBJ,9,,Y,FALSE,NO,19,9EDY,19.9EDY_Y,2,,OBJ,1X
PP1,YES,2-1-1,TRUE,NO,OBJ,,PP1 > OBJ,1,YES,X,TRUE,YES,2,1EQY,2.1EQY_X,1,NO,PP1 > OBJ,1Y
PP1,NO,2-1-2,TRUE,NO,NONE,,PP1,1,YES,Y,TRUE,YES,2,1EQY,2.1EQY_Y,2,NO,PP1 ,1Y
PP1,NO,2-10-1,TRUE,NO,NONE,,PP1,10,YES,X,FALSE,NO,2,10EDY,2.10EDY_X,1,NO,PP1 ,1Y
PP1,NO,2-10-2,TRUE,NO,NONE,,PP1,10,YES,Y,FALSE,NO,2,10EDY,2.10EDY_Y,2,NO,PP1 ,1Y
OBJ,YES,2-11-1,FALSE,NO,PP1,,OBJ > PP1,11,YES,X,TRUE,YES,2,11EQN,2.11EQN_X,1,NO,OBJ > PP1,1Y
OBJ,YES,2-11-2,FALSE,NO,NONE,,OBJ,11,NO,Y,TRUE,YES,2,11EQN,2.11EQN_Y,2,NO,OBJ ,1Y
PP1,NO,2-12-1,TRUE,NO,NONE,,PP1,12,YES,X,TRUE,YES,2,12EQY,2.12EQY_X,1,NO,PP1 ,1Y
PP1,NO,2-12-2,TRUE,NO,NONE,,PP1,12,YES,Y,TRUE,YES,2,12EQY,2.12EQY_Y,2,NO,PP1 ,1Y
OBJ,YES,2-13-1,FALSE,NO,NONE,,OBJ,13,NO,X,TRUE,YES,2,13EQN,2.13EQN_X,1,NO,OBJ ,1Y
OBJ,YES,2-13-2,FALSE,NO,NONE,,OBJ,13,NO,Y,TRUE,YES,2,13EQN,2.13EQN_X,2,NO,OBJ ,1Y
OBJ,YES,2-14-1,FALSE,NO,NONE,,OBJ,14,NO,X,FALSE,NO,2,14EDN,2.14EDN_X,1,NO,OBJ ,1Y
OBJ,YES,2-14-2,FALSE,NO,NONE,,OBJ,14,NO,Y,FALSE,NO,2,14EDN,2.14EDN_Y,2,NO,OBJ ,1Y
PP1,YES,2-15-1,TRUE,NO,OBJ,,PP1 > OBJ,15,YES,X,TRUE,YES,2,15EQY,2.15EQY_X,1,NO,PP1 > OBJ,1Y
OBJ,YES,2-15-2,TRUE,NO,PP1,,OBJ > PP1,15,YES,Y,TRUE,YES,2,15EQY,2.15EQY_Y,2,NO,OBJ > PP1,1Y
OBJ,YES,2-16-1,FALSE,NO,NONE,,OBJ,16,NO,X,FALSE,NO,2,16EDN,2.16EDN_X,1,NO,OBJ ,1Y
PP1,NO,2-16-2,FALSE,YES,V,,PP1,16,YES,Y,FALSE,NO,2,16END,2.16END_Y,2,NO,PP1 > V,1Y
PP1,NO,2-2-1,TRUE,NO,NONE,,PP1,2,YES,X,FALSE,NO,2,2EDY,2.2EDY_X,1,NO,PP1 ,1Y
PP1,NO,2-2-2,TRUE,NO,NONE,,PP1,2,YES,Y,FALSE,NO,2,2EDY,2.2EDY_Y,2,NO,PP1 ,1Y
PP1,NO,2-3-1,TRUE,NO,NONE,,PP1,3,YES,X,FALSE,NO,2,3EDY,2.3EDY_X,1,NO,PP1 ,1Y
OBJ,YES,2-3-2,TRUE,NO,PP1,,OBJ > PP1,3,YES,Y,FALSE,NO,2,3EDY,2.3EDY_Y,2,NO,OBJ > PP1,1Y
OBJ,YES,2-4-1,FALSE,NO,NONE,,OBJ,4,NO,X,FALSE,NO,2,4EDN,2.4EDN_X,1,NO,OBJ ,1Y
OBJ,YES,2-4-2,FALSE,YES,V,,OBJ,4,NO,Y,FALSE,NO,2,4EDN,2.4EDN_Y,2,NO,OBJ > V,1Y
PP1,NO,2-5-1,TRUE,NO,NONE,,PP1,5,YES,X,FALSE,NO,2,5EDY,2.5EDY_X,1,NO,PP1 ,1Y
OBJ,YES,2-5-2,TRUE,NO,NONE,,OBJ,5,NO,Y,FALSE,NO,2,5EDY,2.5EDY_Y,2,NO,OBJ ,1Y
PP1,NO,2-6-1,FALSE,NO,NONE,,PP1,6,YES,X,FALSE,NO,2,6EDN,2.6EDN_X,1,NO,PP1 ,1Y
OBJ,YES,2-6-2,FALSE,NO,PP1,,OBJ > PP1,6,YES,Y,FALSE,NO,2,6EDN,2.6EDN_Y,2,NO,OBJ > PP1,1Y
OBJ,YES,2-7-1,FALSE,NO,PP1,,OBJ > PP1,7,YES,X,TRUE,YES,2,7EQN,2.7EQN_X,1,NO,OBJ > PP1,1Y
V,NO,2-7-2,FALSE,YES,NONE,,,7,NO,Y,TRUE,YES,2,7EQN,2.7EQN_Y,2,NO,V ,1Y
OBJ,YES,2-8-1,FALSE,NO,NONE,,OBJ,8,NO,X,TRUE,YES,2,8EQN,2.8EQN_X,1,NO,OBJ ,1Y
OBJ,YES,2-8-2,FALSE,NO,PP1,,OBJ > PP1,8,YES,Y,TRUE,YES,2,8EQN,2.8EQN_Y,2,NO,OBJ > PP1,1Y
PP1,YES,2-9-1,TRUE,NO,OBJ,PP2,PP1 > OBJ,9,YES,X,TRUE,YES,2,9EQY,2.9EQY_X,1,YES,PP1 > OBJ,1Y
PP1,YES,2-9-2,TRUE,NO,OBJ,,PP1 > OBJ,9,YES,Y,TRUE,YES,2,9EQY,2.9EQY_Y,2,NO,PP1 > OBJ,1Y
OBJ,YES,20-1-1,FALSE,NO,NONE,,OBJ,1,NO,X,TRUE,YES,20,1EQN,1EQN,1,NO,OBJ ,16X
PP1,YES,20-1-2,FALSE,YES,OBJ,,PP1 > OBJ,1,YES,Y,TRUE,YES,20,1EQN,1EQN,2,NO,PP1 > V OBJ,16X
OBJ,YES,20-10-1,FALSE,NO,NONE,,OBJ,10,NO,X,FALSE,NO,20,10EDN,10EDN,1,NO,OBJ ,16X
OBJ,YES,20-10-2,FALSE,YES,V,,OBJ,10,NO,Y,FALSE,NO,20,10EDN,10EDN,2,NO,OBJ > V,16X
NONE,YES,20-11-1,TRUE,NO,NONE,,OBJ PP1,11,YES,X,TRUE,YES,20,11EQY,11EQY,1,NO,OBJ PP1,16X
OBJ,YES,20-11-2,TRUE,NO,PP1,,OBJ > PP1,11,YES,Y,TRUE,YES,20,11EQY,11EQY,2,NO,OBJ > PP1,16X
OBJ,YES,20-12-1,FALSE,NO,NONE,,OBJ,12,NO,X,TRUE,YES,20,12EQN,12EQN,1,NO,OBJ ,16X
OBJ,YES,20-12-2,FALSE,NO,PP1,,OBJ > PP1,12,YES,Y,TRUE,YES,20,12EQN,12EQN,2,NO,OBJ > PP1,16X
PP1,YES,20-13-1,TRUE,NO,OBJ,,PP1 > OBJ,13,YES,X,TRUE,YES,20,13EQY,13EQY,1,NO,PP1 > OBJ,16X
PP1,YES,20-13-2,TRUE,NO,OBJ,,PP1 > OBJ,13,YES,Y,TRUE,YES,20,13EQY,13EQY,2,NO,PP1 > OBJ,16X
PP1,NO,20-14-1,TRUE,NO,NONE,,PP1,14,YES,X,FALSE,NO,20,14EDY,14EDY,1,NO,PP1 ,16X
OBJ,YES,20-14-2,TRUE,NO,PP1,,OBJ > PP1,14,YES,Y,FALSE,NO,20,14EDY,14EDY,2,NO,OBJ > PP1,16X
OBJ,YES,20-15-1,FALSE,NO,PP1,,OBJ > PP1,15,YES,X,TRUE,YES,20,15EQN,15EQN,1,NO,OBJ > PP1,16X
PP1,NO,20-15-2,FALSE,NO,NONE,,PP1,15,YES,Y,TRUE,YES,20,15EQN,15EQN,2,NO,PP1 ,16X
PP1,NO,20-16-1,TRUE,NO,NONE,,PP1,16,YES,X,FALSE,NO,20,16EDY,16EDY,1,NO,PP1 ,16X
OBJ,YES,20-16-2,TRUE,NO,PP1,,OBJ > PP1,16,YES,Y,FALSE,NO,20,16EDY,16EDY,2,NO,OBJ > PP1,16X
PP1,YES,20-2-1,FALSE,NO,OBJ,,PP1 > OBJ,2,YES,X,FALSE,NO,20,2EDN,2EDN,1,NO,PP1 > OBJ,16X
OBJ,YES,20-2-2,FALSE,NO,PP1,,OBJ > PP1,2,YES,Y,FALSE,NO,20,2EDN,2EDN,2,NO,OBJ > PP1,16X
OBJ,YES,20-3-1,FALSE,NO,PP1,,OBJ > PP1,3,YES,X,FALSE,NO,20,3EDN,3EDN,1,NO,OBJ > PP1,16X
PP1,YES,20-3-2,FALSE,NO,OBJ,,PP1 > OBJ,3,YES,Y,FALSE,NO,20,3EDN,3EDN,2,NO,PP1 > OBJ,16X
PP1,YES,20-4-1,TRUE,NO,OBJ,,PP1 > OBJ,4,YES,X,FALSE,NO,20,4EDY,4EDY,1,NO,PP1 > OBJ,16X
PP1,YES,20-4-2,TRUE,NO,OBJ,,PP1 > OBJ,4,YES,Y,FALSE,NO,20,4EDY,4EDY,2,NO,PP1 > OBJ,16X
OBJ,YES,20-5-1,FALSE,NO,NONE,,OBJ,5,NO,X,FALSE,NO,20,5EDN,5EDN,1,NO,OBJ ,16X
OBJ,YES,20-5-2,FALSE,NO,NONE,,OBJ,5,NO,Y,FALSE,NO,20,5EDN,5EDN,2,NO,OBJ ,16X
PP1,YES,20-6-1,TRUE,NO,OBJ,,PP1 > OBJ,6,YES,X,FALSE,NO,20,6EDY,6EDY,1,NO,PP1 > OBJ,16X
PP1,YES,20-6-2,TRUE,NO,OBJ,,PP1 > OBJ,6,YES,Y,FALSE,NO,20,6EDY,6EDY,2,NO,PP1 > OBJ,16X
PP1,NO,20-7-1,TRUE,NO,NONE,,PP1,7,YES,X,TRUE,YES,20,7EQY,7EQY,1,NO,PP1 ,16X
PP1,YES,20-7-2,TRUE,NO,OBJ,,PP1 > OBJ,7,YES,Y,TRUE,YES,20,7EQY,7EQY,2,NO,PP1 > OBJ,16X
PP1,YES,20-8-1,TRUE,NO,OBJ,,PP1 > OBJ,8,YES,X,TRUE,YES,20,8EQY,8EQY,1,NO,PP1 > OBJ,16X
PP1,YES,20-8-2,TRUE,NO,OBJ,,PP1 > OBJ,8,YES,Y,TRUE,NO,20,8EQY,8EQY,2,NO,PP1 > OBJ,16X
OBJ,YES,20-9-1,FALSE,NO,NONE,,OBJ,9,NO,X,TRUE,YES,20,9EQN,9EQN,1,NO,OBJ ,16X
OBJ,YES,20-9-2,FALSE,NO,NONE,,OBJ,9,NO,Y,TRUE,YES,20,9EQN,9EQN,2,NO,OBJ ,16X
PP1,YES,201-1-1,FALSE,NO,OBJ,,PP1 > OBJ,1,YES,Y,FALSE,NO,201,1EDN,1EDN,1,NO,PP1 > OBJ,1Y
PP1,YES,201-1-2,FALSE,NO,OBJ,,PP1 > OBJ,1,YES,X,FALSE,NO,201,1EDN,1EDN,2,NO,PP1 > OBJ,1Y
NONE,YES,201-10-1,FALSE,NO,NONE,,OBJ PP1,10,YES,Y,TRUE,YES,201,10EQN,10EQN,1,NO,OBJ PP1,1Y
OBJ,YES,201-10-2,FALSE,NO,NONE,,OBJ,10,NO,X,TRUE,YES,201,10EQN,10EQN,2,NO,OBJ ,1Y
NONE,YES,201-11-1,TRUE,NO,NONE,,OBJ PP1,11,YES,Y,FALSE,NO,201,11EDY,11EDY,1,NO,OBJ PP1,1Y
PP1,YES,201-11-2,TRUE,NO,OBJ,,PP1 > OBJ,11,YES,X,FALSE,NO,201,11EDY,11EDY,2,NO,PP1 > OBJ,1Y
PP1,NO,201-12-1,FALSE,YES,V,,PP1,12,YES,Y,FALSE,NO,201,12EDN,12EDN,1,NO,PP1 > V,1Y
PP1,NO,201-12-2,FALSE,YES,V,,PP1,12,YES,X,FALSE,NO,201,12EDN,12EDN,2,NO,PP1 > V,1Y
PP1,NO,201-13-1,TRUE,YES,V,OBJ,PP1,13,YES,Y,FALSE,NO,201,13EDY,13EDY,1,YES,PP1 > V,1Y
PP1,YES,201-13-2,TRUE,NO,OBJ,,PP1 > OBJ,13,YES,X,FALSE,NO,201,13EDY,13EDY,2,NO,PP1 > OBJ,1Y
PP1,YES,201-14-1,TRUE,NO,OBJ,,PP1 > OBJ,14,YES,Y,TRUE,YES,201,14EQY,14EQY,1,NO,PP1 > OBJ,1Y
PP1,YES,201-14-2,TRUE,NO,OBJ,,PP1 > OBJ,14,YES,X,TRUE,YES,201,14EQY,14EQY,2,NO,PP1 > OBJ,1Y
PP1,YES,201-15-1,FALSE,YES,V,,PP1 > OBJ,15,YES,Y,FALSE,NO,201,15EDN,15EDN,1,NO,PP1 > V OBJ,1Y
OBJ,YES,201-15-2,FALSE,NO,PP1,,OBJ > PP1,15,YES,X,FALSE,NO,201,15EDN,15EDN,2,NO,OBJ > PP1,1Y
PP1,YES,201-16-1,TRUE,NO,OBJ,,PP1 > OBJ,16,YES,Y,TRUE,YES,201,16EQY,16EQY,1,NO,PP1 > OBJ,1Y
PP1,YES,201-16-2,TRUE,YES,V,,PP1 > OBJ,16,YES,X,TRUE,YES,201,16EQY,16EQY,2,NO,PP1 > V OBJ,1Y
PP1,NO,201-2-1,FALSE,NO,NONE,,PP1,2,YES,Y,TRUE,YES,201,2EQN,2EQN,1,NO,PP1 ,1Y
PP1,NO,201-2-2,FALSE,NO,NONE,,PP1,2,YES,X,TRUE,YES,201,2EQN,2EQN,2,NO,PP1 ,1Y
PP1,NO,201-3-1,FALSE,NO,OBJ,PP2,PP1 > OBJ,3,YES,Y,TRUE,NO,201,3EQN,3EQN,1,YES,PP1 > OBJ,1Y
PP1,YES,201-3-2,FALSE,NO,OBJ,,PP1 > OBJ,3,YES,X,TRUE,YES,201,3EQN,3EQN,2,NO,PP1 > OBJ,1Y
PP1,NO,201-4-1,TRUE,NO,NONE,,PP1,4,YES,Y,TRUE,YES,201,4EQY,4EQY,1,NO,PP1 ,1Y
PP1,YES,201-4-2,TRUE,NO,OBJ,,PP1 > OBJ,4,YES,X,TRUE,YES,201,4EQY,4EQY,2,NO,PP1 > OBJ,1Y
OBJ,YES,201-5-1,FALSE,NO,PP1,,OBJ > PP1,5,YES,Y,TRUE,YES,201,5EQN,5EQN,1,NO,OBJ > PP1,1Y
OBJ,YES,201-5-2,FALSE,NO,PP1,,OBJ > PP1,5,YES,X,TRUE,YES,201,5EQN,5EQN,2,NO,OBJ > PP1,1Y
PP1,NO,201-6-1,TRUE,NO,NONE,,PP1,6,YES,Y,TRUE,YES,201,6EQY,6EQY,1,NO,PP1 ,1Y
PP1,NO,201-6-2,TRUE,NO,NONE,,PP1,6,YES,X,TRUE,YES,201,6EQY,6EQY,2,NO,PP1 ,1Y
PP1,NO,201-7-1,TRUE,NO,NONE,,PP1,7,YES,Y,FALSE,NO,201,7EDY,7EDY,1,NO,PP1 ,1Y
PP1,NO,201-7-2,TRUE,NO,NONE,,PP1,7,YES,X,FALSE,NO,201,7EDY,7EDY,2,NO,PP1 ,1Y
PP1,YES,201-8-1,TRUE,NO,OBJ,,PP1 > OBJ,8,YES,Y,FALSE,NO,201,8EDY,8EDY,1,NO,PP1 > OBJ,1Y
PP1,NO,201-8-2,TRUE,NO,NONE,,PP1,8,YES,X,FALSE,NO,201,8EDY,8EDY,2,NO,PP1 ,1Y
OBJ,YES,201-9-1,FALSE,NO,PP1,,OBJ > PP1,9,YES,Y,FALSE,NO,201,9EDN,9EDN,1,NO,OBJ > PP1,1Y
PP1,YES,201-9-2,FALSE,NO,OBJ,,PP1 > OBJ,9,YES,X,FALSE,NO,201,9EDN,9EDN,2,NO,PP1 > OBJ,1Y
PP1,YES,202-1-1,TRUE,NO,OBJ,,PP1 > OBJ,1,YES,Y,TRUE,YES,202,1EQY,1EQY,1,NO,PP1 > OBJ,16X
V,YES,202-1-2,TRUE,YES,PP1,,OBJ PP1,1,YES,X,TRUE,YES,202,1EQY,1EQY,2,NO,V > OBJ PP1,16X
PP1,YES,202-10-1,TRUE,NO,OBJ,,PP1 > OBJ,10,YES,Y,FALSE,NO,202,10EDY,10EDY,1,NO,PP1 > OBJ,16X
OBJ,YES,202-10-2,TRUE,YES,V,,OBJ > PP1,10,YES,X,FALSE,NO,202,10EDY,10EDY,2,NO,OBJ > V PP1,16X
PP1,YES,202-12-1,TRUE,NO,OBJ,,PP1 > OBJ,12,YES,Y,TRUE,NO,202,12EQY,12EQY,1,NO,PP1 > OBJ,16X
OBJ,YES,202-12-2,TRUE,NO,PP1,,OBJ > PP1,12,YES,X,TRUE,YES,202,12EQY,12EQY,2,NO,OBJ > PP1,16X
PP1,NO,202-13-1,FALSE,NO,NONE,,PP1,13,YES,Y,TRUE,YES,202,13EQN,13EQN,1,NO,PP1 ,16X
PP1,YES,202-13-2,FALSE,NO,OBJ,,PP1 > OBJ,13,YES,X,TRUE,YES,202,13EQN,13EQN,2,NO,PP1 > OBJ,16X
OBJ,YES,202-14-1,FALSE,NO,PP1,,OBJ > PP1,14,YES,Y,FALSE,NO,202,14EDN,14EDN,1,NO,OBJ > PP1,16X
OBJ,YES,202-14-2,FALSE,NO,NONE,,OBJ,14,NO,X,FALSE,NO,202,14EDN,14EDN,2,NO,OBJ ,16X
PP1,YES,202-15-1,TRUE,NO,OBJ,,PP1 > OBJ,15,YES,Y,TRUE,YES,202,15EQY,15EQY,1,NO,PP1 > OBJ,16X
PP1,YES,202-15-2,TRUE,NO,OBJ,,PP1 > OBJ,15,YES,X,TRUE,YES,202,15EQY,15EQY,2,NO,PP1 > OBJ,16X
PP1,NO,202-16-1,FALSE,NO,NONE,,PP1,16,YES,Y,FALSE,NO,202,16EDN,16EDN,1,NO,PP1 ,16X
PP1,NO,202-16-2,FALSE,NO,NONE,,PP1,16,YES,X,FALSE,NO,202,16EDN,16EDN,2,NO,PP1 ,16X
PP1,NO,202-2-1,TRUE,NO,NONE,,PP1,2,YES,Y,FALSE,NO,202,2EDY,2EDY,1,NO,PP1 ,16X
OBJ,YES,202-2-2,TRUE,NO,PP1,,OBJ > PP1,2,YES,X,FALSE,NO,202,2EDY,2EDY,2,NO,OBJ > PP1,16X
PP1,NO,202-3-1,TRUE,NO,NONE,PP2,PP1,3,YES,Y,FALSE,NO,202,3EDY,3EDY,1,YES,PP1 ,16X
PP1,YES,202-3-2,TRUE,NO,OBJ,,PP1 > OBJ,3,YES,X,FALSE,NO,202,3EDY,3EDY,2,NO,PP1 > OBJ,16X
PP1,YES,202-4-1,FALSE,NO,OBJ,,PP1 > OBJ,4,YES,Y,FALSE,NO,202,4EDN,4EDN,1,NO,PP1 > OBJ,16X
PP1,YES,202-4-2,FALSE,NO,OBJ,,PP1 > OBJ,4,YES,X,FALSE,NO,202,4EDN,4EDN,2,NO,PP1 > OBJ,16X
PP1,NO,202-5-1,TRUE,NO,NONE,,PP1,5,YES,Y,FALSE,NO,202,5EDY,5EDY,1,NO,PP1 ,16X
OBJ,YES,202-5-2,TRUE,YES,V,,OBJ > PP1,5,YES,X,FALSE,NO,202,5EDY,5EDY,2,NO,OBJ > V PP1,16X
PP1,YES,202-7-1,FALSE,NO,OBJ,,PP1 > OBJ,7,YES,Y,TRUE,YES,202,7EQN,7EQN,1,NO,PP1 > OBJ,16X
NONE,YES,202-7-2,FALSE,NO,NONE,,OBJ PP1,7,YES,X,TRUE,YES,202,7EQN,7EQN,2,NO,OBJ PP1,16X
PP1,NO,202-8-1,FALSE,NO,NONE,PP1,PP1,8,YES,Y,TRUE,YES,202,8EQN,8EQN,1,YES,PP1 ,16X
OBJ,YES,202-8-2,FALSE,NO,NONE,,OBJ,8,NO,X,TRUE,YES,202,8EQN,8EQN,2,NO,OBJ ,16X
OBJ,YES,202-9-1,TRUE,YES,V,,OBJ > PP1,9,YES,Y,TRUE,NO,202,9EQY,9EQY,1,NO,OBJ > V PP1,16X
OBJ,YES,202-9-2,TRUE,NO,PP1,,OBJ > PP1,9,YES,X,TRUE,NO,202,9EQY,9EQY,2,NO,OBJ > PP1,16X
PP1,NO,203-1-1,TRUE,NO,NONE,,PP1,1,YES,Y,FALSE,NO,203,1EDY,1EDY,1,NO,PP1 ,16X
PP1,NO,203-1-2,TRUE,NO,NONE,,PP1,1,YES,X,FALSE,NO,203,1EDY,1EDY,2,NO,PP1 ,16X
PP1,YES,203-10-1,TRUE,NO,OBJ,,PP1 > OBJ,10,YES,Y,TRUE,YES,203,10EQY,10EQY,1,NO,PP1 > OBJ,16X
PP1,YES,203-10-2,TRUE,NO,OBJ,,PP1 > OBJ,10,YES,X,TRUE,YES,203,10EQY,10EQY,2,NO,PP1 > OBJ,16X
OBJ,YES,203-11-1,FALSE,NO,NONE,,OBJ,11,NO,Y,FALSE,NO,203,11EDN,11EDN,1,NO,OBJ ,16X
NONE,YES,203-11-2,FALSE,NO,NONE,,OBJ PP1,11,YES,X,FALSE,NO,203,11EDN,11EDN,2,NO,OBJ PP1,16X
PP1,NO,203-12-1,TRUE,NO,NONE,,PP1,12,YES,Y,FALSE,NO,203,12EDY,12EDY,1,NO,PP1 ,16X
PP1,NO,203-12-2,TRUE,NO,NONE,,PP1,12,YES,X,FALSE,NO,203,12EDY,12EDY,2,NO,PP1 ,16X
OBJ,YES,203-13-1,FALSE,NO,NONE,,OBJ,13,NO,Y,FALSE,NO,203,13EDN,13EDN,1,NO,OBJ ,16X
OBJ,YES,203-13-2,FALSE,NO,NONE,,OBJ,13,NO,X,FALSE,NO,203,13EDN,13EDN,2,NO,OBJ ,16X
OBJ,YES,203-14-1,FALSE,NO,NONE,,OBJ,14,NO,Y,TRUE,YES,203,14EQN,14EQN,1,NO,OBJ ,16X
PP1,YES,203-14-2,FALSE,NO,NONE,,PP1 > OBJ,14,YES,X,TRUE,YES,203,14EQN,14EQN,2,NO,PP1 > OBJ,16X
PP1,NO,203-15-1,TRUE,NO,NONE,,PP1,15,YES,Y,FALSE,NO,203,15EDY,15EDY,1,NO,PP1 ,16X
PP1,NO,203-15-2,TRUE,NO,NONE,,PP1,15,YES,X,FALSE,NO,203,15EDY,15EDY,2,NO,PP1 ,16X
PP1,NO,203-16-1,FALSE,NO,NONE,,PP1,16,YES,Y,TRUE,YES,203,16EQN,16EQN,1,NO,PP1 ,16X
PP1,NO,203-16-2,FALSE,NO,NONE,,PP1,16,YES,X,TRUE,YES,203,16EQN,16EQN,2,NO,PP1 ,16X
PP1,YES,203-2-1,TRUE,NO,OBJ,,PP1 > OBJ,2,YES,Y,TRUE,NO,203,2EQY,2EQY,1,NO,PP1 > OBJ,16X
PP1,YES,203-2-2,TRUE,NO,OBJ,,PP1 > OBJ,2,YES,X,TRUE,YES,203,2EQY,2EQY,2,NO,PP1 > OBJ,16X
PP1,NO,203-3-1,TRUE,NO,NONE,,PP1,3,YES,Y,TRUE,YES,203,3EQY,3EQY,1,NO,PP1 ,16X
PP1,NO,203-3-2,TRUE,NO,NONE,,PP1,3,YES,X,TRUE,YES,203,3EQY,3EQY,2,NO,PP1 ,16X
OBJ,YES,203-4-1,FALSE,NO,PP1,,OBJ > PP1,4,YES,Y,TRUE,YES,203,4EQN,4EQN,1,NO,OBJ > PP1,16X
OBJ,YES,203-4-2,FALSE,NO,PP1,,OBJ > PP1,4,YES,X,TRUE,YES,203,4EQN,4EQN,2,NO,OBJ > PP1,16X
PP1,NO,203-5-1,TRUE,NO,NONE,,PP1,5,YES,Y,TRUE,YES,203,5EQY,5EQY,1,NO,PP1 ,16X
PP1,NO,203-5-2,TRUE,NO,NONE,,PP1,5,YES,X,TRUE,YES,203,5EQY,5EQY,2,NO,PP1 ,16X
PP1,YES,203-6-1,FALSE,NO,OBJ,,PP1 > OBJ,6,YES,Y,TRUE,YES,203,6EQN,6EQN,1,NO,PP1 > OBJ,16X
PP1,YES,203-6-2,FALSE,NO,OBJ,,PP1 > OBJ,6,YES,X,TRUE,YES,203,6EQN,6EQN,2,NO,PP1 > OBJ,16X
PP1,YES,203-7-1,FALSE,NO,OBJ,,PP1 > OBJ,7,YES,Y,FALSE,NO,203,7EDN,7EDN,1,NO,PP1 > OBJ,16X
NONE,NO,203-7-2,FALSE,NO,NONE,,,7,NO,X,FALSE,NO,203,7EDN,7EDN,2,NO,,16X
OBJ,YES,203-8-1,FALSE,NO,PP1,,OBJ > PP1,8,YES,Y,FALSE,NO,203,8EDN,8EDN,1,NO,OBJ > PP1,16X
OBJ,YES,203-8-2,FALSE,NO,PP1,,OBJ > PP1,8,YES,X,FALSE,NO,203,8EDN,8EDN,2,NO,OBJ > PP1,16X
PP1,YES,203-9-1,TRUE,NO,OBJ,,PP1 > OBJ,9,YES,Y,FALSE,NO,203,9EDY,9EDY,1,NO,PP1 > OBJ,16X
PP1,NO,203-9-2,TRUE,NO,OBJ,,PP1 > OBJ,9,YES,X,FALSE,NO,203,9EDY,9EDY,2,NO,PP1 > OBJ,16X
OBJ,YES,204-1-1,FALSE,NO,PP1,,OBJ > PP1,1,YES,Y,TRUE,YES,204,1EQN,1EQN,1,NO,OBJ > PP1,1X
OBJ,YES,204-1-2,FALSE,NO,PP1,,OBJ > PP1,1,YES,X,TRUE,YES,204,1EQN,1EQN,2,NO,OBJ > PP1,1X
OBJ,YES,204-10-1,FALSE,YES,PP1,,OBJ > PP1,10,YES,Y,FALSE,NO,204,10EDN,10EDN,1,NO,OBJ > V PP1,1X
OBJ,YES,204-10-2,FALSE,YES,V,,OBJ,10,NO,X,FALSE,NO,204,10EDN,10EDN,2,NO,OBJ > V,1X
,,204-11-1,FALSE,,,,,11,,Y,TRUE,,204,11EQN,11EQN,1,,,1X
PP1,YES,204-11-2,FALSE,YES,V,,PP1 > OBJ,11,YES,X,TRUE,YES,204,11EQN,11EQN,2,NO,PP1 > V OBJ,1X
PP1,YES,204-12-1,FALSE,NO,OBJ,,PP1 > OBJ,12,YES,Y,TRUE,YES,204,12EQN,12EQN,1,NO,PP1 > OBJ,1X
PP1,NO,204-12-2,FALSE,YES,V,,PP1,12,YES,X,TRUE,YES,204,12EQN,12EQN,2,NO,PP1 > V,1X
PP1,YES,204-13-1,TRUE,NO,OBJ,,PP1 > OBJ,13,YES,Y,TRUE,YES,204,13EQY,13EQY,1,NO,PP1 > OBJ,1X
PP1,YES,204-13-2,TRUE,NO,OBJ,,PP1 > OBJ,13,YES,X,TRUE,YES,204,13EQY,13EQY,2,NO,PP1 > OBJ,1X
OBJ,YES,204-14-1,TRUE,NO,PP1,PP2,OBJ > PP1,14,YES,Y,FALSE,NO,204,14EDY,14EDY,1,YES,OBJ > PP1,1X
PP1,NO,204-14-2,TRUE,YES,V,,PP1,14,YES,X,FALSE,NO,204,14EDY,14EDY,2,NO,PP1 > V,1X
OBJ,YES,204-15-1,FALSE,NO,PP1,,OBJ > PP1,15,YES,Y,TRUE,YES,204,15EQN,15EQN,1,NO,OBJ > PP1,1X
OBJ,YES,204-15-2,FALSE,NO,NONE,,OBJ,15,NO,X,TRUE,YES,204,15EQN,15EQN,2,NO,OBJ ,1X
NONE,YES,204-16-1,TRUE,NO,NONE,,OBJ PP1,16,YES,Y,FALSE,NO,204,16EDY,16EDY,1,NO,OBJ PP1,1X
PP1,NO,204-16-2,TRUE,NO,NONE,V,PP1,16,YES,X,FALSE,NO,204,16EDY,16EDY,2,YES,PP1 ,1X
PP1,YES,204-2-1,FALSE,NO,OBJ,,PP1 > OBJ,2,YES,Y,FALSE,NO,204,2EDN,2EDN,1,NO,PP1 > OBJ,1X
PP1,NO,204-2-2,FALSE,NO,NONE,,PP1,2,YES,X,FALSE,NO,204,2EDN,2EDN,2,NO,PP1 ,1X
OBJ,YES,204-3-1,FALSE,NO,NONE,,OBJ,3,NO,Y,FALSE,NO,204,3EDN,3EDN,1,NO,OBJ ,1X
NONE,YES,204-3-2,FALSE,NO,NONE,PP2,OBJ PP1,3,YES,X,FALSE,NO,204,3EDN,3EDN,2,YES,OBJ PP1,1X
PP1,YES,204-4-1,TRUE,NO,OBJ,,PP1 > OBJ,4,YES,Y,FALSE,NO,204,4EDY,4EDY,1,NO,PP1 > OBJ,1X
OBJ,YES,204-4-2,TRUE,NO,PP1,PP1,OBJ > PP1,4,YES,X,FALSE,NO,204,4EDY,4EDY,2,YES,OBJ > PP1,1X
OBJ,YES,204-5-1,FALSE,NO,NONE,,OBJ,5,NO,Y,FALSE,NO,204,5EDN,5EDN,1,NO,OBJ ,1X
OBJ,YES,204-5-2,FALSE,NO,PP1,,OBJ > PP1,5,YES,X,FALSE,NO,204,5EDN,5EDN,2,NO,OBJ > PP1,1X
PP1,YES,204-6-1,TRUE,NO,OBJ,,PP1 > OBJ,6,YES,Y,FALSE,NO,204,6EDY,6EDY,1,NO,PP1 > OBJ,1X
PP1,YES,204-6-2,TRUE,NO,OBJ,,PP1 > OBJ,6,YES,X,FALSE,NO,204,6EDY,6EDY,2,NO,PP1 > OBJ,1X
PP1,YES,204-7-1,TRUE,NO,OBJ,PP2,PP1 > OBJ,7,YES,Y,TRUE,YES,204,7EQY,7EQY,1,YES,PP1 > OBJ,1X
PP1,YES,204-7-2,TRUE,NO,OBJ,,PP1 > OBJ,7,YES,X,TRUE,YES,204,7EQY,7EQY,2,NO,PP1 > OBJ,1X
PP1,YES,204-8-1,TRUE,NO,OBJ,START,PP1 > OBJ,8,YES,Y,TRUE,YES,204,8EQY,8EQY,1,YES,PP1 > OBJ,1X
PP1,YES,204-8-2,TRUE,NO,OBJ,,PP1 > OBJ,8,YES,X,TRUE,YES,204,8EQY,8EQY,2,NO,PP1 > OBJ,1X
OBJ,YES,204-9-1,FALSE,NO,NONE,,OBJ,9,NO,Y,TRUE,YES,204,9EQN,9EQN,1,NO,OBJ ,1X
OBJ,YES,204-9-2,FALSE,NO,PP1,,OBJ > PP1,9,YES,X,TRUE,YES,204,9EQN,9EQN,2,NO,OBJ > PP1,1X
OBJ,YES,205-1-1,FALSE,NO,NONE,,OBJ,1,NO,Y,FALSE,NO,205,1EDN,1EDN,1,NO,OBJ ,1Y
OBJ,YES,205-1-2,FALSE,NO,NONE,,OBJ,1,NO,X,FALSE,NO,205,1EDN,1EDN,2,NO,OBJ ,1Y
PP1,NO,205-10-1,FALSE,NO,NONE,,PP1,10,YES,Y,TRUE,YES,205,10EQN,10EQN,1,NO,PP1 ,1Y
OBJ,YES,205-10-2,FALSE,NO,PP1,,OBJ > PP1,10,YES,X,TRUE,YES,205,10EQN,10EQN,2,NO,OBJ > PP1,1Y
PP1,YES,205-11-1,TRUE,NO,OBJ,,PP1 > OBJ,11,YES,Y,FALSE,NO,205,11EDY,11EDY,1,NO,PP1 > OBJ,1Y
PP1,YES,205-11-2,TRUE,NO,OBJ,,PP1 > OBJ,11,YES,X,FALSE,NO,205,11EDY,11EDY,2,NO,PP1 > OBJ,1Y
PP1,YES,205-12-1,FALSE,NO,OBJ,,PP1 > OBJ,12,YES,Y,FALSE,NO,205,12EDN,12EDN,1,NO,PP1 > OBJ,1Y
OBJ,YES,205-12-2,FALSE,NO,PP1,,OBJ > PP1,12,YES,X,FALSE,NO,205,12EDN,12EDN,2,NO,OBJ > PP1,1Y
NONE,YES,205-13-1,TRUE,NO,NONE,,OBJ PP1,13,YES,Y,FALSE,NO,205,13EDY,13EDY,1,NO,OBJ PP1,1Y
PP1,YES,205-13-2,TRUE,YES,V,,PP1 > OBJ,13,YES,X,FALSE,NO,205,13EDY,13EDY,2,NO,PP1 > V OBJ,1Y
PP1,YES,205-14-1,TRUE,NO,OBJ,,PP1 > OBJ,14,YES,Y,TRUE,YES,205,14EQY,14EQY,1,NO,PP1 > OBJ,1Y
PP1,YES,205-14-2,TRUE,NO,OBJ,,PP1 > OBJ,14,YES,X,TRUE,YES,205,14EQY,14EQY,2,NO,PP1 > OBJ,1Y
OBJ,YES,205-15-1,FALSE,NO,PP1,,OBJ > PP1,15,YES,Y,FALSE,NO,205,15EDN,15EDN,1,NO,OBJ > PP1,1Y
OBJ,YES,205-15-2,FALSE,NO,PP1,,OBJ > PP1,15,YES,X,FALSE,NO,205,15EDN,15EDN,2,NO,OBJ > PP1,1Y
PP1,NO,205-16-1,TRUE,NO,NONE,,PP1,16,YES,Y,TRUE,YES,205,16EQY,16EQY,1,NO,PP1 ,1Y
PP1,NO,205-16-2,TRUE,NO,NONE,,PP1,16,YES,X,TRUE,YES,205,16EQY,16EQY,2,NO,PP1 ,1Y
OBJ,YES,205-2-1,FALSE,NO,PP1,,OBJ > PP1,2,YES,Y,TRUE,YES,205,2EQN,2EQN,1,NO,OBJ > PP1,1Y
PP1,NO,205-2-2,FALSE,NO,NONE,,PP1,2,YES,X,TRUE,YES,205,2EQN,2EQN,2,NO,PP1 ,1Y
PP1,NO,205-3-1,FALSE,NO,NONE,,PP1,3,YES,Y,TRUE,YES,205,3EQN,3EQN,1,NO,PP1 ,1Y
PP1,NO,205-3-2,FALSE,NO,NONE,,PP1,3,YES,X,TRUE,YES,205,3EQN,3EQN,2,NO,PP1 ,1Y
PP1,YES,205-4-1,TRUE,NO,OBJ,,PP1 > OBJ,4,YES,Y,TRUE,YES,205,4EQY,4EQY,1,NO,PP1 > OBJ,1Y
PP1,YES,205-4-2,TRUE,NO,OBJ,,PP1 > OBJ,4,YES,X,TRUE,YES,205,4EQY,4EQY,2,NO,PP1 > OBJ,1Y
OBJ,YES,205-5-1,FALSE,NO,NONE,,OBJ,5,NO,Y,TRUE,YES,205,5EQN,5EQN,1,NO,OBJ ,1Y
OBJ,YES,205-5-2,FALSE,NO,NONE,,OBJ,5,NO,X,TRUE,YES,205,5EQN,5EQN,2,NO,OBJ ,1Y
PP1,YES,205-6-1,TRUE,NO,OBJ,,PP1 > OBJ,6,YES,Y,TRUE,YES,205,6EQY,6EQY,1,NO,PP1 > OBJ,1Y
PP1,NO,205-6-2,TRUE,NO,NONE,,PP1,6,YES,X,TRUE,YES,205,6EQY,6EQY,2,NO,PP1 ,1Y
PP1,NO,205-7-1,TRUE,NO,NONE,,PP1,7,YES,Y,FALSE,NO,205,7EDY,7EDY,1,NO,PP1 ,1Y
PP1,YES,205-7-2,TRUE,NO,OBJ,,PP1 > OBJ,7,YES,X,FALSE,NO,205,7EDY,7EDY,2,NO,PP1 > OBJ,1Y
NONE,YES,205-8-1,TRUE,NO,NONE,,OBJ PP1,8,YES,Y,FALSE,NO,205,8EDY,8EDY,1,NO,OBJ PP1,1Y
PP1,YES,205-8-2,TRUE,NO,OBJ,,PP1 > OBJ,8,YES,X,FALSE,NO,205,8EDY,8EDY,2,NO,PP1 > OBJ,1Y
NONE,YES,205-9-1,FALSE,NO,NONE,,OBJ PP1,9,YES,Y,FALSE,NO,205,9EDN,9EDN,1,NO,OBJ PP1,1Y
OBJ,YES,205-9-2,FALSE,NO,NONE,,OBJ,9,NO,X,FALSE,NO,205,9EDN,9EDN,2,NO,OBJ ,1Y
PP1,YES,206-1-1,TRUE,NO,OBJ,,PP1 > OBJ,1,YES,Y,TRUE,YES,206,1EQY,1EQY,1,NO,PP1 > OBJ,16Y
PP1,NO,206-1-2,TRUE,NO,NONE,,PP1,1,YES,X,TRUE,YES,206,1EQY,1EQY,2,NO,PP1 ,16Y
PP1,NO,206-10-1,TRUE,YES,V,,PP1,10,YES,Y,FALSE,NO,206,10EDY,10EDY,1,NO,PP1 > V,16Y
PP1,NO,206-10-2,TRUE,NO,NONE,,PP1,10,YES,X,FALSE,NO,206,10EDY,10EDY,2,NO,PP1 ,16Y
OBJ,YES,206-11-1,FALSE,NO,PP1,,OBJ > PP1,11,YES,Y,TRUE,YES,206,11EQN,11EQN,1,NO,OBJ > PP1,16Y
OBJ,YES,206-11-2,FALSE,NO,PP1,,OBJ > PP1,11,YES,X,TRUE,YES,206,11EQN,11EQN,2,YES,OBJ > PP1,16Y
PP1,NO,206-12-1,TRUE,YES,V,,PP1,12,YES,Y,TRUE,YES,206,12EQY,12EQY,1,NO,PP1 > V,16Y
PP1,NO,206-12-2,TRUE,NO,NONE,,PP1,12,YES,X,TRUE,YES,206,12EQY,12EQY,2,NO,PP1 ,16Y
OBJ,YES,206-13-1,FALSE,NO,PP1,,OBJ > PP1,13,YES,Y,TRUE,YES,206,13EQN,13EQN,1,NO,OBJ > PP1,16Y
OBJ,YES,206-13-2,FALSE,NO,NONE,,OBJ,13,NO,X,TRUE,YES,206,13EQN,13EQN,2,NO,OBJ ,16Y
V,YES,206-14-1,FALSE,YES,OBJ,,OBJ,14,NO,Y,FALSE,NO,206,14EDN,14EDN,1,NO,V > OBJ,16Y
OBJ,YES,206-14-2,FALSE,NO,NONE,,OBJ,14,NO,X,FALSE,NO,206,14EDN,14EDN,2,NO,OBJ ,16Y
PP1,NO,206-15-1,TRUE,NO,NONE,,PP1,15,YES,Y,TRUE,NO,206,15EQY,15EQY,1,NO,PP1 ,16Y
PP1,YES,206-15-2,TRUE,NO,OBJ,,PP1 > OBJ,15,YES,X,TRUE,YES,206,15EQY,15EQY,2,NO,PP1 > OBJ,16Y
PP1,NO,206-16-1,FALSE,NO,NONE,,PP1,16,YES,Y,FALSE,NO,206,16EDN,16EDN,1,NO,PP1 ,16Y
PP1,NO,206-16-2,FALSE,NO,NONE,,PP1,16,YES,X,FALSE,NO,206,16EDN,16EDN,2,NO,PP1 ,16Y
PP1,NO,206-2-1,TRUE,NO,NONE,,PP1,2,YES,Y,FALSE,NO,206,2EDY,2EDY,1,NO,PP1 ,16Y
PP1,NO,206-2-2,TRUE,NO,NONE,,PP1,2,YES,X,FALSE,NO,206,2EDY,2EDY,2,NO,PP1 ,16Y
PP1,NO,206-3-1,TRUE,NO,NONE,,PP1,3,YES,Y,FALSE,NO,206,3EDY,3EDY,1,NO,PP1 ,16Y
PP1,YES,206-3-2,TRUE,NO,OBJ,,PP1 > OBJ,3,YES,X,FALSE,NO,206,3EDY,3EDY,2,NO,PP1 > OBJ,16Y
OBJ,YES,206-4-1,FALSE,NO,PP1,,OBJ > PP1,4,YES,Y,FALSE,NO,206,4EDN,4EDN,1,NO,OBJ > PP1,16Y
OBJ,YES,206-4-2,FALSE,NO,NONE,,OBJ,4,NO,X,FALSE,NO,206,4EDN,4EDN,2,NO,OBJ ,16Y
PP1,YES,206-5-1,TRUE,NO,OBJ,,PP1 > OBJ,5,YES,Y,FALSE,NO,206,5EDY,5EDY,1,NO,PP1 > OBJ,16Y
PP1,YES,206-5-2,TRUE,NO,OBJ,,PP1 > OBJ,5,YES,X,FALSE,NO,206,5EDY,5EDY,2,NO,PP1 > OBJ,16Y
PP1,YES,206-6-1,FALSE,NO,OBJ,PP2,PP1 > OBJ,6,YES,Y,FALSE,NO,206,6EDN,6EDN,1,YES,PP1 > OBJ,16Y
PP1,NO,206-6-2,FALSE,NO,NONE,,PP1,6,YES,X,FALSE,NO,206,6EDN,6EDN,2,NO,PP1 ,16Y
PP1,YES,206-7-1,FALSE,NO,OBJ,,PP1 > OBJ,7,YES,Y,TRUE,YES,206,7EQN,7EQN,1,NO,PP1 > OBJ,16Y
PP1,NO,206-7-2,FALSE,NO,NONE,,PP1,7,YES,X,TRUE,YES,206,7EQN,7EQN,2,NO,PP1 ,16Y
PP1,YES,206-8-1,FALSE,NO,OBJ,,PP1 > OBJ,8,YES,Y,TRUE,YES,206,8EQN,8EQN,1,NO,PP1 > OBJ,16Y
OBJ,YES,206-8-2,FALSE,NO,NONE,,OBJ,8,NO,X,TRUE,YES,206,8EQN,8EQN,2,NO,OBJ ,16Y
PP1,YES,206-9-1,TRUE,NO,OBJ,,PP1 > OBJ,9,YES,Y,TRUE,YES,206,9EQY,9EQY,1,NO,PP1 > OBJ,16Y
PP1,YES,206-9-2,TRUE,NO,OBJ,,PP1 > OBJ,9,YES,X,TRUE,YES,206,9EQY,9EQY,2,NO,PP1 > OBJ,16Y
PP1,NO,207-1-1,TRUE,NO,NONE,,PP1,1,YES,Y,FALSE,NO,207,1EDY,1EDY,1,NO,PP1 ,1Y
PP1,YES,207-1-2,TRUE,NO,OBJ,,PP1 > OBJ,1,YES,X,FALSE,NO,207,1EDY,1EDY,2,NO,PP1 > OBJ,1Y
PP1,NO,207-10-1,TRUE,NO,NONE,,PP1,10,YES,Y,TRUE,YES,207,10EQY,10EQY,1,NO,PP1 ,1X
PP1,NO,207-10-2,TRUE,NO,NONE,,PP1,10,YES,X,TRUE,YES,207,10EQY,10EQY,2,NO,PP1 ,1Y
OBJ,YES,207-11-1,FALSE,NO,NONE,,OBJ,11,NO,Y,FALSE,NO,207,11EDN,11EDN,1,NO,OBJ ,1Y
V,YES,207-11-2,FALSE,YES,OBJ,,OBJ,11,NO,X,FALSE,NO,207,11EDN,11EDN,2,NO,V > OBJ,1X
PP1,NO,207-12-1,TRUE,YES,V,,PP1,12,YES,Y,FALSE,NO,207,12EDY,12EDY,1,NO,PP1 > V,1X
PP1,NO,207-12-2,TRUE,NO,NONE,PP2,PP1,12,YES,X,FALSE,NO,207,12EDY,12EDY,2,YES,PP1 ,1Y
OBJ,YES,207-13-1,FALSE,NO,NONE,,OBJ,13,NO,Y,FALSE,NO,207,13EDN,13EDN,1,NO,OBJ ,1Y
OBJ,YES,207-13-2,FALSE,NO,NONE,,OBJ,13,NO,X,FALSE,NO,207,13EDN,13EDN,2,NO,OBJ ,1X
OBJ,YES,207-14-1,FALSE,NO,NONE,,OBJ,14,NO,Y,TRUE,YES,207,14EQN,14EQN,1,NO,OBJ ,1X
OBJ,YES,207-14-2,FALSE,NO,NONE,,OBJ,14,NO,X,TRUE,YES,207,14EQN,14EQN,2,NO,OBJ ,1Y
OBJ,YES,207-15-1,TRUE,NO,PP1,,OBJ > PP1,15,YES,Y,FALSE,NO,207,15EDY,15EDY,1,NO,OBJ > PP1,1Y
NONE,YES,207-15-2,TRUE,NO,NONE,,OBJ PP1,15,YES,X,FALSE,NO,207,15EDY,15EDY,2,NO,OBJ PP1,1X
PP1,NO,207-16-1,FALSE,NO,NONE,,PP1,16,YES,Y,TRUE,YES,207,16EQN,16EQN,1,NO,PP1 ,1X
PP1,NO,207-16-2,FALSE,NO,NONE,,PP1,16,YES,X,TRUE,NO,207,16EQN,16EQN,2,NO,PP1 ,1Y
PP1,NO,207-2-1,TRUE,NO,NONE,,PP1,2,YES,Y,TRUE,YES,207,2EQY,2EQY,1,NO,PP1 ,1X
PP1,NO,207-2-2,TRUE,NO,NONE,,PP1,2,YES,X,TRUE,YES,207,2EQY,2EQY,2,NO,PP1 ,1Y
OBJ,YES,207-3-1,TRUE,NO,PP1,,OBJ > PP1,3,YES,Y,TRUE,YES,207,3EQY,3EQY,1,NO,OBJ > PP1,1Y
OBJ,YES,207-3-2,TRUE,NO,NONE,,OBJ,3,NO,X,TRUE,YES,207,3EQY,3EQY,2,NO,OBJ ,1X
OBJ,YES,207-4-1,FALSE,NO,NONE,,OBJ,4,NO,Y,TRUE,YES,207,4EQN,4EQN,1,NO,OBJ ,1X
OBJ,YES,207-4-2,FALSE,NO,PP1,PP2,OBJ > PP1,4,YES,X,TRUE,YES,207,4EQN,4EQN,2,YES,OBJ > PP1,1Y
PP1,NO,207-5-1,TRUE,NO,NONE,,PP1,5,YES,Y,TRUE,YES,207,5EQY,5EQY,1,NO,PP1 ,1Y
PP1,NO,207-5-2,TRUE,NO,NONE,,PP1,5,YES,X,TRUE,YES,207,5EQY,5EQY,2,NO,PP1 ,1X
PP1,YES,207-6-1,FALSE,NO,OBJ,,PP1 > OBJ,6,YES,Y,TRUE,YES,207,6EQN,6EQN,1,NO,PP1 > OBJ,1X
PP1,YES,207-6-2,FALSE,NO,OBJ,,PP1 > OBJ,6,YES,X,TRUE,YES,207,6EQN,6EQN,2,NO,PP1 > OBJ,1Y
PP1,NO,207-7-1,FALSE,NO,NONE,,PP1,7,YES,Y,FALSE,NO,207,7EDN,7EDN,1,NO,PP1 ,1Y
PP1,YES,207-7-2,FALSE,NO,OBJ,,PP1 > OBJ,7,YES,X,FALSE,NO,207,7EDN,7EDN,2,NO,PP1 > OBJ,1X
PP1,NO,207-8-1,FALSE,NO,NONE,,PP1,8,YES,Y,FALSE,NO,207,8EDN,8EDN,1,NO,PP1 ,1X
PP1,YES,207-8-2,FALSE,NO,OBJ,,PP1 > OBJ,8,YES,X,FALSE,NO,207,8EDN,8EDN,2,NO,PP1 > OBJ,1Y
OBJ,YES,207-9-1,TRUE,NO,PP1,,OBJ > PP1,9,YES,Y,FALSE,NO,207,9EDY,9EDY,1,NO,OBJ > PP1,1Y
OBJ,YES,207-9-2,TRUE,NO,PP1,,OBJ > PP1,9,YES,X,FALSE,NO,207,9EDY,9EDY,2,NO,OBJ > PP1,1X
OBJ,YES,208-1-1,FALSE,NO,NONE,,OBJ,1,NO,Y,TRUE,YES,208,1EQN,1EQN,1,NO,OBJ ,1X
OBJ,YES,208-1-2,FALSE,NO,NONE,,OBJ,1,NO,X,TRUE,YES,208,1EQN,1EQN,2,NO,OBJ ,1X
OBJ,YES,208-10-1,FALSE,YES,V,,OBJ,10,NO,Y,FALSE,NO,208,10EDN,10EDN,1,NO,OBJ > V,1X
OBJ,YES,208-10-2,FALSE,YES,PP1,,OBJ > PP1,10,YES,X,FALSE,NO,208,10EDN,10EDN,2,NO,OBJ > V PP1,1X
PP1,NO,208-11-1,TRUE,NO,NONE,,PP1,11,YES,Y,TRUE,YES,208,11EQY,11EQY,1,NO,PP1 ,1X
PP1,YES,208-11-2,TRUE,NO,OBJ,,PP1 > OBJ,11,YES,X,TRUE,YES,208,11EQY,11EQY,2,NO,PP1 > OBJ,1X
PP1,NO,208-12-1,FALSE,NO,NONE,,PP1,12,YES,Y,TRUE,YES,208,12EQN,12EQN,1,NO,PP1 ,1X
PP1,NO,208-12-2,FALSE,YES,V,,PP1,12,YES,X,TRUE,YES,208,12EQN,12EQN,2,NO,PP1 > V,1X
OBJ,YES,208-13-1,TRUE,NO,PP1,,OBJ > PP1,13,YES,Y,TRUE,YES,208,13EQY,13EQY,1,NO,OBJ > PP1,1X
PP1,YES,208-13-2,TRUE,NO,OBJ,,PP1 > OBJ,13,YES,X,TRUE,YES,208,13EQY,13EQY,2,NO,PP1 > OBJ,1X
NONE,YES,208-14-1,TRUE,NO,NONE,,OBJ PP1,14,YES,Y,FALSE,NO,208,14EDY,14EDY,1,NO,OBJ PP1,1X
OBJ,YES,208-14-2,TRUE,NO,PP1,PP2,OBJ > PP1,14,YES,X,FALSE,NO,208,14EDY,14EDY,2,YES,OBJ > PP1,1X
OBJ,YES,208-15-1,FALSE,NO,PP1,,OBJ > PP1,15,YES,Y,TRUE,YES,208,15EQN,15EQN,1,NO,OBJ > PP1,1X
OBJ,YES,208-15-2,FALSE,NO,PP1,,OBJ > PP1,15,YES,X,TRUE,YES,208,15EQN,15EQN,2,NO,OBJ > PP1,1X
PP1,YES,208-16-1,TRUE,NO,OBJ,,PP1 > OBJ,16,YES,Y,FALSE,NO,208,16EDY,16EDY,1,NO,PP1 > OBJ,1X
PP1,YES,208-16-2,TRUE,NO,OBJ,,PP1 > OBJ,16,YES,X,FALSE,NO,208,16EDY,16EDY,2,NO,PP1 > OBJ,1X
PP1,NO,208-2-1,FALSE,NO,NONE,,PP1,2,YES,Y,FALSE,NO,208,2EDN,2EDN,1,NO,PP1 ,1X
PP1,NO,208-2-2,FALSE,NO,NONE,,PP1,2,YES,X,FALSE,NO,208,2EDN,2EDN,2,NO,PP1 ,1X
OBJ,YES,208-3-1,FALSE,NO,NONE,,OBJ,3,NO,Y,FALSE,NO,208,3EDN,3EDN,1,NO,OBJ ,1X
OBJ,YES,208-3-2,FALSE,NO,NONE,,OBJ,3,NO,X,FALSE,NO,208,3EDN,3EDN,2,NO,OBJ ,1X
PP1,YES,208-4-1,TRUE,NO,OBJ,,PP1 > OBJ,4,YES,Y,FALSE,NO,208,4EDY,4EDY,1,NO,PP1 > OBJ,1X
PP1,YES,208-4-2,TRUE,NO,OBJ,,PP1 > OBJ,4,YES,X,FALSE,NO,208,4EDY,4EDY,2,NO,PP1 > OBJ,1X
OBJ,YES,208-5-1,FALSE,NO,NONE,,OBJ,5,NO,Y,FALSE,NO,208,5EDN,5EDN,1,NO,OBJ ,1X
OBJ,YES,208-5-2,FALSE,YES,V,,OBJ,5,NO,X,FALSE,NO,208,5EDN,5EDN,2,NO,OBJ > V,1X
PP1,NO,208-6-1,TRUE,NO,NONE,,PP1,6,YES,Y,FALSE,NO,208,6EDY,6EDY,1,NO,PP1 ,1X
OBJ,YES,208-6-2,TRUE,NO,PP1,,OBJ > PP1,6,YES,X,FALSE,NO,208,6EDY,6EDY,2,NO,OBJ > PP1,1X
PP1,YES,208-7-1,TRUE,NO,OBJ,PP1,PP1 > OBJ,7,YES,Y,TRUE,YES,208,7EQY,7EQY,1,YES,PP1 > OBJ,1X
PP1,NO,208-7-2,TRUE,YES,V,,PP1,7,YES,X,TRUE,YES,208,7EQY,7EQY,2,NO,PP1 > V,1X
PP1,NO,208-8-1,TRUE,NO,NONE,,PP1,8,YES,Y,TRUE,YES,208,8EQY,8EQY,1,NO,PP1 ,1X
PP1,YES,208-8-2,TRUE,NO,OBJ,,PP1 > OBJ,8,YES,X,TRUE,YES,208,8EQY,8EQY,2,NO,PP1 > OBJ,1X
OBJ,YES,208-9-1,FALSE,YES,V,,OBJ,9,NO,Y,TRUE,YES,208,9EQN,9EQN,1,NO,OBJ > V,1X
OBJ,YES,208-9-2,FALSE,NO,NONE,,OBJ,9,NO,X,TRUE,YES,208,9EQN,9EQN,2,NO,OBJ ,1X
PP1,YES,209-1-1,FALSE,NO,OBJ,,PP1 > OBJ,1,YES,Y,FALSE,NO,209,1EDN,1EDN,1,NO,PP1 > OBJ,16Y
OBJ,YES,209-1-2,FALSE,NO,NONE,,OBJ,1,NO,X,FALSE,NO,209,1EDN,1EDN,2,NO,OBJ ,16Y
PP1,NO,209-10-1,FALSE,NO,NONE,,PP1,10,YES,Y,TRUE,YES,209,10EQN,10EQN,1,NO,PP1 ,16Y
PP1,NO,209-10-2,FALSE,YES,V,,PP1,10,YES,X,TRUE,YES,209,10EQN,10EQN,2,NO,PP1 > V,16Y
PP1,NO,209-11-1,TRUE,NO,NONE,,PP1,11,YES,Y,FALSE,NO,209,11EDY,11EDY,1,NO,PP1 ,16Y
PP1,YES,209-11-2,TRUE,NO,OBJ,,PP1 > OBJ,11,YES,X,FALSE,NO,209,11EDY,11EDY,2,NO,PP1 > OBJ,16Y
NONE,NO,209-12-1,FALSE,YES,NONE,,PP1,12,YES,Y,FALSE,NO,209,12EDN,12EDN,1,NO,V PP1,16Y
OBJ,YES,209-12-2,FALSE,NO,NONE,,OBJ,12,NO,X,FALSE,NO,209,12EDN,12EDN,2,NO,OBJ ,16Y
PP1,NO,209-13-1,TRUE,YES,V,,PP1,13,YES,Y,FALSE,NO,209,13EDY,13EDY,1,NO,PP1 > V,16Y
PP1,YES,209-13-2,TRUE,NO,OBJ,,PP1 > OBJ,13,YES,X,FALSE,NO,209,13EDY,13EDY,2,NO,PP1 > OBJ,16Y
PP1,YES,209-14-1,TRUE,NO,OBJ,,PP1 > OBJ,14,YES,Y,TRUE,YES,209,14EQY,14EQY,1,NO,PP1 > OBJ,16Y
PP1,YES,209-14-2,TRUE,NO,OBJ,,PP1 > OBJ,14,YES,X,TRUE,YES,209,14EQY,14EQY,2,NO,PP1 > OBJ,16Y
OBJ,YES,209-15-1,FALSE,NO,PP1,,OBJ > PP1,15,YES,Y,FALSE,NO,209,15EDN,15EDN,1,NO,OBJ > PP1,16Y
OBJ,YES,209-15-2,FALSE,NO,PP1,,OBJ > PP1,15,YES,X,FALSE,NO,209,15EDN,15EDN,2,NO,OBJ > PP1,16Y
PP1,NO,209-16-1,TRUE,NO,NONE,,PP1,16,YES,Y,TRUE,YES,209,16EQY,16EQY,1,NO,PP1 ,16Y
PP1,NO,209-16-2,TRUE,NO,NONE,,PP1,16,YES,X,TRUE,YES,209,16EQY,16EQY,2,NO,PP1 ,16Y
PP1,NO,209-2-1,FALSE,NO,NONE,,PP1,2,YES,Y,TRUE,YES,209,2EQN,2EQN,1,NO,PP1 ,16Y
PP1,NO,209-2-2,FALSE,NO,NONE,,PP1,2,YES,X,TRUE,YES,209,2EQN,2EQN,2,NO,PP1 ,16Y
PP1,YES,209-3-1,FALSE,NO,OBJ,,PP1 > OBJ,3,YES,Y,TRUE,YES,209,3EQN,3EQN,1,NO,PP1 > OBJ,16Y
OBJ,YES,209-3-2,FALSE,NO,PP1,,OBJ > PP1,3,YES,X,TRUE,YES,209,3EQN,3EQN,2,NO,OBJ > PP1,16Y
PP1,YES,209-4-1,TRUE,NO,OBJ,,PP1 > OBJ,4,YES,Y,TRUE,YES,209,4EQY,4EQY,1,NO,PP1 > OBJ,16Y
PP1,YES,209-4-2,TRUE,NO,OBJ,,PP1 > OBJ,4,YES,X,TRUE,YES,209,4EQY,4EQY,2,NO,PP1 > OBJ,16Y
OBJ,YES,209-5-1,FALSE,NO,NONE,,OBJ,5,NO,Y,TRUE,YES,209,5EQN,5EQN,1,NO,OBJ ,16Y
OBJ,YES,209-5-2,FALSE,NO,PP1,,OBJ > PP1,5,YES,X,TRUE,YES,209,5EQN,5EQN,2,NO,OBJ > PP1,16Y
PP1,NO,209-6-1,TRUE,NO,NONE,,PP1,6,YES,Y,TRUE,YES,209,6EQY,6EQY,1,NO,PP1 ,16Y
PP1,NO,209-6-2,TRUE,NO,NONE,,PP1,6,YES,X,TRUE,YES,209,6EQY,6EQY,2,NO,PP1 ,16Y
PP1,NO,209-7-1,TRUE,NO,NONE,,PP1,7,YES,Y,FALSE,NO,209,7EDY,7EDY,1,NO,PP1 ,16Y
PP1,NO,209-7-2,TRUE,YES,V,,PP1,7,YES,X,FALSE,NO,209,7EDY,7EDY,2,NO,PP1 > V,16Y
PP1,YES,209-8-1,TRUE,NO,OBJ,,PP1 > OBJ,8,YES,Y,FALSE,NO,209,8EDY,8EDY,1,NO,PP1 > OBJ,16Y
OBJ,YES,209-8-2,TRUE,NO,PP1,,OBJ > PP1,8,YES,X,FALSE,NO,209,8EDY,8EDY,2,NO,OBJ > PP1,16Y
OBJ,YES,209-9-1,FALSE,NO,NONE,,OBJ,9,NO,Y,FALSE,YES,209,9EDN,9EDN,1,NO,OBJ ,16Y
OBJ,YES,209-9-2,FALSE,NO,NONE,,OBJ,9,NO,X,FALSE,NO,209,9EDN,9EDN,2,NO,OBJ ,16Y
PP1,NO,21-1-1,FALSE,NO,NONE,,PP1,1,YES,X,FALSE,NO,21,1EDN,21.1EDN_X,1,NO,PP1 ,16Y
OBJ,YES,21-1-2,FALSE,NO,PP1,,OBJ > PP1,1,YES,Y,FALSE,NO,21,1EDN,21.1EDN_Y,2,NO,OBJ > PP1,16Y
OBJ,YES,21-10-1,FALSE,YES,V,,OBJ,10,NO,X,TRUE,YES,21,10EQN,21.10EQN_X,1,NO,OBJ > V,16Y
PP1,NO,21-10-2,FALSE,NO,NONE,,PP1,10,YES,Y,TRUE,YES,21,10EQN,21.10EQN_Y,2,NO,PP1 ,16Y
PP1,NO,21-11-1,TRUE,NO,NONE,,PP1,11,YES,X,FALSE,NO,21,11EDY,21.11EDY_X,1,NO,PP1 ,16Y
OBJ,YES,21-11-2,TRUE,NO,PP1,,OBJ > PP1,11,YES,Y,FALSE,NO,21,11EDY,21.11EDY_Y,2,NO,OBJ > PP1,16Y
OBJ,YES,21-12-1,FALSE,NO,NONE,,OBJ,12,NO,X,FALSE,NO,21,12EDN,21.12EDN_X,1,NO,OBJ ,16Y
OBJ,YES,21-12-2,FALSE,NO,NONE,,OBJ,12,NO,Y,FALSE,NO,21,12EDN,21.12EDN_Y,2,NO,OBJ ,16Y
PP1,YES,21-13-1,TRUE,NO,OBJ,,PP1 > OBJ,13,YES,X,FALSE,NO,21,13EDY,21.13EDY_X,1,NO,PP1 > OBJ,16Y
OBJ,YES,21-13-2,TRUE,NO,PP1,,OBJ > PP1,13,YES,Y,FALSE,NO,21,13EDY,21.13EDY_Y,2,NO,OBJ > PP1,16Y
PP1,YES,21-14-1,TRUE,NO,OBJ,,PP1 > OBJ,14,YES,X,TRUE,YES,21,14EQY,21.14EQY_X,1,NO,PP1 > OBJ,16Y
OBJ,YES,21-14-2,TRUE,NO,PP1,,OBJ > PP1,14,YES,Y,TRUE,YES,21,14EQY,21.14EQY_Y,2,NO,OBJ > PP1,16Y
OBJ,YES,21-15-1,FALSE,NO,PP1,,OBJ > PP1,15,YES,X,FALSE,NO,21,15EDN,21.15EDN_X,1,NO,OBJ > PP1,16Y
OBJ,YES,21-15-2,FALSE,NO,PP1,PP1,OBJ > PP1,15,YES,Y,FALSE,NO,21,15EDN,21.15EDN_Y,2,YES,OBJ > PP1,16Y
PP1,YES,21-16-1,TRUE,NO,OBJ,,PP1 > OBJ,16,YES,X,TRUE,YES,21,16EQY,21.16EQY_X,1,NO,PP1 > OBJ,16Y
PP1,YES,21-16-2,TRUE,NO,OBJ,,PP1 > OBJ,16,YES,Y,TRUE,YES,21,16EQY,21.16EQY_Y,2,NO,PP1 > OBJ,16Y
PP1,NO,21-2-1,FALSE,NO,NONE,,PP1,2,YES,X,TRUE,YES,21,2EQN,21.2EQN_X,1,NO,PP1 ,16Y
PP1,NO,21-2-2,FALSE,NO,NONE,,PP1,2,YES,Y,TRUE,YES,21,2EQN,21.2EQN_Y,2,NO,PP1 ,16Y
PP1,NO,21-3-1,FALSE,NO,NONE,,PP1,3,YES,X,TRUE,YES,21,3EQN,21.3EQN_X,1,NO,PP1 ,16Y
OBJ,YES,21-3-2,FALSE,NO,PP1,,OBJ > PP1,3,YES,Y,TRUE,YES,21,3EQN,21.3EQN_Y,2,NO,OBJ > PP1,16Y
PP1,YES,21-4-1,TRUE,NO,OBJ,,PP1 > OBJ,4,YES,X,TRUE,YES,21,4EQY,21.4EQY_X,1,NO,PP1 > OBJ,16Y
OBJ,YES,21-4-2,TRUE,NO,PP1,,OBJ > PP1,4,YES,Y,TRUE,YES,21,4EQY,21.4EQY_Y,2,NO,OBJ > PP1,16Y
PP1,YES,21-5-1,FALSE,NO,OBJ,,PP1 > OBJ,5,YES,X,TRUE,YES,21,5EQN,21.5EQN_X,1,NO,PP1 > OBJ,16Y
OBJ,YES,21-5-2,FALSE,NO,PP1,,OBJ > PP1,5,YES,Y,TRUE,YES,21,5EQN,21.5EQN_Y,2,NO,OBJ > PP1,16Y
PP1,NO,21-6-1,TRUE,NO,NONE,PP1,PP1,6,YES,X,TRUE,YES,21,6EQY,21.6EQY_X,1,YES,PP1 ,16Y
PP1,YES,21-6-2,TRUE,NO,OBJ,,PP1 > OBJ,6,YES,Y,TRUE,YES,21,6EQY,21.6EQY_Y,2,NO,PP1 > OBJ,16Y
PP1,NO,21-7-1,TRUE,NO,NONE,,PP1,7,YES,X,FALSE,NO,21,7EDY,21.7EDY_X,1,NO,PP1 ,16Y
OBJ,YES,21-7-2,TRUE,NO,PP1,,OBJ > PP1,7,YES,Y,FALSE,NO,21,7EDY,21.7EDY_Y,2,NO,OBJ > PP1,16Y
PP1,YES,21-8-1,TRUE,NO,OBJ,,PP1 > OBJ,8,YES,X,FALSE,NO,21,8EDY,21.8EDY_X,1,NO,PP1 > OBJ,16Y
PP1,NO,21-8-2,TRUE,NO,NONE,,PP1,8,YES,Y,FALSE,NO,21,8EDY,21.8EDY_Y,2,NO,PP1 ,16Y
PP1,NO,21-9-1,FALSE,NO,NONE,,PP1,9,YES,X,FALSE,NO,21,9EDN,21.9EDN_X,1,NO,PP1 ,16Y
OBJ,YES,21-9-2,FALSE,NO,PP1,,OBJ > PP1,9,YES,Y,FALSE,NO,21,9EDN,21.9EDN_Y,2,NO,OBJ > PP1,16Y
PP1,NO,210-1-1,TRUE,NO,NONE,,PP1,1,YES,Y,TRUE,YES,210,1EQY,1EQY,1,NO,PP1 ,16Y
PP1,YES,210-1-2,TRUE,NO,OBJ,,PP1 > OBJ,1,YES,X,TRUE,NO,210,1EQY,1EQY,2,NO,PP1 > OBJ,16Y
PP1,NO,210-10-1,TRUE,NO,NONE,,PP1,10,YES,Y,FALSE,NO,210,10EDY,10EDY,1,NO,PP1 ,16Y
PP1,YES,210-10-2,TRUE,NO,OBJ,,PP1 > OBJ,10,YES,X,FALSE,NO,210,10EDY,10EDY,2,NO,PP1 > OBJ,16Y
NONE,YES,210-11-1,FALSE,NO,NONE,PP1,OBJ PP1,11,YES,Y,TRUE,NO,210,11EQN,11EQN,1,YES,OBJ PP1,16Y
NONE,YES,210-11-2,FALSE,NO,NONE,,OBJ PP1,11,YES,X,TRUE,YES,210,11EQN,11EQN,2,NO,OBJ PP1,16Y
PP1,NO,210-12-1,TRUE,NO,NONE,,PP1,12,YES,Y,TRUE,YES,210,12EQY,12EQY,1,NO,PP1 ,16Y
PP1,NO,210-12-2,TRUE,NO,NONE,,PP1,12,YES,X,TRUE,YES,210,12EQY,12EQY,2,NO,PP1 ,16Y
OBJ,YES,210-13-1,FALSE,NO,NONE,,OBJ,13,NO,Y,TRUE,YES,210,13EQN,13EQN,1,NO,OBJ ,16Y
OBJ,YES,210-13-2,FALSE,NO,NONE,,OBJ,13,NO,X,TRUE,YES,210,13EQN,13EQN,2,NO,OBJ ,16Y
OBJ,YES,210-14-1,FALSE,NO,NONE,,OBJ,14,NO,Y,FALSE,NO,210,14EDN,14EDN,1,NO,OBJ ,16Y
OBJ,YES,210-14-2,FALSE,NO,NONE,,OBJ,14,NO,X,FALSE,NO,210,14EDN,14EDN,2,NO,OBJ ,16Y
PP1,YES,210-15-1,TRUE,NO,OBJ,,PP1 > OBJ,15,YES,Y,TRUE,YES,210,15EQY,15EQY,1,NO,PP1 > OBJ,16Y
PP1,YES,210-15-2,TRUE,NO,OBJ,,PP1 > OBJ,15,YES,X,TRUE,YES,210,15EQY,15EQY,2,NO,PP1 > OBJ,16Y
PP1,NO,210-16-1,FALSE,NO,NONE,,PP1,16,YES,Y,FALSE,NO,210,16EDN,16EDN,1,NO,PP1 ,16Y
PP1,NO,210-16-2,FALSE,NO,NONE,,PP1,16,YES,X,FALSE,NO,210,16EDN,16EDN,2,NO,PP1 ,16Y
PP1,NO,210-2-1,TRUE,NO,NONE,,PP1,2,YES,Y,FALSE,NO,210,2EDY,2EDY,1,NO,PP1 ,16Y
PP1,NO,210-2-2,TRUE,NO,NONE,,PP1,2,YES,X,FALSE,NO,210,2EDY,2EDY,2,NO,PP1 ,16Y
OBJ,YES,210-3-1,TRUE,NO,PP1,,OBJ > PP1,3,YES,Y,FALSE,NO,210,3EDY,3EDY,1,NO,OBJ > PP1,16Y
PP1,YES,210-3-2,TRUE,NO,OBJ,,PP1 > OBJ,3,YES,X,FALSE,NO,210,3EDY,3EDY,2,NO,PP1 > OBJ,16Y
OBJ,YES,210-4-1,FALSE,NO,PP1,,OBJ > PP1,4,YES,Y,FALSE,NO,210,4EDN,4EDN,1,NO,OBJ > PP1,16Y
PP1,YES,210-4-2,FALSE,NO,OBJ,,PP1 > OBJ,4,YES,X,FALSE,NO,210,4EDN,4EDN,2,NO,PP1 > OBJ,16Y
PP1,NO,210-5-1,TRUE,NO,NONE,,PP1,5,YES,Y,FALSE,NO,210,5EDY,5EDY,1,NO,PP1 ,16Y
PP1,YES,210-5-2,TRUE,NO,OBJ,,PP1 > OBJ,5,YES,X,FALSE,NO,210,5EDY,5EDY,2,NO,PP1 > OBJ,16Y
PP1,NO,210-6-1,FALSE,NO,NONE,,PP1,6,YES,Y,FALSE,NO,210,6EDN,6EDN,1,NO,PP1 ,16Y
PP1,NO,210-6-2,FALSE,NO,NONE,,PP1,6,YES,X,FALSE,NO,210,6EDN,6EDN,2,NO,PP1 ,16Y
PP1,YES,210-7-1,FALSE,NO,OBJ,,PP1 > OBJ,7,YES,Y,TRUE,YES,210,7EQN,7EQN,1,NO,PP1 > OBJ,16Y
PP1,NO,210-7-2,FALSE,NO,NONE,,PP1,7,YES,X,TRUE,YES,210,7EQN,7EQN,2,NO,PP1 ,16Y
PP1,NO,210-8-1,FALSE,NO,NONE,,PP1,8,YES,Y,TRUE,YES,210,8EQN,8EQN,1,NO,PP1 ,16Y
PP1,NO,210-8-2,FALSE,NO,NONE,,PP1,8,YES,X,TRUE,YES,210,8EQN,8EQN,2,NO,PP1 ,16Y
PP1,NO,210-9-1,TRUE,NO,NONE,,PP1,9,YES,Y,TRUE,YES,210,9EQY,9EQY,1,NO,PP1 ,16Y
PP1,YES,210-9-2,TRUE,NO,OBJ,,PP1 > OBJ,9,YES,X,TRUE,YES,210,9EQY,9EQY,2,NO,PP1 > OBJ,16Y
OBJ,YES,212-1-1,FALSE,NO,NONE,OBJ,OBJ,1,NO,Y,TRUE,NO,212,1EQN,1EQN,1,YES,OBJ ,1Y
V,NO,212-1-2,FALSE,YES,NONE,,,1,NO,X,TRUE,NO,212,1EQN,1EQN,2,NO,V ,1Y
PP1,NO,212-10-1,FALSE,NO,NONE,,PP1,10,YES,Y,FALSE,NO,212,10EDN,10EDN,1,NO,PP1 ,1Y
PP1,NO,212-10-2,FALSE,NO,NONE,V,PP1,10,YES,X,FALSE,NO,212,10EDN,10EDN,2,YES,PP1 ,1Y
OBJ,YES,212-11-1,TRUE,NO,PP1,,OBJ > PP1,11,YES,Y,TRUE,YES,212,11EQY,11EQY,1,NO,OBJ > PP1,1Y
OBJ,YES,212-11-2,TRUE,NO,PP1,,OBJ > PP1,11,YES,X,TRUE,NO,212,11EQY,11EQY,2,NO,OBJ > PP1,1Y
PP1,NO,212-12-1,FALSE,YES,V,,PP1,12,YES,Y,TRUE,YES,212,12EQN,12EQN,1,NO,PP1 > V,1Y
PP1,NO,212-12-2,FALSE,NO,NONE,,PP1,12,YES,X,TRUE,YES,212,12EQN,12EQN,2,NO,PP1 ,1Y
PP1,YES,212-13-1,TRUE,NO,OBJ,,PP1 > OBJ,13,YES,Y,TRUE,YES,212,13EQY,13EQY,1,NO,PP1 > OBJ,1Y
OBJ,YES,212-13-2,TRUE,NO,PP1,,OBJ > PP1,13,YES,X,TRUE,YES,212,13EQY,13EQY,2,NO,OBJ > PP1,1Y
PP1,YES,212-14-1,TRUE,NO,OBJ,,PP1 > OBJ,14,YES,Y,FALSE,NO,212,14EDY,14EDY,1,NO,PP1 > OBJ,1Y
OBJ,YES,212-14-2,TRUE,NO,PP1,,OBJ > PP1,14,YES,X,FALSE,NO,212,14EDY,14EDY,2,NO,OBJ > PP1,1Y
OBJ,YES,212-15-1,FALSE,NO,PP1,,OBJ > PP1,15,YES,Y,TRUE,YES,212,15EQN,15EQN,1,NO,OBJ > PP1,1Y
OBJ,YES,212-15-2,FALSE,NO,PP1,,OBJ > PP1,15,YES,X,TRUE,YES,212,15EQN,15EQN,2,NO,OBJ > PP1,1Y
PP1,YES,212-16-1,TRUE,NO,OBJ,,PP1 > OBJ,16,YES,Y,FALSE,NO,212,16EDY,16EDY,1,NO,PP1 > OBJ,1Y
PP1,YES,212-16-2,TRUE,NO,OBJ,,PP1 > OBJ,16,YES,X,FALSE,NO,212,16EDY,16EDY,2,NO,PP1 > OBJ,1Y
PP1,YES,212-2-1,FALSE,NO,OBJ,,PP1 > OBJ,2,YES,Y,FALSE,NO,212,2EDN,2EDN,1,NO,PP1 > OBJ,1Y
PP1,YES,212-2-2,FALSE,NO,OBJ,,PP1 > OBJ,2,YES,X,FALSE,NO,212,2EDN,2EDN,2,NO,PP1 > OBJ,1Y
OBJ,YES,212-3-1,FALSE,NO,NONE,,OBJ,3,NO,Y,FALSE,NO,212,3EDN,3EDN,1,NO,OBJ ,1Y
OBJ,YES,212-3-2,FALSE,NO,NONE,,OBJ,3,NO,X,FALSE,NO,212,3EDN,3EDN,2,NO,OBJ ,1Y
OBJ,YES,212-4-1,TRUE,YES,PP1,,OBJ > PP1,4,YES,Y,FALSE,NO,212,4EDY,4EDY,1,NO,OBJ > V PP1,1Y
OBJ,YES,212-4-2,TRUE,YES,PP1,,OBJ > PP1,4,YES,X,FALSE,NO,212,4EDY,4EDY,2,NO,OBJ > V PP1,1Y
OBJ,YES,212-5-1,FALSE,NO,NONE,,OBJ,5,NO,Y,FALSE,NO,212,5EDN,5EDN,1,NO,OBJ ,1Y
OBJ,YES,212-5-2,FALSE,NO,NONE,,OBJ,5,NO,X,FALSE,NO,212,5EDN,5EDN,2,NO,OBJ ,1Y
PP1,YES,212-6-1,TRUE,NO,OBJ,,PP1 > OBJ,6,YES,Y,FALSE,NO,212,6EDY,6EDY,1,NO,PP1 > OBJ,1Y
PP1,YES,212-6-2,TRUE,NO,OBJ,,PP1 > OBJ,6,YES,X,FALSE,NO,212,6EDY,6EDY,2,NO,PP1 > OBJ,1Y
PP1,YES,212-7-1,TRUE,NO,OBJ,,PP1 > OBJ,7,YES,Y,TRUE,YES,212,7EQY,7EQY,1,NO,PP1 > OBJ,1Y
PP1,YES,212-7-2,TRUE,NO,OBJ,,PP1 > OBJ,7,YES,X,TRUE,YES,212,7EQY,7EQY,2,NO,PP1 > OBJ,1Y
PP1,YES,212-8-1,TRUE,YES,NONE,,PP1 > OBJ,8,YES,Y,TRUE,NO,212,8EQY,8EQY,1,NO,PP1 > V OBJ,1Y
PP1,YES,212-8-2,TRUE,YES,V,,PP1 > OBJ,8,YES,X,TRUE,NO,212,8EQY,8EQY,2,NO,PP1 > V OBJ,1Y
OBJ,YES,212-9-1,FALSE,NO,NONE,,OBJ,9,NO,Y,TRUE,YES,212,9EQN,9EQN,1,NO,OBJ ,1Y
OBJ,YES,212-9-2,FALSE,NO,NONE,,OBJ,9,NO,X,TRUE,YES,212,9EQN,9EQN,2,NO,OBJ ,1Y
PP1,YES,214-1-1,TRUE,NO,OBJ,,PP1 > OBJ,1,YES,Y,TRUE,NO,214,1EQY,1EQY,1,NO,PP1 > OBJ,16Y
PP1,YES,214-1-2,TRUE,NO,OBJ,,PP1 > OBJ,1,YES,X,TRUE,YES,214,1EQY,1EQY,2,NO,PP1 > OBJ,16Y
PP1,YES,214-10-1,TRUE,NO,OBJ,,PP1 > OBJ,10,YES,Y,FALSE,NO,214,10EDY,10EDY,1,NO,PP1 > OBJ,16Y
PP1,YES,214-10-2,TRUE,NO,OBJ,,PP1 > OBJ,10,YES,X,FALSE,NO,214,10EDY,10EDY,2,NO,PP1 > OBJ,16Y
NONE,YES,214-11-1,FALSE,NO,NONE,,OBJ PP1,11,YES,Y,TRUE,NO,214,11EQN,11EQN,1,NO,OBJ PP1,16Y
PP1,YES,214-11-2,FALSE,NO,OBJ,,PP1 > OBJ,11,YES,X,TRUE,YES,214,11EQN,11EQN,2,NO,PP1 > OBJ,16Y
PP1,NO,214-12-1,TRUE,NO,NONE,,PP1,12,YES,Y,TRUE,NO,214,12EQY,12EQY,1,NO,PP1 ,16Y
PP1,YES,214-12-2,TRUE,NO,OBJ,,PP1 > OBJ,12,YES,X,TRUE,NO,214,12EQY,12EQY,2,NO,PP1 > OBJ,16Y
PP1,YES,214-13-1,FALSE,NO,OBJ,PP2,PP1 > OBJ,13,YES,Y,TRUE,YES,214,13EQN,13EQN,1,YES,PP1 > OBJ,16Y
OBJ,YES,214-13-2,FALSE,NO,PP1,,OBJ > PP1,13,YES,X,TRUE,YES,214,13EQN,13EQN,2,NO,OBJ > PP1,16Y
OBJ,YES,214-14-1,FALSE,NO,PP1,,OBJ > PP1,14,YES,Y,FALSE,NO,214,14EDN,14EDN,1,NO,OBJ > PP1,16Y
PP1,YES,214-14-2,FALSE,NO,OBJ,,PP1 > OBJ,14,YES,X,FALSE,NO,214,14EDN,14EDN,2,NO,PP1 > OBJ,16Y
PP1,NO,214-15-1,TRUE,NO,NONE,,PP1,15,YES,Y,TRUE,NO,214,15EQY,15EQY,1,NO,PP1 ,16Y
PP1,YES,214-15-2,TRUE,NO,OBJ,,PP1 > OBJ,15,YES,X,TRUE,YES,214,15EQY,15EQY,2,NO,PP1 > OBJ,16Y
PP1,YES,214-16-1,FALSE,NO,OBJ,,PP1 > OBJ,16,YES,Y,FALSE,NO,214,16EDN,16EDN,1,NO,PP1 > OBJ,16Y
PP1,YES,214-16-2,FALSE,NO,OBJ,,PP1 > OBJ,16,YES,X,FALSE,NO,214,16EDN,16EDN,2,NO,PP1 > OBJ,16Y
PP1,NO,214-2-1,TRUE,NO,NONE,,PP1,2,YES,Y,FALSE,NO,214,2EDY,2EDY,1,NO,PP1 ,16Y
PP1,YES,214-2-2,TRUE,NO,OBJ,,PP1 > OBJ,2,YES,X,FALSE,NO,214,2EDY,2EDY,2,NO,PP1 > OBJ,16Y
PP1,YES,214-3-1,TRUE,NO,OBJ,,PP1 > OBJ,3,YES,Y,FALSE,NO,214,3EDY,3EDY,1,NO,PP1 > OBJ,16Y
PP1,YES,214-3-2,TRUE,NO,OBJ,,PP1 > OBJ,3,YES,X,FALSE,NO,214,3EDY,3EDY,2,NO,PP1 > OBJ,16Y
OBJ,YES,214-4-1,FALSE,YES,PP1,,OBJ > PP1,4,YES,Y,FALSE,NO,214,4EDN,4EDN,1,NO,OBJ > V PP1,16Y
PP1,NO,214-4-2,FALSE,NO,NONE,,PP1,4,YES,X,FALSE,NO,214,4EDN,4EDN,2,NO,PP1 ,16Y
PP1,YES,214-5-1,TRUE,NO,OBJ,,PP1 > OBJ,5,YES,Y,FALSE,NO,214,5EDY,5EDY,1,NO,PP1 > OBJ,16Y
PP1,YES,214-5-2,TRUE,NO,OBJ,,PP1 > OBJ,5,YES,X,FALSE,NO,214,5EDY,5EDY,2,NO,PP1 > OBJ,16Y
PP1,YES,214-6-1,FALSE,NO,OBJ,PP2,PP1 > OBJ,6,YES,Y,FALSE,NO,214,6EDN,6EDN,1,YES,PP1 > OBJ,16Y
OBJ,YES,214-6-2,FALSE,NO,PP1,,OBJ > PP1,6,YES,X,FALSE,NO,214,6EDN,6EDN,2,NO,OBJ > PP1,16Y
OBJ,YES,214-7-1,FALSE,NO,PP1,,OBJ > PP1,7,YES,Y,TRUE,NO,214,7EQN,7EQN,1,NO,OBJ > PP1,16Y
OBJ,YES,214-7-2,FALSE,NO,PP1,,OBJ > PP1,7,YES,X,TRUE,YES,214,7EQN,7EQN,2,NO,OBJ > PP1,16Y
PP1,YES,214-8-1,FALSE,NO,OBJ,,PP1 > OBJ,8,YES,Y,TRUE,NO,214,8EQN,8EQN,1,NO,PP1 > OBJ,16Y
PP1,NO,214-8-2,FALSE,NO,NONE,PP2,PP1,8,YES,X,TRUE,YES,214,8EQN,8EQN,2,YES,PP1 ,16Y
PP1,YES,214-9-1,TRUE,NO,OBJ,,PP1 > OBJ,9,YES,Y,TRUE,NO,214,9EQY,9EQY,1,NO,PP1 > OBJ,16Y
NONE,YES,214-9-2,TRUE,NO,NONE,PP1,OBJ PP1,9,YES,X,TRUE,YES,214,9EQY,9EQY,2,YES,OBJ PP1,16Y
PP1,YES,215-1-1,TRUE,NO,OBJ,,PP1 > OBJ,1,YES,Y,FALSE,NO,215,1EDY,1EDY,1,NO,PP1 > OBJ,1Y
PP1,YES,215-1-2,TRUE,NO,OBJ,,PP1 > OBJ,1,YES,X,FALSE,NO,215,1EDY,1EDY,2,NO,PP1 > OBJ,1Y
PP1,YES,215-10-1,TRUE,NO,OBJ,,PP1 > OBJ,10,YES,Y,TRUE,YES,215,10EQY,10EQY,1,NO,PP1 > OBJ,1Y
NONE,YES,215-10-2,TRUE,NO,NONE,,OBJ PP1,10,YES,X,TRUE,NO,215,10EQY,10EQY,2,NO,OBJ PP1,1Y
OBJ,YES,215-11-1,FALSE,NO,PP1,,OBJ > PP1,11,YES,Y,FALSE,NO,215,11EDN,11EDN,1,NO,OBJ > PP1,1Y
PP1,YES,215-11-2,FALSE,NO,OBJ,,PP1 > OBJ,11,YES,X,FALSE,NO,215,11EDN,11EDN,2,NO,PP1 > OBJ,1Y
PP1,YES,215-12-1,TRUE,NO,OBJ,,PP1 > OBJ,12,YES,Y,FALSE,NO,215,12EDY,12EDY,1,NO,PP1 > OBJ,1Y
PP1,YES,215-12-2,TRUE,NO,OBJ,,PP1 > OBJ,12,YES,X,FALSE,NO,215,12EDY,12EDY,2,NO,PP1 > OBJ,1Y
PP1,YES,215-13-1,FALSE,NO,OBJ,,PP1 > OBJ,13,YES,Y,FALSE,NO,215,13EDN,13EDN,1,NO,PP1 > OBJ,1Y
OBJ,YES,215-13-2,FALSE,NO,NONE,,OBJ,13,NO,X,FALSE,YES,215,13EDN,13EDN,2,NO,OBJ ,1Y
PP1,YES,215-14-1,FALSE,NO,OBJ,,PP1 > OBJ,14,YES,Y,TRUE,YES,215,14EQN,14EQN,1,NO,PP1 > OBJ,1Y
PP1,NO,215-14-2,FALSE,NO,NONE,,PP1,14,YES,X,TRUE,YES,215,14EQN,14EQN,2,NO,PP1 ,1Y
PP1,YES,215-15-1,TRUE,NO,OBJ,,PP1 > OBJ,15,YES,Y,FALSE,NO,215,15EDY,15EDY,1,NO,PP1 > OBJ,1Y
PP1,YES,215-15-2,TRUE,NO,OBJ,,PP1 > OBJ,15,YES,X,FALSE,NO,215,15EDY,15EDY,2,NO,PP1 > OBJ,1Y
PP1,NO,215-16-1,FALSE,NO,NONE,,PP1,16,YES,Y,TRUE,YES,215,16EQN,16EQN,1,NO,PP1 ,1Y
PP1,NO,215-16-2,FALSE,NO,NONE,,PP1,16,YES,X,TRUE,YES,215,16EQN,16EQN,2,NO,PP1 ,1Y
PP1,YES,215-2-1,TRUE,NO,OBJ,,PP1 > OBJ,2,YES,Y,TRUE,YES,215,2EQY,2EQY,1,NO,PP1 > OBJ,1Y
PP1,NO,215-2-2,TRUE,NO,NONE,,PP1,2,YES,X,TRUE,YES,215,2EQY,2EQY,2,NO,PP1 ,1Y
PP1,YES,215-3-1,TRUE,NO,OBJ,,PP1 > OBJ,3,YES,Y,TRUE,YES,215,3EQY,3EQY,1,NO,PP1 > OBJ,1Y
PP1,YES,215-3-2,TRUE,NO,OBJ,,PP1 > OBJ,3,YES,X,TRUE,YES,215,3EQY,3EQY,2,NO,PP1 > OBJ,1Y
OBJ,YES,215-4-1,FALSE,NO,NONE,,OBJ,4,NO,Y,TRUE,YES,215,4EQN,4EQN,1,NO,OBJ ,1Y
OBJ,YES,215-4-2,FALSE,NO,NONE,,OBJ,4,NO,X,TRUE,YES,215,4EQN,4EQN,2,NO,OBJ ,1Y
PP1,YES,215-5-1,TRUE,NO,OBJ,,PP1 > OBJ,5,YES,Y,TRUE,YES,215,5EQY,5EQY,1,NO,PP1 > OBJ,1Y
PP1,YES,215-5-2,TRUE,NO,OBJ,,PP1 > OBJ,5,YES,X,TRUE,YES,215,5EQY,5EQY,2,NO,PP1 > OBJ,1Y
PP1,NO,215-6-1,FALSE,NO,NONE,,PP1,6,YES,Y,TRUE,YES,215,6EQN,6EQN,1,NO,PP1 ,1Y
PP1,NO,215-6-2,FALSE,NO,NONE,,PP1,6,YES,X,TRUE,YES,215,6EQN,6EQN,2,NO,PP1 ,1Y
PP1,NO,215-7-1,FALSE,NO,NONE,,PP1,7,YES,Y,FALSE,NO,215,7EDN,7EDN,1,NO,PP1 ,1Y
OBJ,YES,215-7-2,FALSE,NO,PP1,,OBJ > PP1,7,YES,X,FALSE,NO,215,7EDN,7EDN,2,NO,OBJ > PP1,1Y
PP1,YES,215-8-1,FALSE,NO,OBJ,,PP1 > OBJ,8,YES,Y,FALSE,NO,215,8EDN,8EDN,1,NO,PP1 > OBJ,1Y
OBJ,YES,215-8-2,FALSE,NO,PP1,,OBJ > PP1,8,YES,X,FALSE,NO,215,8EDN,8EDN,2,NO,OBJ > PP1,1Y
PP1,YES,215-9-1,TRUE,NO,OBJ,PP1,PP1 > OBJ,9,YES,Y,FALSE,NO,215,9EDY,9EDY,1,YES,PP1 > OBJ,1Y
PP1,YES,215-9-2,TRUE,NO,OBJ,,PP1 > OBJ,9,YES,X,FALSE,NO,215,9EDY,9EDY,2,NO,PP1 > OBJ,1Y
OBJ,YES,22-1-1,TRUE,NO,PP1,,OBJ > PP1,1,YES,X,TRUE,YES,22,1EQY,1EQY,1,NO,OBJ > PP1,1Y
OBJ,YES,22-1-2,TRUE,NO,PP1,,OBJ > PP1,1,YES,Y,TRUE,YES,22,1EQY,1EQY,2,NO,OBJ > PP1,1Y
OBJ,YES,22-10-1,TRUE,NO,PP1,,OBJ > PP1,10,YES,X,FALSE,NO,22,10EDY,10EDY,1,NO,OBJ > PP1,1Y
OBJ,YES,22-10-2,TRUE,NO,PP1,,OBJ > PP1,10,YES,Y,FALSE,NO,22,10EDY,10EDY,2,NO,OBJ > PP1,1Y
PP1,YES,22-11-1,FALSE,NO,OBJ,,PP1 > OBJ,11,YES,X,TRUE,YES,22,11EQN,11EQN,1,NO,PP1 > OBJ,1Y
OBJ,YES,22-11-2,FALSE,NO,PP1,,OBJ > PP1,11,YES,Y,TRUE,YES,22,11EQN,11EQN,2,NO,OBJ > PP1,1Y
PP1,NO,22-12-1,TRUE,NO,NONE,,PP1,12,YES,X,TRUE,YES,22,12EQY,12EQY,1,NO,PP1 ,1Y
PP1,YES,22-12-2,TRUE,NO,OBJ,,PP1 > OBJ,12,YES,Y,TRUE,YES,22,12EQY,12EQY,2,NO,PP1 > OBJ,1Y
OBJ,YES,22-13-1,FALSE,NO,NONE,,OBJ,13,NO,X,TRUE,YES,22,13EQN,13EQN,1,NO,OBJ ,1Y
OBJ,YES,22-13-2,FALSE,NO,NONE,,OBJ,13,NO,Y,TRUE,YES,22,13EQN,13EQN,2,NO,OBJ ,1Y
OBJ,YES,22-14-1,FALSE,NO,NONE,,OBJ,14,NO,X,FALSE,NO,22,14EDN,14EDN,1,NO,OBJ ,1Y
OBJ,YES,22-14-2,FALSE,NO,NONE,,OBJ,14,NO,Y,FALSE,NO,22,14EDN,14EDN,2,NO,OBJ ,1Y
PP1,NO,22-15-1,TRUE,NO,NONE,,PP1,15,YES,X,TRUE,YES,22,15EQY,15EQY,1,NO,PP1 ,1Y
PP1,YES,22-15-2,TRUE,NO,OBJ,,PP1 > OBJ,15,YES,Y,TRUE,YES,22,15EQY,15EQY,2,NO,PP1 > OBJ,1Y
OBJ,YES,22-16-1,FALSE,NO,PP1,,OBJ > PP1,16,YES,X,FALSE,NO,22,16EDN,16EDN,1,NO,OBJ > PP1,1Y
OBJ,YES,22-16-2,FALSE,NO,NONE,,OBJ,16,NO,Y,FALSE,NO,22,16EDN,16EDN,2,NO,OBJ ,1Y
PP1,NO,22-2-1,TRUE,NO,NONE,,PP1,2,YES,X,FALSE,NO,22,2EDY,2EDY,1,NO,PP1 ,1Y
PP1,YES,22-2-2,TRUE,NO,OBJ,,PP1 > OBJ,2,YES,Y,FALSE,NO,22,2EDY,2EDY,2,NO,PP1 > OBJ,1Y
PP1,YES,22-3-1,TRUE,NO,OBJ,,PP1 > OBJ,3,YES,X,FALSE,YES,22,3EDY,3EDY,1,NO,PP1 > OBJ,1Y
OBJ,YES,22-3-2,TRUE,NO,PP1,,OBJ > PP1,3,YES,Y,FALSE,NO,22,3EDY,3EDY,2,NO,OBJ > PP1,1Y
OBJ,YES,22-4-1,FALSE,NO,PP1,,OBJ > PP1,4,YES,X,FALSE,NO,22,4EDN,4EDN,1,NO,OBJ > PP1,1Y
OBJ,YES,22-4-2,FALSE,YES,V,,OBJ,4,NO,Y,FALSE,NO,22,4EDN,4EDN,2,NO,OBJ > V,1Y
PP1,YES,22-5-1,TRUE,NO,OBJ,,PP1 > OBJ,5,YES,X,FALSE,NO,22,5EDY,5EDY,1,NO,PP1 > OBJ,1Y
OBJ,YES,22-5-2,TRUE,NO,PP1,,OBJ > PP1,5,YES,Y,FALSE,NO,22,5EDY,5EDY,2,NO,OBJ > PP1,1Y
PP1,NO,22-6-1,FALSE,NO,NONE,,PP1,6,YES,X,FALSE,NO,22,6EDN,6EDN,1,NO,PP1 ,1Y
OBJ,YES,22-6-2,FALSE,NO,NONE,,OBJ,6,NO,Y,FALSE,NO,22,6EDN,6EDN,2,NO,OBJ ,1Y
OBJ,YES,22-7-1,FALSE,NO,NONE,,OBJ,7,NO,X,TRUE,YES,22,7EQN,7EQN,1,NO,OBJ ,1Y
OBJ,YES,22-7-2,FALSE,NO,NONE,,OBJ,7,NO,Y,TRUE,YES,22,7EQN,7EQN,2,NO,OBJ ,1Y
PP1,YES,22-8-1,FALSE,NO,OBJ,,PP1 > OBJ,8,YES,X,TRUE,YES,22,8EQN,8EQN,1,NO,PP1 > OBJ,1Y
OBJ,YES,22-8-2,FALSE,NO,NONE,,OBJ,8,NO,Y,TRUE,YES,22,8EQN,8EQN,2,NO,OBJ ,1Y
PP1,YES,22-9-1,TRUE,NO,OBJ,,PP1 > OBJ,9,YES,X,TRUE,YES,22,9EQY,9EQY,1,NO,PP1 > OBJ,1Y
OBJ,YES,22-9-2,TRUE,NO,PP1,,OBJ > PP1,9,YES,Y,TRUE,YES,22,9EQY,9EQY,2,NO,OBJ > PP1,1Y
PP1,NO,3-1-1,TRUE,YES,V,PP2,PP1,1,YES,X,FALSE,NO,3,1EDY,3.1EDY_X,1,YES,PP1 > V,16Y
PP1,NO,3-1-2,TRUE,YES,V,,PP1,1,YES,Y,FALSE,NO,3,1EDY,3.1EDY_Y,2,NO,PP1 > V,16Y
PP1,NO,3-10-1,TRUE,NO,NONE,,PP1,10,YES,X,TRUE,YES,3,10EQY,3.10EQY_X,1,NO,PP1 ,16Y
OBJ,YES,3-10-2,TRUE,NO,PP1,,OBJ > PP1,10,YES,Y,TRUE,YES,3,10EQY,3.10EQY_Y,2,NO,OBJ > PP1,16Y
PP1,YES,3-11-1,FALSE,NO,OBJ,,PP1 > OBJ,11,YES,X,FALSE,NO,3,11EDN,3.11EDN_X,1,NO,PP1 > OBJ,16Y
OBJ,YES,3-11-2,FALSE,NO,PP1,,OBJ > PP1,11,YES,Y,FALSE,NO,3,11EDN,3.11EDN_Y,2,NO,OBJ > PP1,16Y
PP1,NO,3-12-1,TRUE,NO,NONE,,PP1,12,YES,X,FALSE,NO,3,12EDY,3.12EDY_X,1,NO,PP1 ,16Y
PP1,NO,3-12-2,TRUE,NO,NONE,,PP1,12,YES,Y,FALSE,NO,3,12EDY,3.12EDY_Y,2,NO,PP1 ,16Y
PP1,YES,3-13-1,FALSE,NO,OBJ,,PP1 > OBJ,13,YES,X,FALSE,NO,3,13EDN,3.13EDN_X,1,NO,PP1 > OBJ,16Y
OBJ,YES,3-13-2,FALSE,NO,NONE,,OBJ,13,NO,Y,FALSE,NO,3,13EDN,3.13EDN_Y,2,NO,OBJ ,16Y
PP1,YES,3-14-1,FALSE,YES,OBJ,,PP1 > OBJ,14,YES,X,TRUE,YES,3,14EQN,3.14EQN_X,1,NO,PP1 > V OBJ,16Y
OBJ,YES,3-14-2,FALSE,NO,NONE,,OBJ,14,NO,Y,TRUE,YES,3,14EQN,3.14EQN_Y,2,NO,OBJ ,16Y
NONE,YES,3-15-1,TRUE,NO,NONE,,OBJ PP1,15,YES,X,FALSE,NO,3,15EDY,3.15EDY_X,1,NO,OBJ PP1,16Y
OBJ,YES,3-15-2,TRUE,NO,PP1,,OBJ > PP1,15,YES,Y,FALSE,NO,3,15EDY,3.15EDY_Y,2,NO,OBJ > PP1,16Y
PP1,NO,3-16-1,FALSE,NO,NONE,,PP1,16,YES,X,TRUE,YES,3,16EQN,3.16EQN_X,1,NO,PP1 ,16Y
OBJ,YES,3-16-2,FALSE,NO,PP1,,OBJ > PP1,16,YES,Y,TRUE,NO,3,16EQN,3.16EQN_Y,2,NO,OBJ > PP1,16Y
PP1,YES,3-2-1,TRUE,NO,OBJ,,PP1 > OBJ,2,YES,X,TRUE,NO,3,2EQY,3.2EQY_X,1,NO,PP1 > OBJ,16Y
PP1,YES,3-2-2,TRUE,NO,OBJ,,PP1 > OBJ,2,YES,Y,TRUE,NO,3,2EQY,3.2EQY_Y,2,NO,PP1 > OBJ,16Y
PP1,NO,3-3-1,TRUE,NO,NONE,,PP1,3,YES,X,TRUE,NO,3,3EQY,3.3EQY_X,1,NO,PP1 ,16Y
PP1,YES,3-3-2,TRUE,NO,V,,PP1 > OBJ,3,YES,Y,TRUE,NO,3,3EQY,3.3EQY_Y,2,NO,PP1 > OBJ > V,16Y
OBJ,YES,3-4-1,FALSE,NO,NONE,,OBJ,4,NO,X,TRUE,NO,3,4EQN,3.4EQN_X,1,NO,OBJ ,16Y
OBJ,YES,3-4-2,FALSE,YES,PP1,PP2,OBJ > PP1,4,YES,Y,TRUE,NO,3,4EQN,3.4EQN_Y,2,YES,OBJ > V PP1,16Y
PP1,YES,3-5-1,TRUE,NO,OBJ,PP2,PP1 > OBJ,5,YES,X,TRUE,YES,3,5EQY,3.5EQY_X,1,YES,PP1 > OBJ,16Y
PP1,NO,3-5-2,TRUE,NO,NONE,,PP1,5,YES,Y,TRUE,NO,3,5EQY,3.5EQY_Y,2,NO,PP1 ,16Y
PP1,NO,3-6-1,FALSE,YES,V,,PP1,6,YES,X,TRUE,YES,3,6EQN,3.6EQN_X,1,NO,PP1 > V,16Y
OBJ,YES,3-6-2,FALSE,NO,NONE,,OBJ,6,NO,Y,TRUE,NO,3,6EQN,3.6EQN_Y,2,NO,OBJ ,16Y
OBJ,YES,3-7-1,FALSE,NO,NONE,,OBJ,7,NO,X,FALSE,NO,3,7EDN,3.7EDN_X,1,NO,OBJ ,16Y
OBJ,YES,3-7-2,FALSE,NO,PP1,,OBJ > PP1,7,YES,Y,FALSE,NO,3,7EDN,3.7EDN_Y,2,NO,OBJ > PP1,16Y
OBJ,YES,3-8-1,FALSE,NO,PP1,,OBJ > PP1,8,YES,X,FALSE,NO,3,8EDN,3.8EDN_X,1,NO,OBJ > PP1,16Y
PP1,YES,3-8-2,FALSE,NO,OBJ,,PP1 > OBJ,8,YES,Y,FALSE,NO,3,8EDN,3.8EDN_Y,2,NO,PP1 > OBJ,16Y
OBJ,YES,3-9-1,TRUE,YES,V,,OBJ > PP1,9,YES,X,FALSE,NO,3,9EDY,3.9EDY_X,1,NO,OBJ > V PP1,16Y
OBJ,YES,3-9-2,TRUE,YES,V,,OBJ > PP1,9,YES,Y,FALSE,NO,3,9EDY,3.9EDY_Y,2,NO,OBJ > V PP1,16Y
PP1,YES,4-1-1,FALSE,NO,OBJ,PP2,PP1 > OBJ,1,YES,X,TRUE,YES,4,1EQN,4.1EQN_X,1,YES,PP1 > OBJ,16X
OBJ,YES,4-1-2,FALSE,NO,NONE,,OBJ,1,NO,Y,TRUE,YES,4,1EQN,4.1EQN_Y,2,NO,OBJ ,16X
V,YES,4-10-1,FALSE,YES,OBJ,,OBJ,10,NO,X,FALSE,NO,4,10EDN,4.10EDN_X,1,NO,V > OBJ,16X
OBJ,YES,4-10-2,FALSE,NO,NONE,,OBJ,10,NO,Y,FALSE,NO,4,10EDN,4.10EDN_Y,2,NO,OBJ ,16X
PP1,YES,4-11-1,TRUE,NO,OBJ,,PP1 > OBJ,11,YES,X,TRUE,YES,4,11EQY,4.11EQY_X,1,NO,PP1 > OBJ,16X
PP1,YES,4-11-2,TRUE,NO,OBJ,,PP1 > OBJ,11,YES,Y,TRUE,YES,4,11EQY,4.11EQY_Y,2,NO,PP1 > OBJ,16X
OBJ,YES,4-12-1,FALSE,NO,NONE,,OBJ,12,NO,X,TRUE,YES,4,12EQN,4.12EQN_X,1,NO,OBJ ,16X
PP1,NO,4-12-2,FALSE,NO,NONE,,PP1,12,YES,Y,TRUE,YES,4,12EQN,4.12EQN_Y,2,NO,PP1 ,16X
PP1,YES,4-13-1,TRUE,NO,OBJ,,PP1 > OBJ,13,YES,X,TRUE,NO,4,13EQY,4.13EQY_X,1,NO,PP1 > OBJ,16X
PP1,NO,4-13-2,TRUE,NO,NONE,,PP1,13,YES,Y,TRUE,YES,4,13EQY,4.13EQY_Y,2,NO,PP1 ,16X
PP1,YES,4-14-1,TRUE,NO,OBJ,PP2,PP1 > OBJ,14,YES,X,FALSE,NO,4,14EDY,4.14EDY_X,1,YES,PP1 > OBJ,16X
PP1,YES,4-14-2,TRUE,NO,OBJ,,PP1 > OBJ,14,YES,Y,FALSE,NO,4,14EDY,4.14EDY_Y,2,NO,PP1 > OBJ,16X
PP1,YES,4-15-1,FALSE,NO,OBJ,PP2,PP1 > OBJ,15,YES,X,TRUE,YES,4,15EQN,4.15EQN_X,1,YES,PP1 > OBJ,16X
OBJ,YES,4-15-2,FALSE,NO,NONE,,OBJ,15,NO,Y,TRUE,YES,4,15EQN,4.15EQN_Y,2,NO,OBJ ,16X
PP1,NO,4-16-1,TRUE,NO,NONE,,PP1,16,YES,X,FALSE,NO,4,16EDY,4.16EDY_X,1,NO,PP1 ,16X
PP1,NO,4-16-2,TRUE,YES,V,,PP1,16,YES,Y,FALSE,NO,4,16EDY,4.16EDY_Y,2,NO,PP1 > V,16X
PP1,NO,4-2-1,FALSE,NO,NONE,,PP1,2,YES,X,FALSE,NO,4,2EDN,4.2EDN_X,1,NO,PP1 ,16X
OBJ,YES,4-2-2,FALSE,NO,PP1,,OBJ > PP1,2,YES,Y,FALSE,NO,4,2EDN,4.2EDN_Y,2,NO,OBJ > PP1,16X
NONE,YES,4-3-1,FALSE,NO,NONE,,OBJ PP1,3,YES,X,FALSE,NO,4,3EDN,4.3EDN_X,1,NO,OBJ PP1,16X
OBJ,YES,4-3-2,FALSE,NO,NONE,,OBJ,3,NO,Y,FALSE,NO,4,3EDN,4.3EDN_Y,2,NO,OBJ ,16X
PP1,YES,4-4-1,TRUE,NO,OBJ,,PP1 > OBJ,4,YES,X,FALSE,NO,4,4EDY,4.4EDY_X,1,NO,PP1 > OBJ,16X
V,NO,4-4-2,TRUE,YES,PP1,,PP1,4,YES,Y,FALSE,NO,4,4EDY,4.4EDY_Y,2,NO,V > PP1,16X
OBJ,YES,4-5-1,FALSE,NO,PP1,PP1,OBJ > PP1,5,YES,X,FALSE,NO,4,5EDN,4.5EDN_X,1,YES,OBJ > PP1,16X
OBJ,YES,4-5-2,FALSE,NO,NONE,,OBJ,5,NO,Y,FALSE,NO,4,5EDN,4.5EDN_Y,2,NO,OBJ ,16X
OBJ,YES,4-6-1,TRUE,NO,PP1,,OBJ > PP1,6,YES,X,FALSE,NO,4,6EDY,4.6EDY_X,1,NO,OBJ > PP1,16X
PP1,NO,4-6-2,TRUE,NO,NONE,,PP1,6,YES,Y,FALSE,NO,4,6EDY,4.6EDY_Y,2,NO,PP1 ,16X
OBJ,YES,4-7-1,TRUE,NO,PP1,,OBJ > PP1,7,YES,X,TRUE,YES,4,7EQY,4.7EQY_X,1,NO,OBJ > PP1,16X
PP1,NO,4-7-2,TRUE,NO,NONE,PP2,PP1,7,YES,Y,TRUE,YES,4,7EQY,4.7EQY_Y,2,YES,PP1 ,16X
PP1,YES,4-8-1,TRUE,NO,OBJ,,PP1 > OBJ,8,YES,X,TRUE,YES,4,8EQY,4.8EQY_X,1,NO,PP1 > OBJ,16X
PP1,NO,4-8-2,TRUE,NO,NONE,PP1,PP1,8,YES,Y,TRUE,YES,4,8EQY,4.8EQY_Y,2,YES,PP1 ,16X
V,YES,4-9-1,FALSE,YES,OBJ,OBJ,OBJ,9,NO,X,TRUE,NO,4,9EQN,4.9EQN_X,1,YES,V > OBJ,16X
V,NO,4-9-2,FALSE,YES,NONE,,,9,NO,Y,TRUE,YES,4,9EQN,4.9EQN_Y,2,NO,V ,16X
OBJ,YES,5-12-1,FALSE,NO,PP1,,OBJ > PP1,12,YES,X,FALSE,NO,5,12EDN,5.12EDN_X,1,NO,OBJ > PP1,1X
OBJ,YES,5-12-2,FALSE,NO,NONE,,OBJ,12,NO,Y,FALSE,NO,5,12EDN,5.12EDN_Y,2,NO,OBJ ,1X
OBJ,YES,5-13-1,TRUE,NO,PP1,,OBJ > PP1,13,YES,X,FALSE,NO,5,13EDY,5.13EDY_X,1,NO,OBJ > PP1,1X
PP1,YES,5-13-2,TRUE,NO,OBJ,,PP1 > OBJ,13,YES,Y,FALSE,NO,5,13EDY,5.13EDY_Y,2,NO,PP1 > OBJ,1X
PP1,NO,5-14-1,TRUE,NO,NONE,,PP1,14,YES,X,TRUE,YES,5,14EQY,5.14EQY_X,1,NO,PP1 ,1X
PP1,YES,5-14-2,TRUE,NO,OBJ,,PP1 > OBJ,14,YES,Y,TRUE,YES,5,14EQY,5.14EQY_Y,2,NO,PP1 > OBJ,1X
OBJ,YES,5-2-1,FALSE,NO,PP1,,OBJ > PP1,2,YES,X,TRUE,YES,5,2EQN,5.2EQN_X,1,NO,OBJ > PP1,1X
OBJ,YES,5-2-2,FALSE,NO,NONE,,OBJ,2,NO,Y,TRUE,YES,5,2EQN,5.2EQN_Y,2,NO,OBJ ,1X
PP1,NO,5-3-1,FALSE,NO,NONE,,PP1,3,YES,X,TRUE,YES,5,3EQN,5.3EQN_X,1,NO,PP1 ,1X
PP1,NO,5-3-2,FALSE,NO,OBJ,,PP1 > OBJ,3,YES,Y,TRUE,YES,5,3EQN,5.3EQN_Y,2,NO,PP1 > OBJ,1X
PP1,YES,5-4-1,TRUE,NO,OBJ,PP1,PP1 > OBJ,4,YES,X,TRUE,YES,5,4EQY,5.4EQY_X,1,YES,PP1 > OBJ,1X
OBJ,YES,5-4-2,TRUE,NO,PP1,,OBJ > PP1,4,YES,Y,TRUE,NO,5,4EQY,5.4EQY_Y,2,NO,OBJ > PP1,1X
PP1,YES,5-8-1,TRUE,NO,OBJ,,PP1 > OBJ,8,YES,X,FALSE,NO,5,8EDY,5.8EDY_X,1,NO,PP1 > OBJ,1X
PP1,YES,5-8-2,TRUE,NO,OBJ,,PP1 > OBJ,8,YES,Y,FALSE,NO,5,8EDY,5.8EDY_Y,2,NO,PP1 > OBJ,1X
OBJ,YES,5-9-1,FALSE,NO,NONE,,OBJ,9,NO,X,FALSE,NO,5,9EDN,5.9EDN_X,1,NO,OBJ ,1X
OBJ,YES,5-9-2,FALSE,NO,PP1,,OBJ > PP1,9,YES,Y,FALSE,NO,5,9EDN,5.9EDN_Y,2,NO,OBJ > PP1,1X
PP1,YES,6-1-1,TRUE,NO,OBJ,,PP1 > OBJ,1,YES,X,TRUE,NO,6,1EQY,1EQY,1,NO,PP1 > OBJ,1Y
OBJ,YES,6-1-2,TRUE,NO,PP1,,OBJ > PP1,1,YES,Y,TRUE,NO,6,1EQY,1EQY,2,NO,OBJ > PP1,1Y
PP1,YES,6-10-1,TRUE,NO,OBJ,,PP1 > OBJ,10,YES,X,FALSE,NO,6,10EDY,10EDY,1,NO,PP1 > OBJ,1Y
PP1,YES,6-10-2,TRUE,NO,OBJ,,PP1 > OBJ,10,YES,Y,FALSE,NO,6,10EDY,10EDY,2,NO,PP1 > OBJ,1Y
OBJ,YES,6-11-1,FALSE,NO,PP1,,OBJ > PP1,11,YES,X,TRUE,YES,6,11EQN,11EQN,1,NO,OBJ > PP1,1Y
NONE,YES,6-11-2,FALSE,NO,NONE,,OBJ PP1,11,YES,Y,TRUE,YES,6,11EQN,11EQN,2,NO,OBJ PP1,1Y
PP1,YES,6-12-1,TRUE,NO,OBJ,,PP1 > OBJ,12,YES,X,TRUE,YES,6,12EQY,12EQY,1,NO,PP1 > OBJ,1Y
PP1,NO,6-12-2,TRUE,YES,V,,PP1,12,YES,Y,TRUE,YES,6,12EQY,12EQY,2,NO,PP1 > V,1Y
OBJ,YES,6-13-1,FALSE,NO,PP1,,OBJ > PP1,13,YES,X,TRUE,YES,6,13EQN,13EQN,1,NO,OBJ > PP1,1Y
OBJ,YES,6-13-2,FALSE,NO,NONE,,OBJ,13,NO,Y,TRUE,YES,6,13EQN,13EQN,2,NO,OBJ ,1Y
OBJ,YES,6-14-1,FALSE,NO,PP1,,OBJ > PP1,14,YES,X,FALSE,NO,6,14EDN,14EDN,1,NO,OBJ > PP1,1Y
OBJ,YES,6-14-2,FALSE,NO,PP1,,OBJ > PP1,14,YES,Y,FALSE,NO,6,14EDN,14EDN,2,NO,OBJ > PP1,1Y
OBJ,YES,6-15-1,TRUE,NO,PP1,,OBJ > PP1,15,YES,X,TRUE,NO,6,15EQY,15EQY,1,NO,OBJ > PP1,1Y
OBJ,YES,6-15-2,TRUE,NO,PP1,,OBJ > PP1,15,YES,Y,TRUE,YES,6,15EQY,15EQY,2,NO,OBJ > PP1,1Y
OBJ,YES,6-16-1,FALSE,NO,PP1,,OBJ > PP1,16,YES,X,FALSE,NO,6,16EDN,16EDN,1,NO,OBJ > PP1,1Y
PP1,YES,6-16-2,FALSE,NO,OBJ,,PP1 > OBJ,16,YES,Y,FALSE,NO,6,16EDN,16EDN,2,NO,PP1 > OBJ,1Y
NONE,YES,6-2-1,TRUE,NO,NONE,PP2,OBJ PP1,2,YES,X,FALSE,NO,6,2EDY,2EDY,1,YES,OBJ PP1,1Y
PP1,YES,6-2-2,TRUE,NO,OBJ,,PP1 > OBJ,2,YES,Y,FALSE,NO,6,2EDY,2EDY,2,NO,PP1 > OBJ,1Y
PP1,YES,6-3-1,TRUE,NO,OBJ,,PP1 > OBJ,3,YES,X,FALSE,NO,6,3EDY,3EDY,1,NO,PP1 > OBJ,1Y
OBJ,YES,6-3-2,TRUE,NO,PP1,,OBJ > PP1,3,YES,Y,FALSE,NO,6,3EDY,3EDY,2,NO,OBJ > PP1,1Y
PP1,NO,6-4-1,FALSE,NO,NONE,,PP1,4,YES,X,FALSE,NO,6,4EDN,4EDN,1,NO,PP1 ,1Y
OBJ,YES,6-4-2,FALSE,NO,PP1,,OBJ > PP1,4,YES,Y,FALSE,NO,6,4EDN,4EDN,2,NO,OBJ > PP1,1Y
PP1,YES,6-5-1,TRUE,NO,OBJ,,PP1 > OBJ,5,YES,X,FALSE,NO,6,5EDY,5EDY,1,NO,PP1 > OBJ,1Y
OBJ,YES,6-5-2,TRUE,NO,PP1,,OBJ > PP1,5,YES,Y,FALSE,NO,6,5EDY,5EDY,2,NO,OBJ > PP1,1Y
OBJ,YES,6-6-1,FALSE,NO,PP1,,OBJ > PP1,6,YES,X,FALSE,NO,6,6EDN,6EDN,1,NO,OBJ > PP1,1Y
OBJ,YES,6-6-2,FALSE,NO,PP1,,OBJ > PP1,6,YES,Y,FALSE,NO,6,6EDN,6EDN,2,NO,OBJ > PP1,1Y
PP1,YES,6-7-1,FALSE,NO,OBJ,,PP1 > OBJ,7,YES,X,TRUE,NO,6,7EQN,7EQN,1,NO,PP1 > OBJ,1Y
OBJ,YES,6-7-2,FALSE,NO,PP1,,OBJ > PP1,7,YES,Y,TRUE,YES,6,7EQN,7EQN,2,NO,OBJ > PP1,1Y
PP1,YES,6-8-1,FALSE,NO,OBJ,,PP1 > OBJ,8,YES,X,TRUE,YES,6,8EQN,8EQN,1,NO,PP1 > OBJ,1Y
OBJ,YES,6-8-2,FALSE,NO,PP1,,OBJ > PP1,8,YES,Y,TRUE,YES,6,8EQN,8EQN,2,NO,OBJ > PP1,1Y
OBJ,YES,6-9-1,TRUE,NO,PP1,,OBJ > PP1,9,YES,X,TRUE,NO,6,9EQY,9EQY,1,NO,OBJ > PP1,1Y
OBJ,YES,6-9-2,TRUE,YES,PP1,,OBJ > PP1,9,YES,Y,TRUE,YES,6,9EQY,9EQY,2,NO,OBJ > V PP1,1Y
OBJ,YES,7-1-1,TRUE,NO,NONE,,OBJ,1,NO,X,FALSE,NO,7,1EDY,7.1EDY_X,1,NO,OBJ ,16X
OBJ,YES,7-1-2,TRUE,NO,PP1,,OBJ > PP1,1,YES,Y,FALSE,NO,7,1EDY,7.1EDY_Y,2,NO,OBJ > PP1,16X
PP1,NO,7-10-1,TRUE,NO,NONE,,PP1,10,YES,X,TRUE,YES,7,10EQY,7.10EQY_X,1,NO,PP1 ,16X
PP1,NO,7-10-2,TRUE,NO,NONE,,PP1,10,YES,Y,TRUE,YES,7,10EQY,7.10EQY_Y,2,NO,PP1 ,16X
OBJ,YES,7-11-1,FALSE,NO,NONE,,OBJ,11,NO,X,FALSE,NO,7,11EDN,7.11EDN_X,1,NO,OBJ ,16X
NONE,YES,7-11-2,FALSE,NO,NONE,,OBJ PP1,11,YES,Y,FALSE,NO,7,11EDN,7.11EDN_Y,2,NO,OBJ PP1,16X
PP1,NO,7-12-1,TRUE,NO,NONE,,PP1,12,YES,X,FALSE,NO,7,12EDY,7.12EDY_X,1,NO,PP1 ,16X
PP1,NO,7-12-2,TRUE,NO,NONE,,PP1,12,YES,Y,FALSE,NO,7,12EDY,7.12EDY_Y,2,NO,PP1 ,16X
OBJ,YES,7-13-1,FALSE,NO,NONE,,OBJ,13,NO,X,FALSE,NO,7,13EDN,7.13EDN_X,1,NO,OBJ ,16X
PP1,NO,7-13-2,FALSE,NO,NONE,,PP1,13,YES,Y,FALSE,NO,7,13EDN,7.13EDN_Y,2,NO,PP1 ,16X
OBJ,YES,7-14-1,FALSE,NO,NONE,,OBJ,14,NO,X,TRUE,YES,7,14EQN,7.14EQN_X,1,NO,OBJ ,16X
PP1,YES,7-14-2,FALSE,NO,OBJ,,PP1 > OBJ,14,YES,Y,TRUE,YES,7,14EQN,7.14EQN_Y,2,NO,PP1 > OBJ,16X
PP1,YES,7-15-1,TRUE,NO,OBJ,,PP1 > OBJ,15,YES,X,FALSE,NO,7,15EDY,7.15EDY_X,1,NO,PP1 > OBJ,16X
PP1,NO,7-15-2,TRUE,NO,NONE,,PP1,15,YES,Y,FALSE,NO,7,15EDY,7.15EDY_Y,2,NO,PP1 ,16X
OBJ,YES,7-16-1,FALSE,NO,NONE,,OBJ,16,NO,X,TRUE,YES,7,16EQN,7.16EQN_X,1,NO,OBJ ,16X
OBJ,YES,7-16-2,FALSE,NO,PP1,,OBJ > PP1,16,YES,Y,TRUE,YES,7,16EQN,7.16EQN_Y,2,NO,OBJ > PP1,16X
NONE,YES,7-2-1,TRUE,NO,NONE,START,OBJ PP1,2,YES,X,TRUE,YES,7,2EQY,7.2EQY_X,1,YES,OBJ PP1,16X
PP1,NO,7-2-2,TRUE,NO,NONE,,PP1,2,YES,Y,TRUE,YES,7,2EQY,7.2EQY_Y,2,NO,PP1 ,16X
PP1,NO,7-3-1,TRUE,NO,NONE,,PP1,3,YES,X,TRUE,NO,7,3EQY,7.3EQY_X,1,NO,PP1 ,16X
NONE,YES,7-3-2,TRUE,NO,NONE,,OBJ PP1,3,YES,Y,TRUE,NO,7,3EQY,7.3EQY_Y,2,NO,OBJ PP1,16X
NONE,NO,7-4-1,FALSE,NO,NONE,,,4,NO,X,TRUE,YES,7,4EQN,7.4EQN_X,1,NO,,16X
OBJ,YES,7-4-2,FALSE,NO,NONE,,OBJ,4,NO,Y,TRUE,YES,7,4EQN,7.4EQN_Y,2,NO,OBJ ,16X
OBJ,YES,7-5-1,TRUE,NO,NONE,,OBJ,5,NO,X,TRUE,YES,7,5EQY,7.5EQY_X,1,NO,OBJ ,16X
PP1,NO,7-5-2,TRUE,NO,NONE,,PP1,5,YES,Y,TRUE,YES,7,5EQY,7.5EQY_Y,2,NO,PP1 ,16X
OBJ,YES,7-6-1,FALSE,NO,PP1,,OBJ > PP1,6,YES,X,TRUE,YES,7,6EQN,7.6EQN_X,1,NO,OBJ > PP1,16X
OBJ,YES,7-6-2,FALSE,NO,NONE,,OBJ,6,NO,Y,TRUE,YES,7,6EQN,7.6EQN_Y,2,NO,OBJ ,16X
PP1,NO,7-7-1,FALSE,NO,NONE,,PP1,7,YES,X,FALSE,NO,7,7EDN,7.7EDN_X,1,NO,PP1 ,16X
OBJ,YES,7-7-2,FALSE,NO,PP1,,OBJ > PP1,7,YES,Y,FALSE,NO,7,7EDN,7.7EDN_Y,2,NO,OBJ > PP1,16X
,,7-8-1,FALSE,,,,,8,,X,FALSE,,7,8EDN,7.8EDN_X,1,,,16X
OBJ,YES,7-8-2,FALSE,NO,PP1,,OBJ > PP1,8,YES,Y,FALSE,NO,7,8EDN,7.8EDN_Y,2,NO,OBJ > PP1,16X
PP1,NO,7-9-1,TRUE,NO,NONE,,PP1,9,YES,X,FALSE,NO,7,9EDY,7.9EDY_X,1,NO,PP1 ,16X
PP1,YES,7-9-2,TRUE,NO,OBJ,,PP1 > OBJ,9,YES,Y,FALSE,NO,7,9EDY,7.9EDY_Y,2,NO,PP1 > OBJ,16X
OBJ,YES,8-1-1,FALSE,NO,NONE,PP1,OBJ,1,NO,X,TRUE,YES,8,1EQN,1EQN,1,YES,OBJ ,16Y
,,8-1-2,FALSE,,,,,1,,Y,TRUE,,8,1EQN,1EQN,2,,,16Y
PP1,NO,8-10-1,FALSE,YES,V,,PP1,10,YES,X,FALSE,NO,8,10EDN,10EDN,1,NO,PP1 > V,16Y
PP1,NO,8-10-2,FALSE,NO,NONE,,PP1,10,YES,Y,FALSE,NO,8,10EDN,10EDN,2,NO,PP1 ,16Y
PP1,NO,8-11-1,TRUE,NO,NONE,,PP1,11,YES,X,TRUE,YES,8,11EQY,11EQY,1,NO,PP1 ,16Y
OBJ,YES,8-11-2,TRUE,NO,PP1,,OBJ > PP1,11,YES,Y,TRUE,,8,11EQY,11EQY,2,NO,OBJ > PP1,16Y
PP1,NO,8-12-1,FALSE,NO,NONE,,PP1,12,YES,X,TRUE,YES,8,12EQN,12EQN,1,NO,PP1 ,16Y
PP1,NO,8-12-2,FALSE,NO,NONE,,PP1,12,YES,Y,TRUE,YES,8,12EQN,12EQN,2,NO,PP1 ,16Y
PP1,YES,8-13-1,TRUE,NO,OBJ,PP1,PP1 > OBJ,13,YES,X,TRUE,YES,8,13EQY,13EQY,1,YES,PP1 > OBJ,16Y
PP1,YES,8-13-2,TRUE,NO,OBJ,,PP1 > OBJ,13,YES,Y,TRUE,YES,8,13EQY,13EQY,2,NO,PP1 > OBJ,16Y
PP1,NO,8-14-1,TRUE,NO,NONE,,PP1,14,YES,X,FALSE,NO,8,14EDY,14EDY,1,NO,PP1 ,16Y
PP1,NO,8-14-2,TRUE,NO,NONE,,PP1,14,YES,Y,FALSE,NO,8,14EDY,14EDY,2,NO,PP1 ,16Y
PP1,NO,8-15-1,FALSE,NO,NONE,PP2,PP1,15,YES,X,TRUE,YES,8,15EQN,15EQN,1,YES,PP1 ,16Y
V,YES,8-15-2,FALSE,YES,OBJ,,OBJ,15,NO,Y,TRUE,YES,8,15EQN,15EQN,2,NO,V > OBJ,16Y
PP1,NO,8-16-1,TRUE,NO,NONE,START,PP1,16,YES,X,FALSE,NO,8,16EDY,16EDY,1,YES,PP1 ,16Y
PP1,YES,8-16-2,TRUE,NO,OBJ,,PP1 > OBJ,16,YES,Y,FALSE,NO,8,16EDY,16EDY,2,NO,PP1 > OBJ,16Y
PP1,NO,8-2-1,FALSE,NO,NONE,PP2,PP1,2,YES,X,FALSE,NO,8,2EDN,2EDN,1,YES,PP1 ,16Y
OBJ,YES,8-2-2,FALSE,NO,PP1,,OBJ > PP1,2,YES,Y,FALSE,NO,8,2EDN,2EDN,2,NO,OBJ > PP1,16Y
PP1,YES,8-3-1,FALSE,NO,OBJ,,PP1 > OBJ,3,YES,X,FALSE,NO,8,3EDN,3EDN,1,NO,PP1 > OBJ,16Y
OBJ,YES,8-3-2,FALSE,NO,NONE,,OBJ,3,NO,Y,FALSE,NO,8,3EDN,3EDN,2,NO,OBJ ,16Y
PP1,NO,8-4-1,TRUE,NO,NONE,PP1,PP1,4,YES,X,FALSE,NO,8,4EDY,4EDY,1,YES,PP1 ,16Y
PP1,NO,8-4-2,TRUE,NO,NONE,PP1,PP1,4,YES,Y,FALSE,NO,8,4EDY,4EDY,2,YES,PP1 ,16Y
PP1,YES,8-5-1,FALSE,NO,OBJ,,PP1 > OBJ,5,YES,X,FALSE,NO,8,5EDN,5EDN,1,NO,PP1 > OBJ,16Y
OBJ,YES,8-5-2,FALSE,NO,NONE,,OBJ,5,NO,Y,FALSE,NO,8,5EDN,5EDN,2,NO,OBJ ,16Y
PP1,NO,8-6-1,TRUE,NO,NONE,,PP1,6,YES,X,FALSE,NO,8,6EDY,6EDY,1,NO,PP1 ,16Y
PP1,NO,8-6-2,TRUE,NO,NONE,,PP1,6,YES,Y,FALSE,NO,8,6EDY,6EDY,2,NO,PP1 ,16Y
PP1,YES,8-7-1,FALSE,NO,OBJ,,PP1 > OBJ,7,YES,X,TRUE,YES,8,7EQN,7EQN,1,NO,PP1 > OBJ,16Y
PP1,NO,8-7-2,FALSE,YES,V,,PP1,7,YES,Y,TRUE,YES,8,7EQN,7EQN,2,NO,PP1 > V,16Y
PP1,NO,8-8-1,TRUE,NO,NONE,START,PP1,8,YES,X,TRUE,YES,8,8EQY,8EQY,1,YES,PP1 ,16Y
PP1,NO,8-8-2,TRUE,NO,NONE,,PP1,8,YES,Y,TRUE,YES,8,8EQY,8EQY,2,NO,PP1 ,16Y
OBJ,YES,8-9-1,FALSE,NO,PP1,,OBJ > PP1,9,YES,X,TRUE,YES,8,9EQN,9EQN,1,NO,OBJ > PP1,16Y
PP1,YES,8-9-2,FALSE,NO,OBJ,,PP1 > OBJ,9,YES,Y,TRUE,YES,8,9EQN,9EQN,2,NO,PP1 > OBJ,16Y
PP1,NO,9-1-1,FALSE,NO,NONE,,PP1,1,YES,X,FALSE,NO,9,1EDN,9.1EDN_X,1,NO,PP1 ,16Y
OBJ,YES,9-1-2,FALSE,NO,NONE,,OBJ,1,NO,Y,FALSE,NO,9,1EDN,9.1EDN_Y,2,NO,OBJ ,16Y
PP1,NO,9-10-1,FALSE,NO,NONE,PP2,PP1,10,YES,X,TRUE,NO,9,10EQN,9.10EQN_X,1,YES,PP1 ,16Y
PP1,NO,9-10-2,FALSE,NO,NONE,,PP1,10,YES,Y,TRUE,YES,9,10EQN,9.10EQN_Y,2,NO,PP1 ,16Y
PP1,NO,9-11-1,TRUE,NO,NONE,,PP1,11,YES,X,FALSE,NO,9,11EDY,9.11EDY_X,1,NO,PP1 ,16Y
NONE,YES,9-11-2,TRUE,NO,NONE,,OBJ PP1,11,YES,Y,FALSE,NO,9,11EDY,9.11EDY_Y,2,NO,OBJ PP1,16Y
PP1,NO,9-12-1,FALSE,NO,NONE,,PP1,12,YES,X,FALSE,NO,9,12EDN,9.12EDN_X,1,NO,PP1 ,16Y
OBJ,YES,9-12-2,FALSE,NO,PP1,,OBJ > PP1,12,YES,Y,FALSE,NO,9,12EDN,9.12EDN_Y,2,NO,OBJ > PP1,16Y
PP1,NO,9-13-1,TRUE,NO,NONE,,PP1,13,YES,X,FALSE,NO,9,13EDY,9.13EDY_X,1,NO,PP1 ,16Y
PP1,YES,9-13-2,TRUE,NO,OBJ,,PP1 > OBJ,13,YES,Y,FALSE,NO,9,13EDY,9.13EDY_Y,2,NO,PP1 > OBJ,16Y
PP1,NO,9-14-1,TRUE,NO,NONE,PP2,PP1,14,YES,X,TRUE,NO,9,14EQY,9.14EQY_X,1,YES,PP1 ,16Y
PP1,NO,9-14-2,TRUE,NO,NONE,,PP1,14,YES,Y,TRUE,NO,9,14EQY,9.14EQY_Y,2,NO,PP1 ,16Y
OBJ,YES,9-15-1,FALSE,NO,PP1,,OBJ > PP1,15,YES,X,FALSE,NO,9,15EDN,9.15EDN_X,1,NO,OBJ > PP1,16Y
NONE,YES,9-15-2,FALSE,NO,NONE,,OBJ PP1,15,YES,Y,FALSE,NO,9,15EDN,9.15EDN_Y,2,NO,OBJ PP1,16Y
PP1,NO,9-16-1,TRUE,NO,NONE,,PP1,16,YES,X,TRUE,YES,9,16EQY,9.16EQY_X,1,NO,PP1 ,16Y
PP1,NO,9-16-2,TRUE,YES,V,,PP1,16,YES,Y,TRUE,YES,9,16EQY,9.16EQY_Y,2,NO,PP1 > V,16Y
PP1,NO,9-2-1,FALSE,NO,NONE,PP2,PP1,2,YES,X,TRUE,YES,9,2EQN,9.2EQN_X,1,YES,PP1 ,16Y
OBJ,YES,9-2-2,FALSE,NO,PP1,,OBJ > PP1,2,NO,Y,TRUE,YES,9,2EQN,9.2EQN_Y,2,NO,OBJ > PP1,16Y
OBJ,YES,9-3-1,FALSE,NO,PP1,,OBJ > PP1,3,YES,X,TRUE,YES,9,3EQN,9.3EQN_X,1,NO,OBJ > PP1,16Y
PP1,NO,9-3-2,FALSE,NO,NONE,,PP1,3,YES,Y,TRUE,YES,9,3EQN,9.3EQN_Y,2,NO,PP1 ,16Y
PP1,YES,9-4-1,TRUE,NO,OBJ,,PP1 > OBJ,4,YES,X,TRUE,NO,9,4EQY,9.4EQY_X,1,NO,PP1 > OBJ,16Y
OBJ,YES,9-4-2,TRUE,NO,NONE,,OBJ,4,NO,Y,TRUE,NO,9,4EQY,9.4EQY_Y,2,NO,OBJ ,16Y
PP1,NO,9-5-1,FALSE,NO,NONE,,PP1,5,YES,X,TRUE,YES,9,5EQN,9.5EQN_X,1,NO,PP1 ,16Y
OBJ,YES,9-5-2,FALSE,NO,NONE,,OBJ,5,NO,Y,TRUE,YES,9,5EQN,9.5EQN_Y,2,NO,OBJ ,16Y
PP1,NO,9-6-1,TRUE,NO,NONE,PP2,PP1,6,YES,X,TRUE,YES,9,6EQY,9.6EQY_X,1,YES,PP1 ,16Y
PP1,YES,9-6-2,TRUE,NO,OBJ,,PP1 > OBJ,6,YES,Y,TRUE,YES,9,6EQY,9.6EQY_Y,2,NO,PP1 > OBJ,16Y
PP1,NO,9-7-1,TRUE,NO,NONE,,PP1,7,YES,X,FALSE,NO,9,7EDY,9.7EDY_X,1,NO,PP1 ,16Y
PP1,NO,9-7-2,TRUE,NO,NONE,,PP1,7,YES,Y,FALSE,NO,9,7EDY,9.7EDY_Y,2,NO,PP1 ,16Y
PP1,YES,9-8-1,TRUE,NO,OBJ,,PP1 > OBJ,8,YES,X,FALSE,NO,9,8EDY,9.8EDY_X,1,NO,PP1 > OBJ,16Y
PP1,NO,9-8-2,TRUE,NO,NONE,,PP1,8,YES,Y,FALSE,NO,9,8EDY,9.8EDY_Y,2,NO,PP1 ,16Y
OBJ,YES,9-9-1,FALSE,NO,NONE,,OBJ,9,NO,X,FALSE,NO,9,9EDN,9.9EDN_X,1,NO,OBJ ,16Y
NONE,YES,9-9-2,FALSE,NO,NONE,,OBJ PP1,9,YES,Y,FALSE,NO,9,9EDN,9.9EDN_Y,2,NO,OBJ PP1,16Y
