filename,participant,GP_condition,Q_condition,item,inter_reading,is_filler
1.10EQN,1,False,True,10,NA,False
1.11EDY,1,True,False,11,NA,False
1.12EDN,1,False,False,12,NA,False
1.13EDY,1,True,False,13,NA,False
1.14EQY,1,True,True,14,NA,False
1.15EDN,1,False,False,15,NA,False
1.16EQY,1,True,True,16,NA,False
1.17FDY,1,True,False,17,NA,True
1.18FDY,1,True,False,18,NA,True
1.19FDY,1,True,False,19,NA,True
1.1EDN,1,False,False,1,NA,False
1.20FDY,1,True,False,20,NA,True
1.21FDY,1,True,False,21,NA,True
1.22FDY,1,True,False,22,NA,True
1.23FDY,1,True,False,23,NA,True
1.24FDY,1,True,False,24,NA,True
1.25FQY,1,True,True,25,NA,True
1.26FDY,1,True,False,26,NA,True
1.27FDY,1,True,False,27,NA,True
1.28FDY,1,True,False,28,NA,True
1.29FDY,1,True,False,29,NA,True
1.2EQN,1,False,True,2,NA,False
1.30FQY,1,True,True,30,NA,True
1.31FQY,1,True,True,31,NA,True
1.32FQY,1,True,True,32,NA,True
1.33FQN,1,False,True,33,NA,True
1.34FDN,1,False,False,34,NA,True
1.35FQN,1,False,True,35,NA,True
1.36FDN,1,False,False,36,NA,True
1.37FQN,1,False,True,37,NA,True
1.38FQN,1,False,True,38,NA,True
1.39FQN,1,False,True,39,NA,True
1.3EQN,1,False,True,3,NA,False
1.40FQN,1,False,True,40,NA,True
1.41FQN,1,False,True,41,NA,True
1.42FQN,1,False,True,42,NA,True
1.43FQN,1,False,True,43,NA,True
1.44FDN,1,False,False,44,NA,True
1.45FDN,1,False,False,45,NA,True
1.46FQN,1,False,True,46,NA,True
1.47FQN,1,False,True,47,NA,True
1.48FQN,1,False,True,48,NA,True
1.4EQY,1,True,True,4,NA,False
1.5EQN,1,False,True,5,NA,False
1.6EQY,1,True,True,6,NA,False
1.7EDY,1,True,False,7,NA,False
1.8EDY,1,True,False,8,NA,False
1.9EDN,1,False,False,9,NA,False
10.10EDY,10,True,False,10,NA,False
10.11EQN,10,False,True,11,NA,False
10.12EQY,10,True,True,12,NA,False
10.13EQN,10,False,True,13,NA,False
10.14EDN,10,False,False,14,NA,False
10.15EQY,10,True,True,15,NA,False
10.16EDN,10,False,False,16,NA,False
10.17FQY,10,True,True,17,NA,True
10.18FQY,10,True,True,18,NA,True
10.19FQY,10,True,True,19,NA,True
10.1EQY,10,True,True,1,NA,False
10.20FQY,10,True,True,20,NA,True
10.21FQY,10,True,True,21,NA,True
10.22FQY,10,True,True,22,NA,True
10.23FQY,10,True,True,23,NA,True
10.24FQY,10,True,True,24,NA,True
10.25FDY,10,True,False,25,NA,True
10.26FQY,10,True,True,26,NA,True
10.27FQY,10,True,True,27,NA,True
10.28FQY,10,True,True,28,NA,True
10.29FQY,10,True,True,29,NA,True
10.2EDY,10,True,False,2,NA,False
10.30FDY,10,True,False,30,NA,True
10.31FDY,10,True,False,31,NA,True
10.32FDY,10,True,False,32,NA,True
10.33FDN,10,False,False,33,NA,True
10.34FQN,10,False,True,34,NA,True
10.35FDN,10,False,False,35,NA,True
10.36FQN,10,False,True,36,NA,True
10.37FDN,10,False,False,37,NA,True
10.38FDN,10,False,False,38,NA,True
10.39FDN,10,False,False,39,NA,True
10.3EDY,10,True,False,3,NA,False
10.40FDN,10,False,False,40,NA,True
10.41FDN,10,False,False,41,NA,True
10.42FDN,10,False,False,42,NA,True
10.43FDN,10,False,False,43,NA,True
10.44FQN,10,False,True,44,NA,True
10.45FQN,10,False,True,45,NA,True
10.46FDN,10,False,False,46,NA,True
10.47FDN,10,False,False,47,NA,True
10.48FDN,10,False,False,48,NA,True
10.4EDN,10,False,False,4,NA,False
10.5EDY,10,True,False,5,NA,False
10.6EDN,10,False,False,6,NA,False
10.7EQN,10,False,True,7,NA,False
10.8EQN,10,False,True,8,NA,False
10.9EQY,10,True,True,9,NA,False
11.10EQY,11,True,True,10,NA,False
11.11EDN,11,False,False,11,NA,False
11.15EDY,11,True,False,15,NA,False
11.16EQN,11,False,True,16,NA,False
11.17FDY,11,True,False,17,NA,True
11.18FDY,11,True,False,18,NA,True
11.19FDY,11,True,False,19,NA,True
11.1EDY,11,True,False,1,NA,False
11.21FDY,11,True,False,21,NA,True
11.23FDY,11,True,False,23,NA,True
11.24FDY,11,True,False,24,NA,True
11.25FQY,11,True,True,25,NA,True
11.27FDY,11,True,False,27,NA,True
11.28FDY,11,True,False,28,NA,True
11.29FDY,11,True,False,29,NA,True
11.30FQY,11,True,True,30,NA,True
11.31FQY,11,True,True,31,NA,True
11.32FQY,11,True,True,32,NA,True
11.34FDN,11,False,False,34,NA,True
11.35FQN,11,False,True,35,NA,True
11.36FDN,11,False,False,36,NA,True
11.37FQN,11,False,True,37,NA,True
11.39FQN,11,False,True,39,NA,True
11.3EQY,11,True,True,3,NA,False
11.41FQN,11,False,True,41,NA,True
11.42FQN,11,False,True,42,NA,True
11.43FQN,11,False,True,43,NA,True
11.44FDN,11,False,False,44,NA,True
11.45FDN,11,False,False,45,NA,True
11.47FQN,11,False,True,47,NA,True
11.48FQN,11,False,True,48,NA,True
11.4EQN,11,False,True,4,NA,False
11.5EQY,11,True,True,5,NA,False
11.6EQN,11,False,True,6,NA,False
11.7EDN,11,False,False,7,NA,False
11.8EDN,11,False,False,8,NA,False
12.10EDN,12,False,False,10,NA,False
12.11EQY,12,True,True,11,NA,False
12.12EQN,12,False,True,12,NA,False
12.13EQY,12,True,True,13,NA,False
12.14EDY,12,True,False,14,NA,False
12.15EQN,12,False,True,15,NA,False
12.16EDY,12,True,False,16,NA,False
12.17FQY,12,True,True,17,NA,True
12.18FQY,12,True,True,18,NA,True
12.19FQY,12,True,True,19,NA,True
12.1EQN,12,False,True,1,NA,False
12.20FQY,12,True,True,20,NA,True
12.21FQY,12,True,True,21,NA,True
12.22FQY,12,True,True,22,NA,True
12.23FQY,12,True,True,23,NA,True
12.24FQY,12,True,True,24,NA,True
12.25FDY,12,True,False,25,NA,True
12.26FQY,12,True,True,26,NA,True
12.27FQY,12,True,True,27,NA,True
12.28FQY,12,True,True,28,NA,True
12.29FQY,12,True,True,29,NA,True
12.2EDN,12,False,False,2,NA,False
12.30FDY,12,True,False,30,NA,True
12.31FDY,12,True,False,31,NA,True
12.32FDY,12,True,False,32,NA,True
12.33FDN,12,False,False,33,NA,True
12.34FQN,12,False,True,34,NA,True
12.35FDN,12,False,False,35,NA,True
12.36FQN,12,False,True,36,NA,True
12.37FDN,12,False,False,37,NA,True
12.38FDN,12,False,False,38,NA,True
12.39FDN,12,False,False,39,NA,True
12.3EDN,12,False,False,3,NA,False
12.40FDN,12,False,False,40,NA,True
12.41FDN,12,False,False,41,NA,True
12.42FDN,12,False,False,42,NA,True
12.43FDN,12,False,False,43,NA,True
12.44FQN,12,False,True,44,NA,True
12.45FQN,12,False,True,45,NA,True
12.46FDN,12,False,False,46,NA,True
12.47FDN,12,False,False,47,NA,True
12.48FDN,12,False,False,48,NA,True
12.4EDY,12,True,False,4,NA,False
12.5EDN,12,False,False,5,NA,False
12.6EDY,12,True,False,6,NA,False
12.7EQY,12,True,True,7,NA,False
12.8EQY,12,True,True,8,NA,False
12.9EQN,12,False,True,9,NA,False
13.10EQN,13,False,True,10,NA,False
13.11EDY,13,True,False,11,NA,False
13.12EDN,13,False,False,12,NA,False
13.13EDY,13,True,False,13,NA,False
13.14EQY,13,True,True,14,NA,False
13.15EDN,13,False,False,15,NA,False
13.16EQY,13,True,True,16,NA,False
13.17FDY,13,True,False,17,NA,True
13.18FDY,13,True,False,18,NA,True
13.19FDY,13,True,False,19,NA,True
13.1EDN,13,False,False,1,NA,False
13.20FDY,13,True,False,20,NA,True
13.21FDY,13,True,False,21,NA,True
13.22FDY,13,True,False,22,NA,True
13.23FDY,13,True,False,23,NA,True
13.24FDY,13,True,False,24,NA,True
13.25FQY,13,True,True,25,NA,True
13.26FDY,13,True,False,26,NA,True
13.27FDY,13,True,False,27,NA,True
13.28FDY,13,True,False,28,NA,True
13.29FDY,13,True,False,29,NA,True
13.2EQN,13,False,True,2,NA,False
13.30FQY,13,True,True,30,NA,True
13.31FQY,13,True,True,31,NA,True
13.32FQY,13,True,True,32,NA,True
13.33FQN,13,False,True,33,NA,True
13.34FDN,13,False,False,34,NA,True
13.35FQN,13,False,True,35,NA,True
13.36FDN,13,False,False,36,NA,True
13.37FQN,13,False,True,37,NA,True
13.38FQN,13,False,True,38,NA,True
13.39FQN,13,False,True,39,NA,True
13.3EQN,13,False,True,3,NA,False
13.40FQN,13,False,True,40,NA,True
13.41FQN,13,False,True,41,NA,True
13.42FQN,13,False,True,42,NA,True
13.43FQN,13,False,True,43,NA,True
13.44FDN,13,False,False,44,NA,True
13.45FDN,13,False,False,45,NA,True
13.46FQN,13,False,True,46,NA,True
13.47FQN,13,False,True,47,NA,True
13.48FQN,13,False,True,48,NA,True
13.4EQY,13,True,True,4,NA,False
13.5EQN,13,False,True,5,NA,False
13.6EQY,13,True,True,6,NA,False
13.7EDY,13,True,False,7,NA,False
13.8EDY,13,True,False,8,NA,False
13.9EDN,13,False,False,9,NA,False
14.10EDY,14,True,False,10,NA,False
14.11EQN,14,False,True,11,NA,False
14.12EQY,14,True,True,12,NA,False
14.13EQN,14,False,True,13,NA,False
14.14EDN,14,False,False,14,NA,False
14.15EQY,14,True,True,15,NA,False
14.16EDN,14,False,False,16,NA,False
14.17FQY,14,True,True,17,NA,True
14.18FQY,14,True,True,18,NA,True
14.19FQY,14,True,True,19,NA,True
14.1EQY,14,True,True,1,NA,False
14.20FQY,14,True,True,20,NA,True
14.21FQY,14,True,True,21,NA,True
14.22FQY,14,True,True,22,NA,True
14.23FQY,14,True,True,23,NA,True
14.24FQY,14,True,True,24,NA,True
14.25FDY,14,True,False,25,NA,True
14.26FQY,14,True,True,26,NA,True
14.27FQY,14,True,True,27,NA,True
14.28FQY,14,True,True,28,NA,True
14.29FQY,14,True,True,29,NA,True
14.2EDY,14,True,False,2,NA,False
14.30FDY,14,True,False,30,NA,True
14.31FDY,14,True,False,31,NA,True
14.32FDY,14,True,False,32,NA,True
14.33FDN,14,False,False,33,NA,True
14.34FQN,14,False,True,34,NA,True
14.35FDN,14,False,False,35,NA,True
14.36FQN,14,False,True,36,NA,True
14.37FDN,14,False,False,37,NA,True
14.38FDN,14,False,False,38,NA,True
14.39FDN,14,False,False,39,NA,True
14.3EDY,14,True,False,3,NA,False
14.40FDN,14,False,False,40,NA,True
14.41FDN,14,False,False,41,NA,True
14.42FDN,14,False,False,42,NA,True
14.43FDN,14,False,False,43,NA,True
14.44FQN,14,False,True,44,NA,True
14.45FQN,14,False,True,45,NA,True
14.46FDN,14,False,False,46,NA,True
14.47FDN,14,False,False,47,NA,True
14.48FDN,14,False,False,48,NA,True
14.4EDN,14,False,False,4,NA,False
14.5EDY,14,True,False,5,NA,False
14.6EDN,14,False,False,6,NA,False
14.7EQN,14,False,True,7,NA,False
14.8EQN,14,False,True,8,NA,False
14.9EQY,14,True,True,9,NA,False
15.10EQY,15,True,True,10,NA,False
15.11EDN,15,False,False,11,NA,False
15.12EDY,15,True,False,12,NA,False
15.13EDN,15,False,False,13,NA,False
15.14EQN,15,False,True,14,NA,False
15.15EDY,15,True,False,15,NA,False
15.16EQN,15,False,True,16,NA,False
15.17FDY,15,True,False,17,NA,True
15.18FDY,15,True,False,18,NA,True
15.19FDY,15,True,False,19,NA,True
15.1EDY,15,True,False,1,NA,False
15.20FDY,15,True,False,20,NA,True
15.21FDY,15,True,False,21,NA,True
15.22FDY,15,True,False,22,NA,True
15.23FDY,15,True,False,23,NA,True
15.24FDY,15,True,False,24,NA,True
15.25FQY,15,True,True,25,NA,True
15.26FDY,15,True,False,26,NA,True
15.27FDY,15,True,False,27,NA,True
15.28FDY,15,True,False,28,NA,True
15.29FDY,15,True,False,29,NA,True
15.2EQY,15,True,True,2,NA,False
15.30FQY,15,True,True,30,NA,True
15.31FQY,15,True,True,31,NA,True
15.32FQY,15,True,True,32,NA,True
15.33FQN,15,False,True,33,NA,True
15.34FDN,15,False,False,34,NA,True
15.35FQN,15,False,True,35,NA,True
15.36FDN,15,False,False,36,NA,True
15.37FQN,15,False,True,37,NA,True
15.38FQN,15,False,True,38,NA,True
15.39FQN,15,False,True,39,NA,True
15.3EQY,15,True,True,3,NA,False
15.40FQN,15,False,True,40,NA,True
15.41FQN,15,False,True,41,NA,True
15.42FQN,15,False,True,42,NA,True
15.43FQN,15,False,True,43,NA,True
15.44FDN,15,False,False,44,NA,True
15.45FDN,15,False,False,45,NA,True
15.46FQN,15,False,True,46,NA,True
15.47FQN,15,False,True,47,NA,True
15.48FQN,15,False,True,48,NA,True
15.4EQN,15,False,True,4,NA,False
15.5EQY,15,True,True,5,NA,False
15.6EQN,15,False,True,6,NA,False
15.7EDN,15,False,False,7,NA,False
15.8EDN,15,False,False,8,NA,False
15.9EDY,15,True,False,9,NA,False
16.10EDN,16,False,False,10,NA,False
16.11EQY,16,True,True,11,NA,False
16.12EQN,16,False,True,12,NA,False
16.13EQY,16,True,True,13,NA,False
16.14EDY,16,True,False,14,NA,False
16.15EQN,16,False,True,15,NA,False
16.16EDY,16,True,False,16,NA,False
16.17FQY,16,True,True,17,NA,True
16.18FQY,16,True,True,18,NA,True
16.19FQY,16,True,True,19,NA,True
16.1EQN,16,False,True,1,NA,False
16.20FQY,16,True,True,20,NA,True
16.21FQY,16,True,True,21,NA,True
16.22FQY,16,True,True,22,NA,True
16.23FQY,16,True,True,23,NA,True
16.24FQY,16,True,True,24,NA,True
16.25FDY,16,True,False,25,NA,True
16.26FQY,16,True,True,26,NA,True
16.27FQY,16,True,True,27,NA,True
16.28FQY,16,True,True,28,NA,True
16.29FQY,16,True,True,29,NA,True
16.2EDN,16,False,False,2,NA,False
16.30FDY,16,True,False,30,NA,True
16.31FDY,16,True,False,31,NA,True
16.32FDY,16,True,False,32,NA,True
16.33FDN,16,False,False,33,NA,True
16.34FQN,16,False,True,34,NA,True
16.35FDN,16,False,False,35,NA,True
16.36FQN,16,False,True,36,NA,True
16.37FDN,16,False,False,37,NA,True
16.38FDN,16,False,False,38,NA,True
16.39FDN,16,False,False,39,NA,True
16.3EDN,16,False,False,3,NA,False
16.40FDN,16,False,False,40,NA,True
16.41FDN,16,False,False,41,NA,True
16.42FDN,16,False,False,42,NA,True
16.43FDN,16,False,False,43,NA,True
16.44FQN,16,False,True,44,NA,True
16.45FQN,16,False,True,45,NA,True
16.46FDN,16,False,False,46,NA,True
16.47FDN,16,False,False,47,NA,True
16.48FDN,16,False,False,48,NA,True
16.4EDY,16,True,False,4,NA,False
16.5EDN,16,False,False,5,NA,False
16.6EDY,16,True,False,6,NA,False
16.7EQY,16,True,True,7,NA,False
16.8EQY,16,True,True,8,NA,False
16.9EQN,16,False,True,9,NA,False
17.10EQN,17,False,True,10,NA,False
17.11EDY,17,True,False,11,NA,False
17.12EDN,17,False,False,12,NA,False
17.13EDY,17,True,False,13,NA,False
17.14EQY,17,True,True,14,NA,False
17.15EDN,17,False,False,15,NA,False
17.16EQY,17,True,True,16,NA,False
17.17FDY,17,True,False,17,NA,True
17.18FDY,17,True,False,18,NA,True
17.19FDY,17,True,False,19,NA,True
17.1EDN,17,False,False,1,NA,False
17.20FDY,17,True,False,20,NA,True
17.21FDY,17,True,False,21,NA,True
17.22FDY,17,True,False,22,NA,True
17.23FDY,17,True,False,23,NA,True
17.24FDY,17,True,False,24,NA,True
17.25FQY,17,True,True,25,NA,True
17.26FDY,17,True,False,26,NA,True
17.27FDY,17,True,False,27,NA,True
17.28FDY,17,True,False,28,NA,True
17.29FDY,17,True,False,29,NA,True
17.2EQN,17,False,True,2,NA,False
17.30FQY,17,True,True,30,NA,True
17.31FQY,17,True,True,31,NA,True
17.32FQY,17,True,True,32,NA,True
17.33FQN,17,False,True,33,NA,True
17.34FDN,17,False,False,34,NA,True
17.35FQN,17,False,True,35,NA,True
17.36FDN,17,False,False,36,NA,True
17.37FQN,17,False,True,37,NA,True
17.38FQN,17,False,True,38,NA,True
17.39FQN,17,False,True,39,NA,True
17.3EQN,17,False,True,3,NA,False
17.40FQN,17,False,True,40,NA,True
17.41FQN,17,False,True,41,NA,True
17.42FQN,17,False,True,42,NA,True
17.43FQN,17,False,True,43,NA,True
17.44FDN,17,False,False,44,NA,True
17.45FDN,17,False,False,45,NA,True
17.46FQN,17,False,True,46,NA,True
17.47FQN,17,False,True,47,NA,True
17.48FQN,17,False,True,48,NA,True
17.4EQY,17,True,True,4,NA,False
17.5EQN,17,False,True,5,NA,False
17.6EQY,17,True,True,6,NA,False
17.7EDY,17,True,False,7,NA,False
17.8EDY,17,True,False,8,NA,False
17.9EDN,17,False,False,9,NA,False
19.10EQY,19,True,True,10,NA,False
19.11EDN,19,False,False,11,NA,False
19.12EDY,19,True,False,12,NA,False
19.13EDN,19,False,False,13,NA,False
19.14EQN,19,False,True,14,NA,False
19.15EDY,19,True,False,15,NA,False
19.16EQN,19,False,True,16,NA,False
19.17FDY,19,True,False,17,NA,True
19.18FDY,19,True,False,18,NA,True
19.19FDY,19,True,False,19,NA,True
19.1EDY,19,True,False,1,NA,False
19.20FDY,19,True,False,20,NA,True
19.21FDY,19,True,False,21,NA,True
19.22FDY,19,True,False,22,NA,True
19.23FDY,19,True,False,23,NA,True
19.24FDY,19,True,False,24,NA,True
19.25FQY,19,True,True,25,NA,True
19.26FDY,19,True,False,26,NA,True
19.27FDY,19,True,False,27,NA,True
19.28FDY,19,True,False,28,NA,True
19.29FDY,19,True,False,29,NA,True
19.2EQY,19,True,True,2,NA,False
19.30FQY,19,True,True,30,NA,True
19.31FQY,19,True,True,31,NA,True
19.32FQY,19,True,True,32,NA,True
19.33FQN,19,False,True,33,NA,True
19.34FDN,19,False,False,34,NA,True
19.35FQN,19,False,True,35,NA,True
19.36FDN,19,False,False,36,NA,True
19.37FQN,19,False,True,37,NA,True
19.38FQN,19,False,True,38,NA,True
19.39FQN,19,False,True,39,NA,True
19.3EQY,19,True,True,3,NA,False
19.40FQN,19,False,True,40,NA,True
19.41FQN,19,False,True,41,NA,True
19.42FQN,19,False,True,42,NA,True
19.43FQN,19,False,True,43,NA,True
19.44FDN,19,False,False,44,NA,True
19.45FDN,19,False,False,45,NA,True
19.46FQN,19,False,True,46,NA,True
19.47FQN,19,False,True,47,NA,True
19.48FQN,19,False,True,48,NA,True
19.4EQN,19,False,True,4,NA,False
19.5EQY,19,True,True,5,NA,False
19.6EQN,19,False,True,6,NA,False
19.7EDN,19,False,False,7,NA,False
19.8EDN,19,False,False,8,NA,False
19.9EDY,19,True,False,9,NA,False
2.10EDY,2,True,False,10,NA,False
2.11EQN,2,False,True,11,NA,False
2.12EQY,2,True,True,12,NA,False
2.13EQN,2,False,True,13,NA,False
2.14EDN,2,False,False,14,NA,False
2.15EQY,2,True,True,15,NA,False
2.16EDN,2,False,False,16,NA,False
2.17FQY,2,True,True,17,NA,True
2.18FQY,2,True,True,18,NA,True
2.19FQY,2,True,True,19,NA,True
2.1EQY,2,True,True,1,NA,False
2.20FQY,2,True,True,20,NA,True
2.21FQY,2,True,True,21,NA,True
2.22FQY,2,True,True,22,NA,True
2.23FQY,2,True,True,23,NA,True
2.24FQY,2,True,True,24,NA,True
2.25FDY,2,True,False,25,NA,True
2.26FQY,2,True,True,26,NA,True
2.27FQY,2,True,True,27,NA,True
2.28FQY,2,True,True,28,NA,True
2.29FQY,2,True,True,29,NA,True
2.2EDY,2,True,False,2,NA,False
2.30FDY,2,True,False,30,NA,True
2.31FDY,2,True,False,31,NA,True
2.32FDY,2,True,False,32,NA,True
2.33FDN,2,False,False,33,NA,True
2.34FQN,2,False,True,34,NA,True
2.35FDN,2,False,False,35,NA,True
2.36FQN,2,False,True,36,NA,True
2.37FDN,2,False,False,37,NA,True
2.38FDN,2,False,False,38,NA,True
2.39FDN,2,False,False,39,NA,True
2.3EDY,2,True,False,3,NA,False
2.40FDN,2,False,False,40,NA,True
2.41FDN,2,False,False,41,NA,True
2.42FDN,2,False,False,42,NA,True
2.43FDN,2,False,False,43,NA,True
2.44FQN,2,False,True,44,NA,True
2.45FQN,2,False,True,45,NA,True
2.46FDN,2,False,False,46,NA,True
2.47FDN,2,False,False,47,NA,True
2.48FDN,2,False,False,48,NA,True
2.4EDN,2,False,False,4,NA,False
2.5EDY,2,True,False,5,NA,False
2.6EDN,2,False,False,6,NA,False
2.7EQN,2,False,True,7,NA,False
2.8EQN,2,False,True,8,NA,False
2.9EQY,2,True,True,9,NA,False
20.10EDN,20,False,False,10,NA,False
20.11EQY,20,True,True,11,NA,False
20.12EQN,20,False,True,12,NA,False
20.13EQY,20,True,True,13,NA,False
20.14EDY,20,True,False,14,NA,False
20.15EQN,20,False,True,15,NA,False
20.16EDY,20,True,False,16,NA,False
20.17FQY,20,True,True,17,NA,True
20.18FQY,20,True,True,18,NA,True
20.19FQY,20,True,True,19,NA,True
20.1EQN,20,False,True,1,NA,False
20.20FQY,20,True,True,20,NA,True
20.21FQY,20,True,True,21,NA,True
20.22FQY,20,True,True,22,NA,True
20.23FQY,20,True,True,23,NA,True
20.24FQY,20,True,True,24,NA,True
20.25FDY,20,True,False,25,NA,True
20.26FQY,20,True,True,26,NA,True
20.27FQY,20,True,True,27,NA,True
20.28FQY,20,True,True,28,NA,True
20.29FQY,20,True,True,29,NA,True
20.2EDN,20,False,False,2,NA,False
20.30FDY,20,True,False,30,NA,True
20.31FDY,20,True,False,31,NA,True
20.32FDY,20,True,False,32,NA,True
20.33FDN,20,False,False,33,NA,True
20.34FQN,20,False,True,34,NA,True
20.35FDN,20,False,False,35,NA,True
20.36FQN,20,False,True,36,NA,True
20.37FDN,20,False,False,37,NA,True
20.38FDN,20,False,False,38,NA,True
20.39FDN,20,False,False,39,NA,True
20.3EDN,20,False,False,3,NA,False
20.40FDN,20,False,False,40,NA,True
20.41FDN,20,False,False,41,NA,True
20.42FDN,20,False,False,42,NA,True
20.43FDN,20,False,False,43,NA,True
20.44FQN,20,False,True,44,NA,True
20.45FQN,20,False,True,45,NA,True
20.46FDN,20,False,False,46,NA,True
20.47FDN,20,False,False,47,NA,True
20.48FDN,20,False,False,48,NA,True
20.4EDY,20,True,False,4,NA,False
20.5EDN,20,False,False,5,NA,False
20.6EDY,20,True,False,6,NA,False
20.7EQY,20,True,True,7,NA,False
20.8EQY,20,True,True,8,NA,False
20.9EQN,20,False,True,9,NA,False
201.10EQN,201,False,True,10,NA,False
201.11EDY,201,True,False,11,NA,False
201.12EDN,201,False,False,12,NA,False
201.13EDY,201,True,False,13,NA,False
201.14EQY,201,True,True,14,NA,False
201.15EDN,201,False,False,15,NA,False
201.16EQY,201,True,True,16,NA,False
201.17FDY,201,True,False,17,NA,True
201.18FDY,201,True,False,18,NA,True
201.19FDY,201,True,False,19,NA,True
201.1EDN,201,False,False,1,NA,False
201.20FDY,201,True,False,20,NA,True
201.21FDY,201,True,False,21,NA,True
201.22FDY,201,True,False,22,NA,True
201.23FDY,201,True,False,23,NA,True
201.24FDY,201,True,False,24,NA,True
201.25FQY,201,True,True,25,NA,True
201.26FDY,201,True,False,26,NA,True
201.27FDY,201,True,False,27,NA,True
201.28FDY,201,True,False,28,NA,True
201.29FDY,201,True,False,29,NA,True
201.2EQN,201,False,True,2,NA,False
201.30FQY,201,True,True,30,NA,True
201.31FQY,201,True,True,31,NA,True
201.32FQY,201,True,True,32,NA,True
201.33FQN,201,False,True,33,NA,True
201.34FDN,201,False,False,34,NA,True
201.35FQN,201,False,True,35,NA,True
201.36FDN,201,False,False,36,NA,True
201.37FQN,201,False,True,37,NA,True
201.38FQN,201,False,True,38,NA,True
201.39FQN,201,False,True,39,NA,True
201.3EQN,201,False,True,3,NA,False
201.40FQN,201,False,True,40,NA,True
201.41FQN,201,False,True,41,NA,True
201.42FQN,201,False,True,42,NA,True
201.43FQN,201,False,True,43,NA,True
201.44FDN,201,False,False,44,NA,True
201.45FDN,201,False,False,45,NA,True
201.46FQN,201,False,True,46,NA,True
201.47FQN,201,False,True,47,NA,True
201.48FQN,201,False,True,48,NA,True
201.4EQY,201,True,True,4,NA,False
201.5EQN,201,False,True,5,NA,False
201.6EQY,201,True,True,6,NA,False
201.7EDY,201,True,False,7,NA,False
201.8EDY,201,True,False,8,NA,False
201.9EDN,201,False,False,9,NA,False
203.10EQY,203,True,True,10,NA,False
203.11EDN,203,False,False,11,NA,False
203.12EDY,203,True,False,12,NA,False
203.13EDN,203,False,False,13,NA,False
203.14EQN,203,False,True,14,NA,False
203.15EDY,203,True,False,15,NA,False
203.16EQN,203,False,True,16,NA,False
203.17FDY,203,True,False,17,NA,True
203.18FDY,203,True,False,18,NA,True
203.19FDY,203,True,False,19,NA,True
203.1EDY,203,True,False,1,NA,False
203.20FDY,203,True,False,20,NA,True
203.21FDY,203,True,False,21,NA,True
203.22FDY,203,True,False,22,NA,True
203.23FDY,203,True,False,23,NA,True
203.24FDY,203,True,False,24,NA,True
203.25FQY,203,True,True,25,NA,True
203.26FDY,203,True,False,26,NA,True
203.27FDY,203,True,False,27,NA,True
203.28FDY,203,True,False,28,NA,True
203.29FDY,203,True,False,29,NA,True
203.2EQY,203,True,True,2,NA,False
203.30FQY,203,True,True,30,NA,True
203.31FQY,203,True,True,31,NA,True
203.32FQY,203,True,True,32,NA,True
203.33FQN,203,False,True,33,NA,True
203.34FDN,203,False,False,34,NA,True
203.35FQN,203,False,True,35,NA,True
203.36FDN,203,False,False,36,NA,True
203.37FQN,203,False,True,37,NA,True
203.38FQN,203,False,True,38,NA,True
203.39FQN,203,False,True,39,NA,True
203.3EQY,203,True,True,3,NA,False
203.40FQN,203,False,True,40,NA,True
203.41FQN,203,False,True,41,NA,True
203.42FQN,203,False,True,42,NA,True
203.43FQN,203,False,True,43,NA,True
203.44FDN,203,False,False,44,NA,True
203.45FDN,203,False,False,45,NA,True
203.46FQN,203,False,True,46,NA,True
203.47FQN,203,False,True,47,NA,True
203.48FQN,203,False,True,48,NA,True
203.4EQN,203,False,True,4,NA,False
203.5EQY,203,True,True,5,NA,False
203.6EQN,203,False,True,6,NA,False
203.7EDN,203,False,False,7,NA,False
203.8EDN,203,False,False,8,NA,False
203.9EDY,203,True,False,9,NA,False
204.10EDN,204,False,False,10,NA,False
204.11EQY,204,True,True,11,NA,False
204.12EQN,204,False,True,12,NA,False
204.13EQY,204,True,True,13,NA,False
204.14EDY,204,True,False,14,NA,False
204.15EQN,204,False,True,15,NA,False
204.16EDY,204,True,False,16,NA,False
204.17FQY,204,True,True,17,NA,True
204.18FQY,204,True,True,18,NA,True
204.19FQY,204,True,True,19,NA,True
204.1EQN,204,False,True,1,NA,False
204.20FQY,204,True,True,20,NA,True
204.21FQY,204,True,True,21,NA,True
204.22FQY,204,True,True,22,NA,True
204.23FQY,204,True,True,23,NA,True
204.24FQY,204,True,True,24,NA,True
204.25FDY,204,True,False,25,NA,True
204.26FQY,204,True,True,26,NA,True
204.27FQY,204,True,True,27,NA,True
204.28FQY,204,True,True,28,NA,True
204.29FQY,204,True,True,29,NA,True
204.2EDN,204,False,False,2,NA,False
204.30FDY,204,True,False,30,NA,True
204.31FDY,204,True,False,31,NA,True
204.32FDY,204,True,False,32,NA,True
204.33FDN,204,False,False,33,NA,True
204.34FQN,204,False,True,34,NA,True
204.35FDN,204,False,False,35,NA,True
204.36FQN,204,False,True,36,NA,True
204.37FDN,204,False,False,37,NA,True
204.38FDN,204,False,False,38,NA,True
204.39FDN,204,False,False,39,NA,True
204.3EDN,204,False,False,3,NA,False
204.40FDN,204,False,False,40,NA,True
204.41FDN,204,False,False,41,NA,True
204.42FDN,204,False,False,42,NA,True
204.43FDN,204,False,False,43,NA,True
204.44FQN,204,False,True,44,NA,True
204.45FQN,204,False,True,45,NA,True
204.46FDN,204,False,False,46,NA,True
204.47FDN,204,False,False,47,NA,True
204.48FDN,204,False,False,48,NA,True
204.4EDY,204,True,False,4,NA,False
204.5EDN,204,False,False,5,NA,False
204.6EDY,204,True,False,6,NA,False
204.7EQY,204,True,True,7,NA,False
204.8EQY,204,True,True,8,NA,False
204.9EQN,204,False,True,9,NA,False
205.10EQN,205,False,True,10,NA,False
205.11EDY,205,True,False,11,NA,False
205.12EDN,205,False,False,12,NA,False
205.13EDY,205,True,False,13,NA,False
205.14EQY,205,True,True,14,NA,False
205.15EDN,205,False,False,15,NA,False
205.16EQY,205,True,True,16,NA,False
205.17FDY,205,True,False,17,NA,True
205.18FDY,205,True,False,18,NA,True
205.19FDY,205,True,False,19,NA,True
205.1EDN,205,False,False,1,NA,False
205.20FDY,205,True,False,20,NA,True
205.21FDY,205,True,False,21,NA,True
205.22FDY,205,True,False,22,NA,True
205.23FDY,205,True,False,23,NA,True
205.24FDY,205,True,False,24,NA,True
205.25FQY,205,True,True,25,NA,True
205.26FDY,205,True,False,26,NA,True
205.27FDY,205,True,False,27,NA,True
205.28FDY,205,True,False,28,NA,True
205.29FDY,205,True,False,29,NA,True
205.2EQN,205,False,True,2,NA,False
205.30FQY,205,True,True,30,NA,True
205.31FQY,205,True,True,31,NA,True
205.32FQY,205,True,True,32,NA,True
205.33FQN,205,False,True,33,NA,True
205.34FDN,205,False,False,34,NA,True
205.35FQN,205,False,True,35,NA,True
205.36FDN,205,False,False,36,NA,True
205.37FQN,205,False,True,37,NA,True
205.38FQN,205,False,True,38,NA,True
205.39FQN,205,False,True,39,NA,True
205.3EQN,205,False,True,3,NA,False
205.40FQN,205,False,True,40,NA,True
205.41FQN,205,False,True,41,NA,True
205.42FQN,205,False,True,42,NA,True
205.43FQN,205,False,True,43,NA,True
205.44FDN,205,False,False,44,NA,True
205.45FDN,205,False,False,45,NA,True
205.46FQN,205,False,True,46,NA,True
205.47FQN,205,False,True,47,NA,True
205.48FQN,205,False,True,48,NA,True
205.4EQY,205,True,True,4,NA,False
205.5EQN,205,False,True,5,NA,False
205.6EQY,205,True,True,6,NA,False
205.7EDY,205,True,False,7,NA,False
205.8EDY,205,True,False,8,NA,False
205.9EDN,205,False,False,9,NA,False
206.10EDY,206,True,False,10,NA,False
206.11EQN,206,False,True,11,NA,False
206.12EQY,206,True,True,12,NA,False
206.13EQN,206,False,True,13,NA,False
206.14EDN,206,False,False,14,NA,False
206.15EQY,206,True,True,15,NA,False
206.16EDN,206,False,False,16,NA,False
206.17FQY,206,True,True,17,NA,True
206.18FQY,206,True,True,18,NA,True
206.19FQY,206,True,True,19,NA,True
206.1EQY,206,True,True,1,NA,False
206.20FQY,206,True,True,20,NA,True
206.21FQY,206,True,True,21,NA,True
206.22FQY,206,True,True,22,NA,True
206.23FQY,206,True,True,23,NA,True
206.24FQY,206,True,True,24,NA,True
206.25FDY,206,True,False,25,NA,True
206.26FQY,206,True,True,26,NA,True
206.27FQY,206,True,True,27,NA,True
206.28FQY,206,True,True,28,NA,True
206.29FQY,206,True,True,29,NA,True
206.2EDY,206,True,False,2,NA,False
206.30FDY,206,True,False,30,NA,True
206.31FDY,206,True,False,31,NA,True
206.32FDY,206,True,False,32,NA,True
206.33FDN,206,False,False,33,NA,True
206.34FQN,206,False,True,34,NA,True
206.35FDN,206,False,False,35,NA,True
206.36FQN,206,False,True,36,NA,True
206.37FDN,206,False,False,37,NA,True
206.38FDN,206,False,False,38,NA,True
206.39FDN,206,False,False,39,NA,True
206.3EDY,206,True,False,3,NA,False
206.40FDN,206,False,False,40,NA,True
206.41FDN,206,False,False,41,NA,True
206.42FDN,206,False,False,42,NA,True
206.43FDN,206,False,False,43,NA,True
206.44FQN,206,False,True,44,NA,True
206.45FQN,206,False,True,45,NA,True
206.46FDN,206,False,False,46,NA,True
206.47FDN,206,False,False,47,NA,True
206.48FDN,206,False,False,48,NA,True
206.4EDN,206,False,False,4,NA,False
206.5EDY,206,True,False,5,NA,False
206.6EDN,206,False,False,6,NA,False
206.7EQN,206,False,True,7,NA,False
206.8EQN,206,False,True,8,NA,False
206.9EQY,206,True,True,9,NA,False
207.10EQY,207,True,True,10,NA,False
207.11EDN,207,False,False,11,NA,False
207.12EDY,207,True,False,12,NA,False
207.13EDN,207,False,False,13,NA,False
207.14EQN,207,False,True,14,NA,False
207.15EDY,207,True,False,15,NA,False
207.16EQN,207,False,True,16,NA,False
207.17FDY,207,True,False,17,NA,True
207.18FDY,207,True,False,18,NA,True
207.19FDY,207,True,False,19,NA,True
207.1EDY,207,True,False,1,NA,False
207.20FDY,207,True,False,20,NA,True
207.21FDY,207,True,False,21,NA,True
207.22FDY,207,True,False,22,NA,True
207.23FDY,207,True,False,23,NA,True
207.24FDY,207,True,False,24,NA,True
207.25FQY,207,True,True,25,NA,True
207.26FDY,207,True,False,26,NA,True
207.27FDY,207,True,False,27,NA,True
207.28FDY,207,True,False,28,NA,True
207.29FDY,207,True,False,29,NA,True
207.2EQY,207,True,True,2,NA,False
207.30FQY,207,True,True,30,NA,True
207.31FQY,207,True,True,31,NA,True
207.32FQY,207,True,True,32,NA,True
207.33FQN,207,False,True,33,NA,True
207.34FDN,207,False,False,34,NA,True
207.35FQN,207,False,True,35,NA,True
207.36FDN,207,False,False,36,NA,True
207.37FQN,207,False,True,37,NA,True
207.38FQN,207,False,True,38,NA,True
207.39FQN,207,False,True,39,NA,True
207.3EQY,207,True,True,3,NA,False
207.40FQN,207,False,True,40,NA,True
207.41FQN,207,False,True,41,NA,True
207.42FQN,207,False,True,42,NA,True
207.43FQN,207,False,True,43,NA,True
207.44FDN,207,False,False,44,NA,True
207.45FDN,207,False,False,45,NA,True
207.46FQN,207,False,True,46,NA,True
207.47FQN,207,False,True,47,NA,True
207.48FQN,207,False,True,48,NA,True
207.4EQN,207,False,True,4,NA,False
207.5EQY,207,True,True,5,NA,False
207.6EQN,207,False,True,6,NA,False
207.7EDN,207,False,False,7,NA,False
207.8EDN,207,False,False,8,NA,False
207.9EDY,207,True,False,9,NA,False
208.10EDN,208,False,False,10,NA,False
208.11EQY,208,True,True,11,NA,False
208.12EQN,208,False,True,12,NA,False
208.13EQY,208,True,True,13,NA,False
208.14EDY,208,True,False,14,NA,False
208.15EQN,208,False,True,15,NA,False
208.16EDY,208,True,False,16,NA,False
208.17FQY,208,True,True,17,NA,True
208.18FQY,208,True,True,18,NA,True
208.19FQY,208,True,True,19,NA,True
208.1EQN,208,False,True,1,NA,False
208.20FQY,208,True,True,20,NA,True
208.21FQY,208,True,True,21,NA,True
208.22FQY,208,True,True,22,NA,True
208.23FQY,208,True,True,23,NA,True
208.24FQY,208,True,True,24,NA,True
208.25FDY,208,True,False,25,NA,True
208.26FQY,208,True,True,26,NA,True
208.27FQY,208,True,True,27,NA,True
208.28FQY,208,True,True,28,NA,True
208.29FQY,208,True,True,29,NA,True
208.2EDN,208,False,False,2,NA,False
208.30FDY,208,True,False,30,NA,True
208.31FDY,208,True,False,31,NA,True
208.32FDY,208,True,False,32,NA,True
208.33FDN,208,False,False,33,NA,True
208.34FQN,208,False,True,34,NA,True
208.35FDN,208,False,False,35,NA,True
208.36FQN,208,False,True,36,NA,True
208.37FDN,208,False,False,37,NA,True
208.38FDN,208,False,False,38,NA,True
208.39FDN,208,False,False,39,NA,True
208.3EDN,208,False,False,3,NA,False
208.40FDN,208,False,False,40,NA,True
208.41FDN,208,False,False,41,NA,True
208.42FDN,208,False,False,42,NA,True
208.43FDN,208,False,False,43,NA,True
208.44FQN,208,False,True,44,NA,True
208.45FQN,208,False,True,45,NA,True
208.46FDN,208,False,False,46,NA,True
208.47FDN,208,False,False,47,NA,True
208.48FDN,208,False,False,48,NA,True
208.4EDY,208,True,False,4,NA,False
208.5EDN,208,False,False,5,NA,False
208.6EDY,208,True,False,6,NA,False
208.7EQY,208,True,True,7,NA,False
208.8EQY,208,True,True,8,NA,False
208.9EQN,208,False,True,9,NA,False
209.10EQN,209,False,True,10,NA,False
209.11EDY,209,True,False,11,NA,False
209.12EDN,209,False,False,12,NA,False
209.13EDY,209,True,False,13,NA,False
209.14EQY,209,True,True,14,NA,False
209.15EDN,209,False,False,15,NA,False
209.16EQY,209,True,True,16,NA,False
209.17FDY,209,True,False,17,NA,True
209.18FDY,209,True,False,18,NA,True
209.19FDY,209,True,False,19,NA,True
209.1EDN,209,False,False,1,NA,False
209.20FDY,209,True,False,20,NA,True
209.21FDY,209,True,False,21,NA,True
209.22FDY,209,True,False,22,NA,True
209.23FDY,209,True,False,23,NA,True
209.24FDY,209,True,False,24,NA,True
209.25FQY,209,True,True,25,NA,True
209.26FDY,209,True,False,26,NA,True
209.27FDY,209,True,False,27,NA,True
209.28FDY,209,True,False,28,NA,True
209.29FDY,209,True,False,29,NA,True
209.2EQN,209,False,True,2,NA,False
209.30FQY,209,True,True,30,NA,True
209.31FQY,209,True,True,31,NA,True
209.32FQY,209,True,True,32,NA,True
209.33FQN,209,False,True,33,NA,True
209.34FDN,209,False,False,34,NA,True
209.35FQN,209,False,True,35,NA,True
209.36FDN,209,False,False,36,NA,True
209.37FQN,209,False,True,37,NA,True
209.38FQN,209,False,True,38,NA,True
209.39FQN,209,False,True,39,NA,True
209.3EQN,209,False,True,3,NA,False
209.40FQN,209,False,True,40,NA,True
209.41FQN,209,False,True,41,NA,True
209.42FQN,209,False,True,42,NA,True
209.43FQN,209,False,True,43,NA,True
209.44FDN,209,False,False,44,NA,True
209.45FDN,209,False,False,45,NA,True
209.46FQN,209,False,True,46,NA,True
209.47FQN,209,False,True,47,NA,True
209.48FQN,209,False,True,48,NA,True
209.4EQY,209,True,True,4,NA,False
209.5EQN,209,False,True,5,NA,False
209.6EQY,209,True,True,6,NA,False
209.7EDY,209,True,False,7,NA,False
209.8EDY,209,True,False,8,NA,False
209.9EDN,209,False,False,9,NA,False
21.10EQN,21,False,True,10,NA,False
21.11EDY,21,True,False,11,NA,False
21.12EDN,21,False,False,12,NA,False
21.13EDY,21,True,False,13,NA,False
21.14EQY,21,True,True,14,NA,False
21.15EDN,21,False,False,15,NA,False
21.16EQY,21,True,True,16,NA,False
21.17FDY,21,True,False,17,NA,True
21.18FDY,21,True,False,18,NA,True
21.19FDY,21,True,False,19,NA,True
21.1EDN,21,False,False,1,NA,False
21.20FDY,21,True,False,20,NA,True
21.21FDY,21,True,False,21,NA,True
21.22FDY,21,True,False,22,NA,True
21.23FDY,21,True,False,23,NA,True
21.24FDY,21,True,False,24,NA,True
21.25FQY,21,True,True,25,NA,True
21.26FDY,21,True,False,26,NA,True
21.27FDY,21,True,False,27,NA,True
21.28FDY,21,True,False,28,NA,True
21.29FDY,21,True,False,29,NA,True
21.2EQN,21,False,True,2,NA,False
21.30FQY,21,True,True,30,NA,True
21.31FQY,21,True,True,31,NA,True
21.32FQY,21,True,True,32,NA,True
21.33FQN,21,False,True,33,NA,True
21.34FDN,21,False,False,34,NA,True
21.35FQN,21,False,True,35,NA,True
21.36FDN,21,False,False,36,NA,True
21.37FQN,21,False,True,37,NA,True
21.38FQN,21,False,True,38,NA,True
21.39FQN,21,False,True,39,NA,True
21.3EQN,21,False,True,3,NA,False
21.40FQN,21,False,True,40,NA,True
21.41FQN,21,False,True,41,NA,True
21.42FQN,21,False,True,42,NA,True
21.43FQN,21,False,True,43,NA,True
21.44FDN,21,False,False,44,NA,True
21.45FDN,21,False,False,45,NA,True
21.46FQN,21,False,True,46,NA,True
21.47FQN,21,False,True,47,NA,True
21.48FQN,21,False,True,48,NA,True
21.4EQY,21,True,True,4,NA,False
21.5EQN,21,False,True,5,NA,False
21.6EQY,21,True,True,6,NA,False
21.7EDY,21,True,False,7,NA,False
21.8EDY,21,True,False,8,NA,False
21.9EDN,21,False,False,9,NA,False
210.10EDY,210,True,False,10,NA,False
210.11EQN,210,False,True,11,NA,False
210.12EQY,210,True,True,12,NA,False
210.13EQN,210,False,True,13,NA,False
210.14EDN,210,False,False,14,NA,False
210.15EQY,210,True,True,15,NA,False
210.16EDN,210,False,False,16,NA,False
210.17FQY,210,True,True,17,NA,True
210.18FQY,210,True,True,18,NA,True
210.19FQY,210,True,True,19,NA,True
210.1EQY,210,True,True,1,NA,False
210.20FQY,210,True,True,20,NA,True
210.21FQY,210,True,True,21,NA,True
210.22FQY,210,True,True,22,NA,True
210.23FQY,210,True,True,23,NA,True
210.24FQY,210,True,True,24,NA,True
210.25FDY,210,True,False,25,NA,True
210.26FQY,210,True,True,26,NA,True
210.27FQY,210,True,True,27,NA,True
210.28FQY,210,True,True,28,NA,True
210.29FQY,210,True,True,29,NA,True
210.2EDY,210,True,False,2,NA,False
210.30FDY,210,True,False,30,NA,True
210.31FDY,210,True,False,31,NA,True
210.32FDY,210,True,False,32,NA,True
210.33FDN,210,False,False,33,NA,True
210.34FQN,210,False,True,34,NA,True
210.35FDN,210,False,False,35,NA,True
210.36FQN,210,False,True,36,NA,True
210.37FDN,210,False,False,37,NA,True
210.38FDN,210,False,False,38,NA,True
210.39FDN,210,False,False,39,NA,True
210.3EDY,210,True,False,3,NA,False
210.40FDN,210,False,False,40,NA,True
210.41FDN,210,False,False,41,NA,True
210.42FDN,210,False,False,42,NA,True
210.43FDN,210,False,False,43,NA,True
210.44FQN,210,False,True,44,NA,True
210.45FQN,210,False,True,45,NA,True
210.46FDN,210,False,False,46,NA,True
210.47FDN,210,False,False,47,NA,True
210.48FDN,210,False,False,48,NA,True
210.4EDN,210,False,False,4,NA,False
210.5EDY,210,True,False,5,NA,False
210.6EDN,210,False,False,6,NA,False
210.7EQN,210,False,True,7,NA,False
210.8EQN,210,False,True,8,NA,False
210.9EQY,210,True,True,9,NA,False
212.10EDN,212,False,False,10,NA,False
212.11EQY,212,True,True,11,NA,False
212.12EQN,212,False,True,12,NA,False
212.13EQY,212,True,True,13,NA,False
212.14EDY,212,True,False,14,NA,False
212.15EQN,212,False,True,15,NA,False
212.16EDY,212,True,False,16,NA,False
212.17FQY,212,True,True,17,NA,True
212.18FQY,212,True,True,18,NA,True
212.19FQY,212,True,True,19,NA,True
212.1EQN,212,False,True,1,NA,False
212.20FQY,212,True,True,20,NA,True
212.21FQY,212,True,True,21,NA,True
212.22FQY,212,True,True,22,NA,True
212.23FQY,212,True,True,23,NA,True
212.24FQY,212,True,True,24,NA,True
212.25FDY,212,True,False,25,NA,True
212.26FQY,212,True,True,26,NA,True
212.27FQY,212,True,True,27,NA,True
212.28FQY,212,True,True,28,NA,True
212.29FQY,212,True,True,29,NA,True
212.2EDN,212,False,False,2,NA,False
212.30FDY,212,True,False,30,NA,True
212.31FDY,212,True,False,31,NA,True
212.32FDY,212,True,False,32,NA,True
212.33FDN,212,False,False,33,NA,True
212.34FQN,212,False,True,34,NA,True
212.35FDN,212,False,False,35,NA,True
212.36FQN,212,False,True,36,NA,True
212.37FDN,212,False,False,37,NA,True
212.38FDN,212,False,False,38,NA,True
212.39FDN,212,False,False,39,NA,True
212.3EDN,212,False,False,3,NA,False
212.40FDN,212,False,False,40,NA,True
212.41FDN,212,False,False,41,NA,True
212.42FDN,212,False,False,42,NA,True
212.43FDN,212,False,False,43,NA,True
212.44FQN,212,False,True,44,NA,True
212.45FQN,212,False,True,45,NA,True
212.46FDN,212,False,False,46,NA,True
212.47FDN,212,False,False,47,NA,True
212.48FDN,212,False,False,48,NA,True
212.4EDY,212,True,False,4,NA,False
212.5EDN,212,False,False,5,NA,False
212.6EDY,212,True,False,6,NA,False
212.7EQY,212,True,True,7,NA,False
212.8EQY,212,True,True,8,NA,False
212.9EQN,212,False,True,9,NA,False
214.10EDY,214,True,False,10,NA,False
214.11EQN,214,False,True,11,NA,False
214.12EQY,214,True,True,12,NA,False
214.13EQN,214,False,True,13,NA,False
214.14EDN,214,False,False,14,NA,False
214.15EQY,214,True,True,15,NA,False
214.16EDN,214,False,False,16,NA,False
214.17FQY,214,True,True,17,NA,True
214.18FQY,214,True,True,18,NA,True
214.19FQY,214,True,True,19,NA,True
214.1EQY,214,True,True,1,NA,False
214.20FQY,214,True,True,20,NA,True
214.21FQY,214,True,True,21,NA,True
214.22FQY,214,True,True,22,NA,True
214.23FQY,214,True,True,23,NA,True
214.24FQY,214,True,True,24,NA,True
214.25FDY,214,True,False,25,NA,True
214.26FQY,214,True,True,26,NA,True
214.27FQY,214,True,True,27,NA,True
214.28FQY,214,True,True,28,NA,True
214.29FQY,214,True,True,29,NA,True
214.2EDY,214,True,False,2,NA,False
214.30FDY,214,True,False,30,NA,True
214.31FDY,214,True,False,31,NA,True
214.32FDY,214,True,False,32,NA,True
214.33FDN,214,False,False,33,NA,True
214.34FQN,214,False,True,34,NA,True
214.35FDN,214,False,False,35,NA,True
214.36FQN,214,False,True,36,NA,True
214.37FDN,214,False,False,37,NA,True
214.38FDN,214,False,False,38,NA,True
214.39FDN,214,False,False,39,NA,True
214.3EDY,214,True,False,3,NA,False
214.40FDN,214,False,False,40,NA,True
214.41FDN,214,False,False,41,NA,True
214.42FDN,214,False,False,42,NA,True
214.43FDN,214,False,False,43,NA,True
214.44FQN,214,False,True,44,NA,True
214.45FQN,214,False,True,45,NA,True
214.46FDN,214,False,False,46,NA,True
214.47FDN,214,False,False,47,NA,True
214.48FDN,214,False,False,48,NA,True
214.4EDN,214,False,False,4,NA,False
214.5EDY,214,True,False,5,NA,False
214.6EDN,214,False,False,6,NA,False
214.7EQN,214,False,True,7,NA,False
214.8EQN,214,False,True,8,NA,False
214.9EQY,214,True,True,9,NA,False
215.10EQY,215,True,True,10,NA,False
215.11EDN,215,False,False,11,NA,False
215.12EDY,215,True,False,12,NA,False
215.13EDN,215,False,False,13,NA,False
215.14EQN,215,False,True,14,NA,False
215.15EDY,215,True,False,15,NA,False
215.16EQN,215,False,True,16,NA,False
215.17FDY,215,True,False,17,NA,True
215.18FDY,215,True,False,18,NA,True
215.19FDY,215,True,False,19,NA,True
215.1EDY,215,True,False,1,NA,False
215.20FDY,215,True,False,20,NA,True
215.21FDY,215,True,False,21,NA,True
215.22FDY,215,True,False,22,NA,True
215.23FDY,215,True,False,23,NA,True
215.24FDY,215,True,False,24,NA,True
215.25FQY,215,True,True,25,NA,True
215.26FDY,215,True,False,26,NA,True
215.27FDY,215,True,False,27,NA,True
215.28FDY,215,True,False,28,NA,True
215.29FDY,215,True,False,29,NA,True
215.2EQY,215,True,True,2,NA,False
215.30FQY,215,True,True,30,NA,True
215.31FQY,215,True,True,31,NA,True
215.32FQY,215,True,True,32,NA,True
215.33FQN,215,False,True,33,NA,True
215.34FDN,215,False,False,34,NA,True
215.35FQN,215,False,True,35,NA,True
215.36FDN,215,False,False,36,NA,True
215.37FQN,215,False,True,37,NA,True
215.38FQN,215,False,True,38,NA,True
215.39FQN,215,False,True,39,NA,True
215.3EQY,215,True,True,3,NA,False
215.40FQN,215,False,True,40,NA,True
215.41FQN,215,False,True,41,NA,True
215.42FQN,215,False,True,42,NA,True
215.43FQN,215,False,True,43,NA,True
215.44FDN,215,False,False,44,NA,True
215.45FDN,215,False,False,45,NA,True
215.46FQN,215,False,True,46,NA,True
215.47FQN,215,False,True,47,NA,True
215.48FQN,215,False,True,48,NA,True
215.4EQN,215,False,True,4,NA,False
215.5EQY,215,True,True,5,NA,False
215.6EQN,215,False,True,6,NA,False
215.7EDN,215,False,False,7,NA,False
215.8EDN,215,False,False,8,NA,False
215.9EDY,215,True,False,9,NA,False
22.10EDY,22,True,False,10,NA,False
22.11EQN,22,False,True,11,NA,False
22.12EQY,22,True,True,12,NA,False
22.13EQN,22,False,True,13,NA,False
22.14EDN,22,False,False,14,NA,False
22.15EQY,22,True,True,15,NA,False
22.16EDN,22,False,False,16,NA,False
22.17FQY,22,True,True,17,NA,True
22.18FQY,22,True,True,18,NA,True
22.19FQY,22,True,True,19,NA,True
22.1EQY,22,True,True,1,NA,False
22.20FQY,22,True,True,20,NA,True
22.21FQY,22,True,True,21,NA,True
22.22FQY,22,True,True,22,NA,True
22.23FQY,22,True,True,23,NA,True
22.24FQY,22,True,True,24,NA,True
22.25FDY,22,True,False,25,NA,True
22.26FQY,22,True,True,26,NA,True
22.27FQY,22,True,True,27,NA,True
22.28FQY,22,True,True,28,NA,True
22.29FQY,22,True,True,29,NA,True
22.2EDY,22,True,False,2,NA,False
22.30FDY,22,True,False,30,NA,True
22.31FDY,22,True,False,31,NA,True
22.32FDY,22,True,False,32,NA,True
22.33FDN,22,False,False,33,NA,True
22.34FQN,22,False,True,34,NA,True
22.35FDN,22,False,False,35,NA,True
22.36FQN,22,False,True,36,NA,True
22.37FDN,22,False,False,37,NA,True
22.38FDN,22,False,False,38,NA,True
22.39FDN,22,False,False,39,NA,True
22.3EDY,22,True,False,3,NA,False
22.40FDN,22,False,False,40,NA,True
22.41FDN,22,False,False,41,NA,True
22.42FDN,22,False,False,42,NA,True
22.43FDN,22,False,False,43,NA,True
22.44FQN,22,False,True,44,NA,True
22.45FQN,22,False,True,45,NA,True
22.46FDN,22,False,False,46,NA,True
22.47FDN,22,False,False,47,NA,True
22.48FDN,22,False,False,48,NA,True
22.4EDN,22,False,False,4,NA,False
22.5EDY,22,True,False,5,NA,False
22.6EDN,22,False,False,6,NA,False
22.7EQN,22,False,True,7,NA,False
22.8EQN,22,False,True,8,NA,False
22.9EQY,22,True,True,9,NA,False
3.10EQY,3,True,True,10,NA,False
3.11EDN,3,False,False,11,NA,False
3.12EDY,3,True,False,12,NA,False
3.13EDN,3,False,False,13,NA,False
3.14EQN,3,False,True,14,NA,False
3.15EDY,3,True,False,15,NA,False
3.16EQN,3,False,True,16,NA,False
3.17FDY,3,True,False,17,NA,True
3.18FDY,3,True,False,18,NA,True
3.19FDY,3,True,False,19,NA,True
3.1EDY,3,True,False,1,NA,False
3.20FDY,3,True,False,20,NA,True
3.21FDY,3,True,False,21,NA,True
3.22FDY,3,True,False,22,NA,True
3.23FDY,3,True,False,23,NA,True
3.24FDY,3,True,False,24,NA,True
3.25FQY,3,True,True,25,NA,True
3.26FDY,3,True,False,26,NA,True
3.27FDY,3,True,False,27,NA,True
3.28FDY,3,True,False,28,NA,True
3.29FDY,3,True,False,29,NA,True
3.2EQY,3,True,True,2,NA,False
3.30FQY,3,True,True,30,NA,True
3.31FQY,3,True,True,31,NA,True
3.32FQY,3,True,True,32,NA,True
3.33FQN,3,False,True,33,NA,True
3.34FDN,3,False,False,34,NA,True
3.35FQN,3,False,True,35,NA,True
3.36FDN,3,False,False,36,NA,True
3.37FQN,3,False,True,37,NA,True
3.38FQN,3,False,True,38,NA,True
3.39FQN,3,False,True,39,NA,True
3.3EQY,3,True,True,3,NA,False
3.40FQN,3,False,True,40,NA,True
3.41FQN,3,False,True,41,NA,True
3.42FQN,3,False,True,42,NA,True
3.43FQN,3,False,True,43,NA,True
3.44FDN,3,False,False,44,NA,True
3.45FDN,3,False,False,45,NA,True
3.46FQN,3,False,True,46,NA,True
3.47FQN,3,False,True,47,NA,True
3.48FQN,3,False,True,48,NA,True
3.4EQN,3,False,True,4,NA,False
3.5EQY,3,True,True,5,NA,False
3.6EQN,3,False,True,6,NA,False
3.7EDN,3,False,False,7,NA,False
3.8EDN,3,False,False,8,NA,False
3.9EDY,3,True,False,9,NA,False
4.10EDN,4,False,False,10,NA,False
4.11EQY,4,True,True,11,NA,False
4.12EQN,4,False,True,12,NA,False
4.13EQY,4,True,True,13,NA,False
4.14EDY,4,True,False,14,NA,False
4.15EQN,4,False,True,15,NA,False
4.16EDY,4,True,False,16,NA,False
4.17FQY,4,True,True,17,NA,True
4.18FQY,4,True,True,18,NA,True
4.19FQY,4,True,True,19,NA,True
4.1EQN,4,False,True,1,NA,False
4.20FQY,4,True,True,20,NA,True
4.21FQY,4,True,True,21,NA,True
4.22FQY,4,True,True,22,NA,True
4.23FQY,4,True,True,23,NA,True
4.24FQY,4,True,True,24,NA,True
4.25FDY,4,True,False,25,NA,True
4.26FQY,4,True,True,26,NA,True
4.27FQY,4,True,True,27,NA,True
4.28FQY,4,True,True,28,NA,True
4.29FQY,4,True,True,29,NA,True
4.2EDN,4,False,False,2,NA,False
4.30FDY,4,True,False,30,NA,True
4.31FDY,4,True,False,31,NA,True
4.32FDY,4,True,False,32,NA,True
4.33FDN,4,False,False,33,NA,True
4.34FQN,4,False,True,34,NA,True
4.35FDN,4,False,False,35,NA,True
4.36FQN,4,False,True,36,NA,True
4.37FDN,4,False,False,37,NA,True
4.38FDN,4,False,False,38,NA,True
4.39FDN,4,False,False,39,NA,True
4.3EDN,4,False,False,3,NA,False
4.40FDN,4,False,False,40,NA,True
4.41FDN,4,False,False,41,NA,True
4.42FDN,4,False,False,42,NA,True
4.43FDN,4,False,False,43,NA,True
4.44FQN,4,False,True,44,NA,True
4.45FQN,4,False,True,45,NA,True
4.46FDN,4,False,False,46,NA,True
4.47FDN,4,False,False,47,NA,True
4.48FDN,4,False,False,48,NA,True
4.4EDY,4,True,False,4,NA,False
4.5EDN,4,False,False,5,NA,False
4.6EDY,4,True,False,6,NA,False
4.7EQY,4,True,True,7,NA,False
4.8EQY,4,True,True,8,NA,False
4.9EQN,4,False,True,9,NA,False
5.12EDN,5,False,False,12,NA,False
5.13EDY,5,True,False,13,NA,False
5.14EQY,5,True,True,14,NA,False
5.17FDY,5,True,False,17,NA,True
5.20FDY,5,True,False,20,NA,True
5.22FDY,5,True,False,22,NA,True
5.23FDY,5,True,False,23,NA,True
5.26FDY,5,True,False,26,NA,True
5.27FDY,5,True,False,27,NA,True
5.29FDY,5,True,False,29,NA,True
5.2EQN,5,False,True,2,NA,False
5.31FQY,5,True,True,31,NA,True
5.32FQY,5,True,True,32,NA,True
5.33FQN,5,False,True,33,NA,True
5.35FQN,5,False,True,35,NA,True
5.38FQN,5,False,True,38,NA,True
5.3EQN,5,False,True,3,NA,False
5.40FQN,5,False,True,40,NA,True
5.41FQN,5,False,True,41,NA,True
5.42FQN,5,False,True,42,NA,True
5.44FDN,5,False,False,44,NA,True
5.46FQN,5,False,True,46,NA,True
5.4EQY,5,True,True,4,NA,False
5.8EDY,5,True,False,8,NA,False
5.9EDN,5,False,False,9,NA,False
6.10EDY,6,True,False,10,NA,False
6.11EQN,6,False,True,11,NA,False
6.12EQY,6,True,True,12,NA,False
6.13EQN,6,False,True,13,NA,False
6.14EDN,6,False,False,14,NA,False
6.15EQY,6,True,True,15,NA,False
6.16EDN,6,False,False,16,NA,False
6.17FQY,6,True,True,17,NA,True
6.18FQY,6,True,True,18,NA,True
6.19FQY,6,True,True,19,NA,True
6.1EQY,6,True,True,1,NA,False
6.20FQY,6,True,True,20,NA,True
6.21FQY,6,True,True,21,NA,True
6.22FQY,6,True,True,22,NA,True
6.23FQY,6,True,True,23,NA,True
6.24FQY,6,True,True,24,NA,True
6.25FDY,6,True,False,25,NA,True
6.26FQY,6,True,True,26,NA,True
6.27FQY,6,True,True,27,NA,True
6.28FQY,6,True,True,28,NA,True
6.29FQY,6,True,True,29,NA,True
6.2EDY,6,True,False,2,NA,False
6.30FDY,6,True,False,30,NA,True
6.31FDY,6,True,False,31,NA,True
6.32FDY,6,True,False,32,NA,True
6.33FDN,6,False,False,33,NA,True
6.34FQN,6,False,True,34,NA,True
6.35FDN,6,False,False,35,NA,True
6.36FQN,6,False,True,36,NA,True
6.37FDN,6,False,False,37,NA,True
6.38FDN,6,False,False,38,NA,True
6.39FDN,6,False,False,39,NA,True
6.3EDY,6,True,False,3,NA,False
6.40FDN,6,False,False,40,NA,True
6.41FDN,6,False,False,41,NA,True
6.42FDN,6,False,False,42,NA,True
6.43FDN,6,False,False,43,NA,True
6.44FQN,6,False,True,44,NA,True
6.45FQN,6,False,True,45,NA,True
6.46FDN,6,False,False,46,NA,True
6.47FDN,6,False,False,47,NA,True
6.48FDN,6,False,False,48,NA,True
6.4EDN,6,False,False,4,NA,False
6.5EDY,6,True,False,5,NA,False
6.6EDN,6,False,False,6,NA,False
6.7EQN,6,False,True,7,NA,False
6.8EQN,6,False,True,8,NA,False
6.9EQY,6,True,True,9,NA,False
7.10EQY,7,True,True,10,NA,False
7.11EDN,7,False,False,11,NA,False
7.12EDY,7,True,False,12,NA,False
7.13EDN,7,False,False,13,NA,False
7.14EQN,7,False,True,14,NA,False
7.15EDY,7,True,False,15,NA,False
7.16EQN,7,False,True,16,NA,False
7.17FDY,7,True,False,17,NA,True
7.18FDY,7,True,False,18,NA,True
7.19FDY,7,True,False,19,NA,True
7.1EDY,7,True,False,1,NA,False
7.20FDY,7,True,False,20,NA,True
7.21FDY,7,True,False,21,NA,True
7.22FDY,7,True,False,22,NA,True
7.23FDY,7,True,False,23,NA,True
7.24FDY,7,True,False,24,NA,True
7.25FQY,7,True,True,25,NA,True
7.26FDY,7,True,False,26,NA,True
7.27FDY,7,True,False,27,NA,True
7.28FDY,7,True,False,28,NA,True
7.29FDY,7,True,False,29,NA,True
7.2EQY,7,True,True,2,NA,False
7.30FQY,7,True,True,30,NA,True
7.31FQY,7,True,True,31,NA,True
7.32FQY,7,True,True,32,NA,True
7.33FQN,7,False,True,33,NA,True
7.34FDN,7,False,False,34,NA,True
7.35FQN,7,False,True,35,NA,True
7.36FDN,7,False,False,36,NA,True
7.37FQN,7,False,True,37,NA,True
7.38FQN,7,False,True,38,NA,True
7.39FQN,7,False,True,39,NA,True
7.3EQY,7,True,True,3,NA,False
7.40FQN,7,False,True,40,NA,True
7.41FQN,7,False,True,41,NA,True
7.42FQN,7,False,True,42,NA,True
7.43FQN,7,False,True,43,NA,True
7.44FDN,7,False,False,44,NA,True
7.45FDN,7,False,False,45,NA,True
7.46FQN,7,False,True,46,NA,True
7.47FQN,7,False,True,47,NA,True
7.48FQN,7,False,True,48,NA,True
7.4EQN,7,False,True,4,NA,False
7.5EQY,7,True,True,5,NA,False
7.6EQN,7,False,True,6,NA,False
7.7EDN,7,False,False,7,NA,False
7.8EDN,7,False,False,8,NA,False
7.9EDY,7,True,False,9,NA,False
8.10EDN,8,False,False,10,NA,False
8.12EQN,8,False,True,12,NA,False
8.13EQY,8,True,True,13,NA,False
8.14EDY,8,True,False,14,NA,False
8.17FQY,8,True,True,17,NA,True
8.1EQN,8,False,True,1,NA,False
8.20FQY,8,True,True,20,NA,True
8.21FQY,8,True,True,21,NA,True
8.22FQY,8,True,True,22,NA,True
8.23FQY,8,True,True,23,NA,True
8.26FQY,8,True,True,26,NA,True
8.27FQY,8,True,True,27,NA,True
8.29FQY,8,True,True,29,NA,True
8.2EDN,8,False,False,2,NA,False
8.30FDY,8,True,False,30,NA,True
8.31FDY,8,True,False,31,NA,True
8.32FDY,8,True,False,32,NA,True
8.33FDN,8,False,False,33,NA,True
8.34FQN,8,False,True,34,NA,True
8.35FDN,8,False,False,35,NA,True
8.38FDN,8,False,False,38,NA,True
8.39FDN,8,False,False,39,NA,True
8.3EDN,8,False,False,3,NA,False
8.40FDN,8,False,False,40,NA,True
8.41FDN,8,False,False,41,NA,True
8.42FDN,8,False,False,42,NA,True
8.44FQN,8,False,True,44,NA,True
8.46FDN,8,False,False,46,NA,True
8.4EDY,8,True,False,4,NA,False
8.7EQY,8,True,True,7,NA,False
8.8EQY,8,True,True,8,NA,False
8.9EQN,8,False,True,9,NA,False
9.10EQN,9,False,True,10,NA,False
9.11EDY,9,True,False,11,NA,False
9.12EDN,9,False,False,12,NA,False
9.13EDY,9,True,False,13,NA,False
9.14EQY,9,True,True,14,NA,False
9.15EDN,9,False,False,15,NA,False
9.16EQY,9,True,True,16,NA,False
9.17FDY,9,True,False,17,NA,True
9.18FDY,9,True,False,18,NA,True
9.19FDY,9,True,False,19,NA,True
9.1EDN,9,False,False,1,NA,False
9.20FDY,9,True,False,20,NA,True
9.21FDY,9,True,False,21,NA,True
9.22FDY,9,True,False,22,NA,True
9.23FDY,9,True,False,23,NA,True
9.24FDY,9,True,False,24,NA,True
9.25FQY,9,True,True,25,NA,True
9.26FDY,9,True,False,26,NA,True
9.27FDY,9,True,False,27,NA,True
9.28FDY,9,True,False,28,NA,True
9.29FDY,9,True,False,29,NA,True
9.2EQN,9,False,True,2,NA,False
9.30FQY,9,True,True,30,NA,True
9.31FQY,9,True,True,31,NA,True
9.32FQY,9,True,True,32,NA,True
9.33FQN,9,False,True,33,NA,True
9.34FDN,9,False,False,34,NA,True
9.35FQN,9,False,True,35,NA,True
9.36FDN,9,False,False,36,NA,True
9.37FQN,9,False,True,37,NA,True
9.38FQN,9,False,True,38,NA,True
9.39FQN,9,False,True,39,NA,True
9.3EQN,9,False,True,3,NA,False
9.40FQN,9,False,True,40,NA,True
9.41FQN,9,False,True,41,NA,True
9.42FQN,9,False,True,42,NA,True
9.43FQN,9,False,True,43,NA,True
9.44FDN,9,False,False,44,NA,True
9.45FDN,9,False,False,45,NA,True
9.46FQN,9,False,True,46,NA,True
9.47FQN,9,False,True,47,NA,True
9.48FQN,9,False,True,48,NA,True
9.4EQY,9,True,True,4,NA,False
9.5EQN,9,False,True,5,NA,False
9.6EQY,9,True,True,6,NA,False
9.7EDY,9,True,False,7,NA,False
9.8EDY,9,True,False,8,NA,False
9.9EDN,9,False,False,9,NA,False
