isFiller,Condition_Q,Condition_GP,Participant,Item,irt,File_pair
True,False,False,210,37,5611,210.37FDN
True,False,False,210,40,6225,210.40FDN
True,True,True,210,27,9642,210.27FQY
False,True,True,210,9,8763,210.9EQY
False,False,True,210,2,7116,210.2EDY
False,False,True,210,10,5324,210.10EDY
False,False,False,210,6,3377,210.6EDN
False,False,False,210,14,6745,210.14EDN
True,True,True,210,19,8183,210.19FQY
True,False,False,210,46,6899,210.46FDN
True,True,True,210,21,5211,210.21FQY
True,False,True,210,32,4687,210.32FDY
True,True,False,210,36,4601,210.36FQN
True,True,True,210,26,6660,210.26FQY
True,False,False,210,41,8390,210.41FDN
False,False,True,210,5,6909,210.5EDY
False,True,False,210,13,5134,210.13EQN
True,True,True,210,18,5451,210.18FQY
False,True,False,210,7,7759,210.7EQN
False,False,True,210,3,5220,210.3EDY
True,True,True,210,20,6439,210.20FQY
True,False,False,210,47,3281,210.47FDN
True,False,False,210,38,4649,210.38FDN
True,False,False,210,35,4664,210.35FDN
True,False,False,210,42,5141,210.42FDN
True,False,True,210,25,6089,210.25FDY
True,False,True,210,31,5174,210.31FDY
True,True,True,210,28,1612,210.28FQY
True,False,False,210,33,8702,210.33FDN
True,True,True,210,23,4209,210.23FQY
True,True,False,210,44,3354,210.44FQN
False,False,False,210,4,8015,210.4EDN
False,True,True,210,12,6242,210.12EQY
False,False,False,210,16,6422,210.16EDN
False,True,True,210,15,5901,210.15EQY
False,True,False,210,11,8043,210.11EQN
True,False,True,210,30,4508,210.30FDY
True,True,False,210,34,5038,210.34FQN
True,True,True,210,24,5508,210.24FQY
True,True,True,210,29,4631,210.29FQY
True,False,False,210,39,2878,210.39FDN
True,False,False,210,43,3851,210.43FDN
True,True,True,210,22,4841,210.22FQY
True,True,False,210,45,4221,210.45FQN
True,False,False,210,48,5011,210.48FDN
False,True,True,210,1,3894,210.1EQY
True,True,True,210,17,8702,210.17FQY
False,True,False,210,8,11661,210.8EQN
True,True,True,204,19,5881,204.19FQY
True,False,False,204,46,5854,204.46FDN
True,True,True,204,21,5021,204.21FQY
False,True,False,204,9,6632,204.9EQN
True,False,False,204,37,5691,204.37FDN
False,False,False,204,2,5544,204.2EDN
True,False,False,204,40,6329,204.40FDN
False,False,True,204,6,7429,204.6EDY
True,True,True,204,27,6542,204.27FQY
False,True,False,204,12,7486,204.12EQN
False,False,True,204,16,5091,204.16EDY
False,True,True,204,11,9359,204.11EQY
True,True,True,204,18,7099,204.18FQY
False,True,False,204,15,6091,204.15EQN
True,True,True,204,20,2820,204.20FQY
True,False,False,204,47,4658,204.47FDN
False,False,False,204,5,5988,204.5EDN
True,True,False,204,36,6991,204.36FQN
True,False,True,204,32,5198,204.32FDY
True,True,True,204,26,5868,204.26FQY
False,True,True,204,7,7188,204.7EQY
False,False,False,204,3,4018,204.3EDN
True,False,False,204,41,3944,204.41FDN
True,False,False,204,33,3407,204.33FDN
True,True,True,204,23,3359,204.23FQY
True,True,False,204,44,5850,204.44FQN
False,False,True,204,14,4379,204.14EDY
False,False,False,204,10,5190,204.10EDN
True,False,False,204,38,5172,204.38FDN
True,False,False,204,35,3458,204.35FDN
True,False,False,204,42,4821,204.42FDN
True,False,True,204,25,6185,204.25FDY
True,False,True,204,31,7705,204.31FDY
False,False,True,204,4,7319,204.4EDY
True,True,True,204,28,6789,204.28FQY
True,True,True,204,22,3841,204.22FQY
True,True,False,204,45,5298,204.45FQN
True,False,False,204,48,5851,204.48FDN
False,True,True,204,13,5524,204.13EQY
True,True,True,204,17,4920,204.17FQY
False,True,False,204,1,6379,204.1EQN
True,True,False,204,34,6929,204.34FQN
True,False,True,204,30,6982,204.30FDY
True,True,True,204,24,7406,204.24FQY
True,True,True,204,29,5608,204.29FQY
True,False,False,204,39,4715,204.39FDN
False,True,True,204,8,5121,204.8EQY
True,False,False,204,43,5941,204.43FDN
True,False,True,203,19,2131,203.19FDY
False,True,False,203,14,2710,203.14EQN
False,True,True,203,10,2944,203.10EQY
True,False,True,203,21,2618,203.21FDY
False,True,True,203,5,2062,203.5EQY
True,True,False,203,46,2404,203.46FQN
True,False,True,203,27,2451,203.27FDY
True,True,False,203,40,4397,203.40FQN
False,False,False,203,7,1898,203.7EDN
False,True,True,203,3,4611,203.3EQY
True,True,False,203,37,1261,203.37FQN
True,False,True,203,18,1484,203.18FDY
True,True,False,203,47,1618,203.47FQN
False,False,True,203,9,1785,203.9EDY
True,False,True,203,20,1938,203.20FDY
True,True,False,203,41,2374,203.41FQN
False,True,True,203,2,2192,203.2EQY
True,False,True,203,26,1435,203.26FDY
True,True,True,203,32,3180,203.32FQY
True,False,False,203,36,1727,203.36FDN
False,True,False,203,6,1631,203.6EQN
False,False,False,203,13,1855,203.13EDN
True,False,False,203,44,3900,203.44FDN
True,False,True,203,23,2900,203.23FDY
True,True,False,203,33,2328,203.33FQN
False,False,True,203,12,1615,203.12EDY
False,True,False,203,16,1745,203.16EQN
True,False,True,203,28,2191,203.28FDY
False,False,True,203,1,1664,203.1EDY
True,True,True,203,31,3273,203.31FQY
True,True,True,203,25,2699,203.25FQY
True,True,False,203,42,3521,203.42FQN
True,True,False,203,35,360,203.35FQN
False,False,False,203,8,2987,203.8EDN
True,True,False,203,38,2602,203.38FQN
True,True,False,203,48,1708,203.48FQN
True,False,False,203,45,1725,203.45FDN
True,False,True,203,22,1945,203.22FDY
True,False,True,203,17,3430,203.17FDY
False,False,False,203,11,2875,203.11EDN
False,False,True,203,15,1541,203.15EDY
True,True,False,203,43,1388,203.43FQN
True,True,False,203,39,1868,203.39FQN
True,False,True,203,29,2901,203.29FDY
True,False,True,203,24,1661,203.24FDY
False,True,False,203,4,1702,203.4EQN
True,True,True,203,30,2015,203.30FQY
True,False,False,203,34,1721,203.34FDN
False,True,True,205,4,15011,205.4EQY
False,True,True,205,16,7339,205.16EQY
False,False,False,205,12,8659,205.12EDN
True,False,True,205,27,16138,205.27FDY
True,True,False,205,40,10505,205.40FQN
True,True,False,205,37,9592,205.37FQN
True,False,True,205,21,5164,205.21FDY
True,True,False,205,46,10571,205.46FQN
True,False,True,205,19,6228,205.19FDY
False,False,True,205,8,12065,205.8EDY
False,False,False,205,1,6001,205.1EDN
True,True,False,205,41,11941,205.41FQN
True,False,True,205,26,12894,205.26FDY
True,True,True,205,32,7015,205.32FQY
True,False,False,205,36,13568,205.36FDN
True,True,False,205,47,15068,205.47FQN
True,False,True,205,20,14081,205.20FDY
False,False,False,205,15,12964,205.15EDN
True,False,True,205,18,5681,205.18FDY
False,False,True,205,11,7919,205.11EDY
True,False,True,205,28,10371,205.28FDY
True,True,True,205,31,10029,205.31FQY
True,True,False,205,42,17101,205.42FQN
True,True,True,205,25,9192,205.25FQY
True,True,False,205,38,9482,205.38FQN
True,True,False,205,35,16591,205.35FQN
False,True,False,205,10,6819,205.10EQN
False,True,True,205,6,11694,205.6EQY
False,True,True,205,14,11214,205.14EQY
False,True,False,205,2,7985,205.2EQN
False,False,False,205,9,9662,205.9EDN
True,False,True,205,23,11788,205.23FDY
True,False,False,205,44,11128,205.44FDN
True,True,False,205,33,12784,205.33FQN
True,True,False,205,43,8472,205.43FQN
True,True,False,205,39,21859,205.39FQN
True,False,True,205,24,6372,205.24FDY
True,False,True,205,29,9599,205.29FDY
True,True,True,205,30,13545,205.30FQY
True,False,False,205,34,6985,205.34FDN
False,False,True,205,7,18225,205.7EDY
False,True,False,205,3,7819,205.3EQN
False,True,False,205,5,7089,205.5EQN
True,False,True,205,17,10024,205.17FDY
False,False,True,205,13,8520,205.13EDY
True,True,False,205,48,9555,205.48FQN
True,False,True,205,22,12058,205.22FDY
True,False,False,205,45,6949,205.45FDN
True,False,False,20,33,7305,20.33FDN
True,True,True,20,23,10024,20.23FQY
True,True,False,20,44,10258,20.44FQN
True,False,False,20,38,9379,20.38FDN
True,False,False,20,35,11714,20.35FDN
True,False,False,20,42,6785,20.42FDN
True,False,True,20,25,11554,20.25FDY
True,False,True,20,31,8159,20.31FDY
True,True,True,20,28,8465,20.28FQY
False,False,True,20,14,8819,20.14EDY
False,False,True,20,4,10032,20.4EDY
False,False,False,20,10,11804,20.10EDN
False,True,True,20,13,8829,20.13EQY
True,True,True,20,17,11194,20.17FQY
True,True,True,20,22,11371,20.22FQY
True,True,False,20,45,11548,20.45FQN
True,False,False,20,48,10538,20.48FDN
True,False,True,20,30,9282,20.30FDY
True,True,False,20,34,9105,20.34FQN
True,True,True,20,24,7379,20.24FQY
True,True,True,20,29,10084,20.29FQY
True,False,False,20,39,7182,20.39FDN
True,False,False,20,43,6922,20.43FDN
False,True,False,20,1,11775,20.1EQN
False,True,True,20,8,9605,20.8EQY
True,False,False,20,46,13764,20.46FDN
True,True,True,20,21,9012,20.21FQY
True,True,True,20,19,6055,20.19FQY
False,True,False,20,9,10744,20.9EQN
False,False,False,20,2,10369,20.2EDN
False,False,True,20,16,9302,20.16EDY
False,True,False,20,12,13911,20.12EQN
False,False,True,20,6,8362,20.6EDY
True,False,False,20,37,10781,20.37FDN
True,False,False,20,40,10775,20.40FDN
True,True,True,20,27,12134,20.27FQY
True,True,True,20,20,8096,20.20FQY
True,False,False,20,47,10641,20.47FDN
False,True,True,20,11,11128,20.11EQY
True,True,True,20,18,14981,20.18FQY
False,True,False,20,15,12227,20.15EQN
False,False,False,20,5,7455,20.5EDN
False,False,False,20,3,9865,20.3EDN
False,True,True,20,7,10491,20.7EQY
True,False,True,20,32,10489,20.32FDY
True,True,False,20,36,9602,20.36FQN
True,True,True,20,26,719,20.26FQY
True,False,False,20,41,9155,20.41FDN
True,False,True,9,22,4945,9.22FDY
True,False,False,9,45,5595,9.45FDN
True,True,False,9,48,8493,9.48FQN
False,False,True,9,13,7513,9.13EDY
True,False,True,9,17,5668,9.17FDY
False,False,True,9,8,5648,9.8EDY
False,False,False,9,1,6042,9.1EDN
True,True,True,9,30,5724,9.30FQY
True,False,False,9,34,7139,9.34FDN
True,False,True,9,24,6621,9.24FDY
True,False,True,9,29,6015,9.29FDY
True,True,False,9,39,3420,9.39FQN
True,True,False,9,43,7065,9.43FQN
True,True,False,9,33,7085,9.33FQN
True,False,True,9,23,5278,9.23FDY
True,False,False,9,44,4289,9.44FDN
False,True,True,9,4,6665,9.4EQY
False,True,True,9,14,11970,9.14EQY
False,True,False,9,10,5760,9.10EQN
True,True,False,9,38,5905,9.38FQN
True,True,False,9,35,7492,9.35FQN
True,True,False,9,42,15424,9.42FQN
True,True,True,9,25,6342,9.25FQY
True,True,True,9,31,7489,9.31FQY
True,False,True,9,28,5994,9.28FDY
False,False,True,9,11,6511,9.11EDY
False,True,False,9,5,5738,9.5EQN
True,False,True,9,18,5775,9.18FDY
False,False,False,9,15,6718,9.15EDN
True,False,True,9,20,2760,9.20FDY
True,True,False,9,47,6231,9.47FQN
True,True,True,9,32,9449,9.32FQY
True,False,False,9,36,3921,9.36FDN
True,False,True,9,26,6352,9.26FDY
True,True,False,9,41,6562,9.41FQN
False,True,False,9,3,6499,9.3EQN
False,False,True,9,7,6285,9.7EDY
False,False,False,9,9,5458,9.9EDN
True,False,True,9,19,5634,9.19FDY
True,True,False,9,46,6579,9.46FQN
True,False,True,9,21,4619,9.21FDY
True,True,False,9,37,7409,9.37FQN
True,True,False,9,40,2219,9.40FQN
True,False,True,9,27,6415,9.27FDY
False,True,True,9,6,3839,9.6EQY
False,True,True,9,16,5691,9.16EQY
False,False,False,9,12,6028,9.12EDN
False,True,False,9,2,3689,9.2EQN
True,False,False,11,44,4488,11.44FDN
True,False,True,11,23,4565,11.23FDY
False,True,False,11,16,3869,11.16EQN
False,True,True,11,5,23313,11.5EQY
False,False,False,11,7,11888,11.7EDN
False,True,True,11,3,5148,11.3EQY
True,True,True,11,31,7559,11.31FQY
True,False,True,11,28,4621,11.28FDY
True,True,False,11,35,5244,11.35FQN
True,True,True,11,25,20519,11.25FQY
True,True,False,11,42,3899,11.42FQN
True,True,False,11,48,5685,11.48FQN
True,False,False,11,45,16038,11.45FDN
True,False,True,11,17,5028,11.17FDY
False,True,False,11,6,4482,11.6EQN
False,False,False,11,11,8569,11.11EDN
False,False,True,11,15,10794,11.15EDY
True,True,False,11,39,5461,11.39FQN
True,True,False,11,43,20455,11.43FQN
True,True,True,11,30,10697,11.30FQY
True,False,False,11,34,6045,11.34FDN
True,False,True,11,29,4935,11.29FDY
True,False,True,11,24,16203,11.24FDY
True,False,True,11,19,8266,11.19FDY
False,True,True,11,10,7406,11.10EQY
True,False,True,11,21,-240,11.21FDY
True,True,False,11,37,5201,11.37FQN
False,False,False,11,8,5118,11.8EDN
False,False,True,11,1,7056,11.1EDY
True,False,True,11,27,1202,11.27FDY
True,False,True,11,18,5482,11.18FDY
True,True,False,11,47,7753,11.47FQN
True,True,False,11,41,2999,11.41FQN
True,True,True,11,32,10428,11.32FQY
True,False,False,11,36,31649,11.36FDN
False,True,False,11,4,4911,11.4EQN
True,True,False,7,41,1859,7.41FQN
True,False,False,7,36,4139,7.36FDN
True,True,True,7,32,5940,7.32FQY
True,False,True,7,26,8294,7.26FDY
False,False,False,7,13,6185,7.13EDN
False,True,False,7,4,6098,7.4EQN
True,False,True,7,18,5428,7.18FDY
True,True,False,7,47,5057,7.47FQN
True,False,True,7,20,5880,7.20FDY
True,False,True,7,27,5564,7.27FDY
True,True,False,7,37,5071,7.37FQN
True,True,False,7,40,9659,7.40FQN
False,False,True,7,1,4847,7.1EDY
False,True,False,7,14,6342,7.14EQN
True,False,True,7,19,3667,7.19FDY
False,True,True,7,10,4714,7.10EQY
False,False,False,7,8,3744,7.8EDN
True,False,True,7,21,3661,7.21FDY
True,True,False,7,46,6779,7.46FQN
False,False,False,7,11,4411,7.11EDN
False,False,True,7,9,7832,7.9EDY
False,False,True,7,15,5664,7.15EDY
True,True,False,7,39,6017,7.39FQN
True,True,False,7,43,5124,7.43FQN
True,False,False,7,34,4169,7.34FDN
True,True,True,7,30,5338,7.30FQY
True,False,True,7,29,4761,7.29FDY
True,False,True,7,24,4967,7.24FDY
True,True,False,7,48,7379,7.48FQN
True,False,False,7,45,4680,7.45FDN
True,False,True,7,22,7019,7.22FDY
False,True,True,7,2,10829,7.2EQY
False,True,False,7,6,5104,7.6EQN
True,False,True,7,17,6094,7.17FDY
False,True,True,7,5,5508,7.5EQY
True,True,True,7,31,5451,7.31FQY
True,False,True,7,28,5972,7.28FDY
True,True,False,7,35,8188,7.35FQN
True,True,False,7,38,4020,7.38FQN
True,True,True,7,25,8595,7.25FQY
True,True,False,7,42,6435,7.42FQN
True,False,False,7,44,8641,7.44FDN
True,False,True,7,23,4751,7.23FDY
True,True,False,7,33,6215,7.33FQN
False,True,False,7,16,6692,7.16EQN
False,False,True,7,12,4691,7.12EDY
False,True,True,7,3,8646,7.3EQY
False,False,False,7,7,4901,7.7EDN
True,False,False,16,33,13005,16.33FDN
True,True,True,16,23,8039,16.23FQY
True,True,False,16,44,12298,16.44FQN
False,True,False,16,9,8396,16.9EQN
False,False,True,16,14,7855,16.14EDY
False,False,True,16,6,8649,16.6EDY
False,False,False,16,10,20938,16.10EDN
False,False,False,16,2,11085,16.2EDN
True,False,False,16,42,10608,16.42FDN
True,False,True,16,25,19115,16.25FDY
True,False,False,16,38,10743,16.38FDN
True,False,False,16,35,9609,16.35FDN
True,True,True,16,28,10951,16.28FQY
True,False,True,16,31,9901,16.31FDY
True,True,True,16,22,11725,16.22FQY
True,True,False,16,45,9984,16.45FQN
True,False,False,16,48,10938,16.48FDN
False,False,False,16,5,8916,16.5EDN
True,True,True,16,17,8069,16.17FQY
False,True,True,16,13,13788,16.13EQY
False,True,True,16,7,13915,16.7EQY
False,False,False,16,3,12035,16.3EDN
True,True,True,16,24,15234,16.24FQY
True,True,True,16,29,11745,16.29FQY
True,True,False,16,34,18622,16.34FQN
True,False,True,16,30,13215,16.30FDY
True,False,False,16,43,7932,16.43FDN
True,False,False,16,39,8065,16.39FDN
True,True,True,16,19,8829,16.19FQY
True,False,False,16,46,8850,16.46FDN
True,True,True,16,21,13518,16.21FQY
True,False,False,16,40,8899,16.40FDN
True,False,False,16,37,9576,16.37FDN
True,True,True,16,27,11721,16.27FQY
False,True,False,16,12,9219,16.12EQN
False,False,True,16,16,12501,16.16EDY
False,False,True,16,4,10136,16.4EDY
True,True,True,16,18,13171,16.18FQY
False,True,True,16,11,13704,16.11EQY
False,True,False,16,15,9622,16.15EQN
True,True,True,16,20,12081,16.20FQY
True,False,False,16,47,9635,16.47FDN
True,True,True,16,26,12042,16.26FQY
True,True,False,16,36,14951,16.36FQN
True,False,True,16,32,9002,16.32FDY
True,False,False,16,41,15628,16.41FDN
False,True,True,16,8,19305,16.8EQY
False,True,False,16,1,13231,16.1EQN
True,True,True,6,20,11159,6.20FQY
False,False,False,6,6,15375,6.6EDN
True,False,False,6,47,11128,6.47FDN
False,False,True,6,2,13125,6.2EDY
True,True,True,6,18,15034,6.18FQY
False,True,False,6,13,13614,6.13EQN
False,True,True,6,9,20322,6.9EQY
True,True,True,6,26,11465,6.26FQY
True,False,True,6,32,7206,6.32FDY
True,True,False,6,36,16391,6.36FQN
True,False,False,6,41,12618,6.41FDN
True,False,False,6,46,14401,6.46FDN
False,False,True,6,3,6425,6.3EDY
False,True,False,6,7,269,6.7EQN
True,True,True,6,21,13518,6.21FQY
False,False,True,6,10,12659,6.10EDY
True,True,True,6,19,10531,6.19FQY
False,False,False,6,14,8249,6.14EDN
True,False,False,6,40,13318,6.40FDN
False,False,True,6,5,10082,6.5EDY
True,False,False,6,37,12312,6.37FDN
True,True,True,6,27,10741,6.27FQY
True,True,True,6,17,9766,6.17FQY
True,True,False,6,45,24922,6.45FQN
False,False,False,6,4,13109,6.4EDN
True,True,True,6,22,11385,6.22FQY
True,False,False,6,48,14385,6.48FDN
True,True,True,6,29,10139,6.29FQY
True,True,True,6,24,12421,6.24FQY
True,False,True,6,30,11148,6.30FDY
True,True,False,6,34,9929,6.34FQN
True,False,False,6,43,9989,6.43FDN
True,False,False,6,39,6939,6.39FDN
False,True,True,6,15,-1380,6.15EQY
False,True,False,6,11,14045,6.11EQN
False,True,True,6,12,15461,6.12EQY
False,False,False,6,16,13118,6.16EDN
True,False,False,6,33,6090,6.33FDN
False,True,False,6,8,10568,6.8EQN
False,True,True,6,1,13801,6.1EQY
True,True,False,6,44,11992,6.44FQN
True,True,True,6,23,13971,6.23FQY
True,False,True,6,25,15358,6.25FDY
True,False,False,6,42,10620,6.42FDN
True,False,False,6,35,6121,6.35FDN
True,False,False,6,38,10259,6.38FDN
True,True,True,6,28,18868,6.28FQY
True,False,True,6,31,12444,6.31FDY
True,True,True,17,31,1423,17.31FQY
True,False,True,17,28,5058,17.28FDY
True,True,False,17,38,3593,17.38FQN
False,True,True,17,4,2819,17.4EQY
True,True,False,17,35,5501,17.35FQN
True,True,False,17,42,660,17.42FQN
True,True,True,17,25,8039,17.25FQY
False,True,False,17,10,9566,17.10EQN
False,True,True,17,14,3738,17.14EQY
True,False,True,17,23,5771,17.23FDY
True,False,False,17,44,5205,17.44FDN
True,True,False,17,33,7201,17.33FQN
True,True,False,17,39,8496,17.39FQN
False,False,False,17,1,7229,17.1EDN
True,True,False,17,43,8326,17.43FQN
True,True,True,17,30,10739,17.30FQY
True,False,False,17,34,9836,17.34FDN
False,False,True,17,8,8190,17.8EDY
True,False,True,17,24,8783,17.24FDY
True,False,True,17,29,4914,17.29FDY
False,False,True,17,13,5424,17.13EDY
True,False,True,17,17,6008,17.17FDY
True,True,False,17,48,11724,17.48FQN
True,False,True,17,22,3720,17.22FDY
True,False,False,17,45,7752,17.45FDN
False,True,True,17,16,7770,17.16EQY
False,False,False,17,12,2178,17.12EDN
False,True,False,17,2,3376,17.2EQN
True,False,True,17,27,3860,17.27FDY
False,True,True,17,6,5908,17.6EQY
True,True,False,17,37,3871,17.37FQN
True,True,False,17,40,7476,17.40FQN
True,False,True,17,21,6239,17.21FDY
True,True,False,17,46,1396,17.46FQN
False,False,False,17,9,3431,17.9EDN
True,False,True,17,19,5771,17.19FDY
True,True,False,17,41,2759,17.41FQN
False,False,True,17,7,9599,17.7EDY
True,True,True,17,32,6390,17.32FQY
True,False,False,17,36,6888,17.36FDN
False,True,False,17,3,5610,17.3EQN
True,False,True,17,26,2519,17.26FDY
True,True,False,17,47,3300,17.47FQN
True,False,True,17,20,7165,17.20FDY
False,True,False,17,5,8908,17.5EQN
False,False,False,17,15,2699,17.15EDN
False,False,True,17,11,2429,17.11EDY
True,False,True,17,18,10139,17.18FDY
False,True,False,1,3,3523,1.3EQN
False,False,True,1,7,1905,1.7EDY
True,True,False,1,47,3231,1.47FQN
True,False,True,1,20,2011,1.20FDY
False,False,False,1,15,1749,1.15EDN
False,False,True,1,11,1869,1.11EDY
True,False,True,1,18,2226,1.18FDY
False,True,False,1,5,1672,1.5EQN
True,True,False,1,41,2819,1.41FQN
True,False,False,1,36,1839,1.36FDN
True,True,True,1,32,3918,1.32FQY
True,False,True,1,26,1701,1.26FDY
False,True,True,1,6,1752,1.6EQY
True,False,True,1,21,2934,1.21FDY
False,True,False,1,2,2059,1.2EQN
True,True,False,1,46,1765,1.46FQN
True,False,True,1,19,2245,1.19FDY
False,False,False,1,12,2099,1.12EDN
False,True,True,1,16,1442,1.16EQY
False,False,False,1,9,1560,1.9EDN
True,False,True,1,27,3324,1.27FDY
True,True,False,1,37,1859,1.37FQN
True,True,False,1,40,1320,1.40FQN
False,False,True,1,13,2089,1.13EDY
True,False,True,1,17,3624,1.17FDY
False,False,True,1,8,1620,1.8EDY
True,True,False,1,48,1445,1.48FQN
True,False,True,1,22,2089,1.22FDY
False,False,False,1,1,1611,1.1EDN
True,False,False,1,45,1215,1.45FDN
True,True,False,1,39,2415,1.39FQN
True,True,False,1,43,1582,1.43FQN
True,False,False,1,34,2035,1.34FDN
True,True,True,1,30,1662,1.30FQY
True,False,True,1,24,1819,1.24FDY
True,False,True,1,29,4367,1.29FDY
False,True,True,1,4,3025,1.4EQY
True,False,True,1,23,2349,1.23FDY
True,False,False,1,44,1979,1.44FDN
True,True,False,1,33,3042,1.33FQN
True,True,True,1,31,1769,1.31FQY
True,False,True,1,28,2005,1.28FDY
True,True,False,1,38,6625,1.38FQN
True,True,False,1,35,3276,1.35FQN
True,True,False,1,42,930,1.42FQN
True,True,True,1,25,-360,1.25FQY
False,True,False,1,10,2049,1.10EQN
False,True,True,1,14,3054,1.14EQY
True,False,True,10,25,8825,10.25FDY
True,False,False,10,42,7589,10.42FDN
True,False,False,10,35,8003,10.35FDN
False,True,True,10,1,8978,10.1EQY
True,False,False,10,38,9476,10.38FDN
True,True,True,10,28,9379,10.28FQY
True,False,True,10,31,8206,10.31FDY
False,True,False,10,8,6939,10.8EQN
False,False,False,10,16,9729,10.16EDN
False,True,True,10,12,9559,10.12EQY
True,False,False,10,33,5971,10.33FDN
True,True,False,10,44,6719,10.44FQN
True,True,True,10,23,9019,10.23FQY
True,True,True,10,29,8652,10.29FQY
True,True,True,10,24,9456,10.24FQY
True,True,False,10,34,11836,10.34FQN
True,False,True,10,30,9913,10.30FDY
True,False,False,10,43,9502,10.43FDN
True,False,False,10,39,6819,10.39FDN
False,False,False,10,4,9689,10.4EDN
False,True,True,10,15,10382,10.15EQY
False,True,False,10,11,8229,10.11EQN
True,True,True,10,17,8633,10.17FQY
True,True,False,10,45,12352,10.45FQN
True,True,True,10,22,10435,10.22FQY
True,False,False,10,48,11210,10.48FDN
True,False,False,10,40,11058,10.40FDN
True,False,False,10,37,8472,10.37FDN
True,True,True,10,27,7839,10.27FQY
False,True,False,10,7,10532,10.7EQN
False,False,True,10,3,8055,10.3EDY
True,False,False,10,46,6240,10.46FDN
False,False,True,10,5,10444,10.5EDY
True,True,True,10,21,7199,10.21FQY
False,False,True,10,10,9703,10.10EDY
True,True,True,10,19,8723,10.19FQY
False,False,False,10,14,8173,10.14EDN
False,True,False,10,13,9326,10.13EQN
True,True,True,10,26,8176,10.26FQY
True,True,False,10,36,7239,10.36FQN
True,False,True,10,32,7469,10.32FDY
False,False,True,10,2,9399,10.2EDY
True,False,False,10,41,7219,10.41FDN
False,False,False,10,6,8429,10.6EDN
True,True,True,10,20,8159,10.20FQY
False,True,True,10,9,9689,10.9EQY
True,False,False,10,47,7696,10.47FDN
True,True,True,10,18,10273,10.18FQY
True,True,False,19,46,11321,19.46FQN
False,False,False,19,8,1446,19.8EDN
True,False,True,19,21,22686,19.21FDY
False,False,True,19,1,23056,19.1EDY
False,True,True,19,10,35792,19.10EQY
False,True,False,19,14,15868,19.14EQN
True,False,True,19,19,15998,19.19FDY
True,True,False,19,37,11585,19.37FQN
True,True,False,19,40,19494,19.40FQN
True,False,True,19,27,17196,19.27FDY
True,False,True,19,20,19604,19.20FDY
False,True,False,19,4,23415,19.4EQN
True,True,False,19,47,14628,19.47FQN
True,False,True,19,18,9758,19.18FDY
False,False,False,19,13,13222,19.13EDN
True,False,False,19,36,8906,19.36FDN
True,True,True,19,32,10329,19.32FQY
True,False,True,19,26,28642,19.26FDY
True,True,False,19,41,12982,19.41FQN
False,True,False,19,16,17808,19.16EQN
False,False,True,19,12,7972,19.12EDY
False,False,False,19,7,14688,19.7EDN
False,True,True,19,3,13932,19.3EQY
True,True,False,19,33,19088,19.33FQN
True,False,False,19,44,11790,19.44FDN
True,False,True,19,23,9969,19.23FDY
True,True,False,19,35,1199,19.35FQN
True,True,False,19,38,-210,19.38FQN
True,True,True,19,25,17314,19.25FQY
True,True,False,19,42,21054,19.42FQN
False,True,True,19,5,31555,19.5EQY
True,True,True,19,31,30992,19.31FQY
True,False,True,19,28,8939,19.28FDY
True,False,True,19,17,9838,19.17FDY
False,True,False,19,6,9682,19.6EQN
True,False,False,19,45,12681,19.45FDN
True,False,True,19,22,12835,19.22FDY
True,True,False,19,48,20340,19.48FQN
False,True,True,19,2,17578,19.2EQY
True,False,False,19,34,24515,19.34FDN
True,True,True,19,30,22369,19.30FQY
True,False,True,19,29,22832,19.29FDY
True,False,True,19,24,20651,19.24FDY
False,False,True,19,9,19566,19.9EDY
True,True,False,19,39,16102,19.39FQN
True,True,False,19,43,15478,19.43FQN
False,False,True,19,15,11545,19.15EDY
False,False,False,19,11,2672,19.11EDN
True,False,False,8,43,4886,8.43FDN
True,False,False,8,39,0,8.39FDN
True,True,True,8,24,25769,8.24FQY
True,True,True,8,29,4019,8.29FQY
True,True,False,8,34,2835,8.34FQN
False,False,False,8,3,7558,8.3EDN
False,True,True,8,7,3839,8.7EQY
True,False,True,8,30,5179,8.30FDY
True,True,True,8,17,10566,8.17FQY
False,True,True,8,13,0,8.13EQY
True,False,False,8,48,0,8.48FDN
False,False,False,8,5,0,8.5EDN
True,True,True,8,22,7860,8.22FQY
True,True,False,8,45,271,8.45FQN
True,True,True,8,28,0,8.28FQY
True,False,True,8,31,2130,8.31FDY
False,False,False,8,2,2843,8.2EDN
True,False,False,8,42,10400,8.42FDN
True,False,True,8,25,2220,8.25FDY
True,False,False,8,38,4543,8.38FDN
True,False,False,8,35,7768,8.35FDN
False,False,True,8,6,3105,8.6EDY
False,False,False,8,10,2520,8.10EDN
False,False,True,8,14,2969,8.14EDY
True,True,True,8,23,4799,8.23FQY
True,True,False,8,44,7710,8.44FQN
False,True,False,8,9,4010,8.9EQN
True,False,False,8,33,0,8.33FDN
True,False,False,8,41,20970,8.41FDN
False,True,False,8,1,0,8.1EQN
True,True,True,8,26,2519,8.26FQY
False,True,True,8,8,3209,8.8EQY
True,True,False,8,36,2309,8.36FQN
True,False,True,8,32,7860,8.32FDY
True,False,False,8,47,615,8.47FDN
True,True,True,8,20,2579,8.20FQY
False,True,False,8,15,7305,8.15EQN
True,True,True,8,18,2182,8.18FQY
False,True,True,8,11,-2490,8.11EQY
False,True,False,8,12,1920,8.12EQN
False,False,True,8,16,6743,8.16EDY
True,True,True,8,27,0,8.27FQY
True,False,False,8,40,5849,8.40FDN
True,False,False,8,37,0,8.37FDN
False,False,True,8,4,7896,8.4EDY
True,True,True,8,21,3180,8.21FQY
True,False,False,8,46,4109,8.46FDN
True,True,True,8,19,2509,8.19FQY
False,True,False,21,10,4439,21.10EQN
False,True,True,21,14,5668,21.14EQY
True,False,True,21,28,5274,21.28FDY
True,True,True,21,31,11712,21.31FQY
False,True,True,21,6,6478,21.6EQY
True,True,False,21,42,6038,21.42FQN
True,True,True,21,25,8956,21.25FQY
True,True,False,21,38,3359,21.38FQN
True,True,False,21,35,4845,21.35FQN
False,True,False,21,2,3460,21.2EQN
False,False,False,21,9,4558,21.9EDN
True,False,True,21,23,5458,21.23FDY
True,False,False,21,44,5728,21.44FDN
True,True,False,21,33,4848,21.33FQN
True,True,False,21,43,989,21.43FQN
True,True,False,21,39,9553,21.39FQN
False,True,False,21,3,5838,21.3EQN
False,False,True,21,7,7855,21.7EDY
True,False,True,21,24,9612,21.24FDY
True,False,True,21,29,12191,21.29FDY
True,False,False,21,34,5654,21.34FDN
True,True,True,21,30,5758,21.30FQY
False,True,False,21,5,8019,21.5EQN
True,True,False,21,48,7882,21.48FQN
True,False,True,21,22,3464,21.22FDY
True,False,False,21,45,8322,21.45FDN
True,False,True,21,17,4304,21.17FDY
False,False,True,21,13,536,21.13EDY
True,False,True,21,27,3982,21.27FDY
False,True,True,21,4,3809,21.4EQY
True,True,False,21,40,-300,21.40FQN
True,True,False,21,37,1358,21.37FQN
False,False,False,21,12,4541,21.12EDN
False,True,True,21,16,8109,21.16EQY
True,False,True,21,19,7815,21.19FDY
True,False,True,21,21,6201,21.21FDY
True,True,False,21,46,6798,21.46FQN
True,True,False,21,41,3598,21.41FQN
False,False,True,21,8,1736,21.8EDY
True,False,True,21,26,7109,21.26FDY
True,False,False,21,36,7152,21.36FDN
False,False,False,21,1,7855,21.1EDN
True,True,True,21,32,6021,21.32FQY
False,False,False,21,15,321,21.15EDN
True,False,True,21,18,5541,21.18FDY
False,False,True,21,11,4974,21.11EDY
True,True,False,21,47,3364,21.47FQN
True,False,True,21,20,4428,21.20FDY
True,False,False,212,48,5201,212.48FDN
False,False,False,212,3,6949,212.3EDN
False,True,True,212,7,10829,212.7EQY
True,True,False,212,45,6158,212.45FQN
True,True,True,212,22,4214,212.22FQY
True,True,True,212,17,3858,212.17FQY
False,True,True,212,13,7919,212.13EQY
True,False,False,212,43,6054,212.43FDN
True,False,False,212,39,6385,212.39FDN
True,True,True,212,29,4751,212.29FQY
True,True,True,212,24,6278,212.24FQY
True,False,True,212,30,6096,212.30FDY
False,False,False,212,5,6009,212.5EDN
True,True,False,212,34,9365,212.34FQN
False,False,False,212,2,4941,212.2EDN
True,True,False,212,44,4190,212.44FQN
True,True,True,212,23,3281,212.23FQY
True,False,False,212,33,5728,212.33FDN
False,False,True,212,6,4948,212.6EDY
False,False,False,212,10,4470,212.10EDN
False,False,True,212,14,6084,212.14EDY
True,True,True,212,28,4288,212.28FQY
True,False,True,212,31,4861,212.31FDY
True,False,True,212,25,5715,212.25FDY
True,False,False,212,42,5078,212.42FDN
True,False,False,212,35,6378,212.35FDN
True,False,False,212,38,5574,212.38FDN
False,True,False,212,9,4904,212.9EQN
False,True,False,212,15,11909,212.15EQN
True,True,True,212,18,3599,212.18FQY
False,True,True,212,11,6936,212.11EQY
False,True,False,212,1,3801,212.1EQN
True,False,False,212,47,3808,212.47FDN
False,True,True,212,8,7378,212.8EQY
True,True,True,212,20,4919,212.20FQY
True,False,False,212,41,3551,212.41FDN
True,True,True,212,26,4288,212.26FQY
True,False,True,212,32,3930,212.32FDY
True,True,False,212,36,4049,212.36FQN
True,True,True,212,19,5894,212.19FQY
True,True,True,212,21,11158,212.21FQY
False,False,True,212,4,5108,212.4EDY
True,False,False,212,46,6409,212.46FDN
True,True,True,212,27,5208,212.27FQY
True,False,False,212,40,2760,212.40FDN
True,False,False,212,37,4037,212.37FDN
False,False,True,212,16,3998,212.16EDY
False,True,False,212,12,3581,212.12EQN
True,False,True,215,22,4078,215.22FDY
True,False,False,215,45,4428,215.45FDN
False,True,True,215,2,3961,215.2EQY
True,True,False,215,48,5292,215.48FQN
False,True,False,215,6,7003,215.6EQN
True,False,True,215,17,3848,215.17FDY
False,False,True,215,15,2785,215.15EDY
False,False,False,215,11,2842,215.11EDN
True,False,False,215,34,4275,215.34FDN
True,True,True,215,30,7032,215.30FQY
True,False,True,215,24,5584,215.24FDY
True,False,True,215,29,4319,215.29FDY
True,True,False,215,39,3768,215.39FQN
False,False,True,215,9,2909,215.9EDY
True,True,False,215,43,3098,215.43FQN
True,True,False,215,33,3671,215.33FQN
True,False,True,215,23,5278,215.23FDY
True,False,False,215,44,3661,215.44FDN
False,True,True,215,3,9939,215.3EQY
False,False,False,215,7,6351,215.7EDN
False,True,False,215,16,4295,215.16EQN
False,False,True,215,12,4548,215.12EDY
True,True,False,215,38,8086,215.38FQN
True,True,False,215,35,7009,215.35FQN
True,True,False,215,42,5737,215.42FQN
True,True,True,215,25,5648,215.25FQY
True,True,True,215,31,3957,215.31FQY
False,True,True,215,5,5028,215.5EQY
True,False,True,215,28,4576,215.28FDY
True,False,True,215,18,5071,215.18FDY
True,False,True,215,20,3284,215.20FDY
True,True,False,215,47,3824,215.47FQN
False,True,False,215,4,3938,215.4EQN
True,False,False,215,36,3788,215.36FDN
True,True,True,215,32,4524,215.32FQY
True,False,True,215,26,4141,215.26FDY
True,True,False,215,41,8319,215.41FQN
False,False,False,215,13,5687,215.13EDN
False,True,True,215,10,3981,215.10EQY
False,True,False,215,14,6015,215.14EQN
True,False,True,215,19,4697,215.19FDY
True,True,False,215,46,3758,215.46FQN
False,False,True,215,1,4328,215.1EDY
True,False,True,215,21,3841,215.21FDY
False,False,False,215,8,3054,215.8EDN
True,True,False,215,37,5211,215.37FQN
True,True,False,215,40,4858,215.40FQN
True,False,True,215,27,5978,215.27FDY
True,False,False,214,43,8238,214.43FDN
True,False,False,214,39,9739,214.39FDN
True,True,True,214,24,3030,214.24FQY
True,True,True,214,29,2398,214.29FQY
True,False,True,214,30,5550,214.30FDY
True,True,False,214,34,6672,214.34FQN
False,True,False,214,11,2459,214.11EQN
False,True,True,214,15,2315,214.15EQY
False,False,False,214,4,2025,214.4EDN
True,True,True,214,17,690,214.17FQY
True,False,False,214,48,2519,214.48FDN
True,True,True,214,22,1722,214.22FQY
True,True,False,214,45,3535,214.45FQN
True,True,True,214,28,4084,214.28FQY
True,False,True,214,31,10571,214.31FDY
True,False,False,214,42,6060,214.42FDN
True,False,True,214,25,5664,214.25FDY
True,False,False,214,38,1925,214.38FDN
True,False,False,214,35,2302,214.35FDN
False,True,False,214,8,1711,214.8EQN
False,True,True,214,12,4363,214.12EQY
False,False,False,214,16,7979,214.16EDN
False,True,True,214,1,3221,214.1EQY
True,True,True,214,23,2379,214.23FQY
True,True,False,214,44,655,214.44FQN
True,False,False,214,33,2181,214.33FDN
False,True,False,214,13,1950,214.13EQN
False,True,True,214,9,91,214.9EQY
True,False,False,214,41,2001,214.41FDN
True,True,True,214,26,5909,214.26FQY
True,False,True,214,32,-1291,214.32FDY
True,True,False,214,36,2670,214.36FQN
True,False,False,214,47,4347,214.47FDN
True,True,True,214,20,1761,214.20FQY
False,False,False,214,6,2129,214.6EDN
False,False,True,214,2,18424,214.2EDY
True,True,True,214,18,3292,214.18FQY
False,False,True,214,5,3535,214.5EDY
True,True,True,214,27,3662,214.27FQY
True,False,False,214,40,1749,214.40FDN
True,False,False,214,37,780,214.37FDN
True,True,True,214,21,8502,214.21FQY
True,False,False,214,46,5324,214.46FDN
False,False,True,214,3,2537,214.3EDY
True,True,True,214,19,2885,214.19FQY
False,True,False,214,7,12978,214.7EQN
False,False,False,214,14,3061,214.14EDN
False,False,True,214,10,6909,214.10EDY
True,True,False,209,41,-240,209.41FQN
True,False,False,209,36,1949,209.36FDN
True,True,True,209,32,4741,209.32FQY
True,False,True,209,26,4778,209.26FDY
True,True,False,209,47,4154,209.47FQN
True,False,True,209,20,4068,209.20FDY
False,True,True,209,4,3875,209.4EQY
False,False,False,209,15,1818,209.15EDN
False,False,True,209,11,3621,209.11EDY
True,False,True,209,18,3741,209.18FDY
False,False,False,209,12,3124,209.12EDN
False,True,True,209,16,2608,209.16EQY
True,False,True,209,27,3801,209.27FDY
True,True,False,209,37,3045,209.37FQN
True,True,False,209,40,5094,209.40FQN
True,False,True,209,21,3144,209.21FDY
False,False,False,209,1,3881,209.1EDN
True,True,False,209,46,6162,209.46FQN
False,False,True,209,8,3671,209.8EDY
True,False,True,209,19,2745,209.19FDY
True,True,False,209,39,2811,209.39FQN
True,True,False,209,43,2639,209.43FQN
False,False,False,209,9,3809,209.9EDN
True,False,False,209,34,3018,209.34FDN
True,True,True,209,30,3191,209.30FQY
True,False,True,209,24,3438,209.24FDY
True,False,True,209,29,3741,209.29FDY
False,False,True,209,13,3744,209.13EDY
True,False,True,209,17,4165,209.17FDY
True,True,False,209,48,3764,209.48FQN
False,True,False,209,2,3131,209.2EQN
True,False,True,209,22,3601,209.22FDY
True,False,False,209,45,2578,209.45FDN
False,True,True,209,6,4318,209.6EQY
True,True,True,209,31,3481,209.31FQY
True,False,True,209,28,3401,209.28FDY
True,True,False,209,38,3451,209.38FQN
False,True,False,209,5,2382,209.5EQN
True,True,False,209,35,3631,209.35FQN
True,True,False,209,42,4231,209.42FQN
True,True,True,209,25,3174,209.25FQY
False,True,False,209,10,3599,209.10EQN
False,True,True,209,14,4248,209.14EQY
True,False,True,209,23,2898,209.23FDY
True,False,False,209,44,4761,209.44FDN
False,True,False,209,3,1019,209.3EQN
False,False,True,209,7,5651,209.7EDY
True,True,False,209,33,3904,209.33FQN
True,False,True,207,17,7889,207.17FDY
True,False,False,207,45,12148,207.45FDN
True,False,True,207,22,6208,207.22FDY
True,True,False,207,48,8112,207.48FQN
True,True,True,207,30,8219,207.30FQY
True,False,False,207,34,4679,207.34FDN
False,False,False,207,8,8972,207.8EDN
True,False,True,207,29,7166,207.29FDY
True,False,True,207,24,7529,207.24FDY
True,True,False,207,39,4158,207.39FQN
False,False,True,207,1,6652,207.1EDY
True,True,False,207,43,5484,207.43FQN
False,False,True,207,15,13409,207.15EDY
False,False,False,207,11,2399,207.11EDN
False,False,True,207,12,2909,207.12EDY
False,True,False,207,16,7122,207.16EQN
True,True,False,207,33,7316,207.33FQN
True,False,False,207,44,8233,207.44FDN
True,False,True,207,23,5708,207.23FDY
True,True,False,207,35,5918,207.35FQN
True,True,False,207,38,4647,207.38FQN
True,True,True,207,25,6061,207.25FQY
False,True,False,207,4,6359,207.4EQN
True,True,False,207,42,5938,207.42FQN
True,True,True,207,31,5310,207.31FQY
True,False,True,207,28,6889,207.28FDY
False,True,True,207,5,4214,207.5EQY
True,False,True,207,20,18758,207.20FDY
True,True,False,207,47,4318,207.47FQN
True,False,True,207,18,4465,207.18FDY
False,False,False,207,13,7109,207.13EDN
True,True,True,207,32,2130,207.32FQY
True,False,False,207,36,4218,207.36FDN
True,False,True,207,26,10380,207.26FDY
False,True,True,207,3,7114,207.3EQY
False,False,False,207,7,8138,207.7EDN
True,True,False,207,41,6829,207.41FQN
False,False,True,207,9,7492,207.9EDY
True,True,False,207,46,9782,207.46FQN
True,False,True,207,21,7959,207.21FDY
False,True,True,207,10,4531,207.10EQY
False,True,False,207,14,6706,207.14EQN
True,False,True,207,19,4651,207.19FDY
True,True,False,207,37,8509,207.37FQN
True,True,False,207,40,6815,207.40FQN
False,True,False,207,6,6553,207.6EQN
True,False,True,207,27,6368,207.27FDY
False,True,True,207,2,5681,207.2EQY
False,True,False,206,11,6015,206.11EQN
False,False,True,206,3,4227,206.3EDY
False,True,True,206,15,4734,206.15EQY
False,True,False,206,7,6489,206.7EQN
True,False,False,206,43,5107,206.43FDN
True,False,False,206,39,5031,206.39FDN
True,True,True,206,29,8398,206.29FQY
True,True,True,206,24,3791,206.24FQY
True,True,False,206,34,5809,206.34FQN
True,False,True,206,30,4224,206.30FDY
True,False,False,206,48,4711,206.48FDN
True,True,False,206,45,4148,206.45FQN
True,True,True,206,22,4568,206.22FQY
True,True,True,206,17,4338,206.17FQY
False,False,True,206,5,5468,206.5EDY
False,False,True,206,2,2691,206.2EDY
False,False,False,206,6,5159,206.6EDN
True,True,True,206,28,4658,206.28FQY
True,False,True,206,31,6619,206.31FDY
True,False,True,206,25,4288,206.25FDY
True,False,False,206,42,3341,206.42FDN
True,False,False,206,35,4661,206.35FDN
True,False,False,206,38,4548,206.38FDN
True,True,False,206,44,4221,206.44FQN
True,True,True,206,23,3201,206.23FQY
True,False,False,206,33,3178,206.33FDN
False,False,False,206,16,6148,206.16EDN
False,True,True,206,12,4244,206.12EQY
False,True,True,206,9,7731,206.9EQY
True,False,False,206,41,4431,206.41FDN
True,True,True,206,26,7858,206.26FQY
True,True,False,206,36,3238,206.36FQN
True,False,True,206,32,4624,206.32FDY
False,True,False,206,13,4904,206.13EQN
False,True,True,206,1,4878,206.1EQY
False,True,False,206,8,4124,206.8EQN
True,True,True,206,18,4588,206.18FQY
True,False,False,206,47,5074,206.47FDN
True,True,True,206,20,3908,206.20FQY
True,True,True,206,27,3778,206.27FQY
True,False,False,206,40,3248,206.40FDN
True,False,False,206,37,6724,206.37FDN
False,False,False,206,4,5078,206.4EDN
True,True,True,206,19,5608,206.19FQY
False,False,False,206,14,3271,206.14EDN
False,False,True,206,10,852,206.10EDY
True,True,True,206,21,6982,206.21FQY
True,False,False,206,46,4628,206.46FDN
False,True,False,201,2,4571,201.2EQN
False,True,True,201,6,4971,201.6EQY
True,True,True,201,30,3564,201.30FQY
True,False,False,201,34,4481,201.34FDN
True,False,True,201,24,5668,201.24FDY
True,False,True,201,29,3124,201.29FDY
True,True,False,201,39,4201,201.39FQN
True,True,False,201,43,5712,201.43FQN
True,False,True,201,22,3568,201.22FDY
True,False,False,201,45,3398,201.45FDN
True,True,False,201,48,5348,201.48FQN
False,False,True,201,13,2850,201.13EDY
True,False,True,201,17,4001,201.17FDY
False,False,False,201,9,3328,201.9EDN
False,True,True,201,14,5484,201.14EQY
False,True,False,201,3,3928,201.3EQN
False,False,True,201,7,6185,201.7EDY
False,True,False,201,10,6322,201.10EQN
True,True,False,201,38,4131,201.38FQN
True,True,False,201,35,4354,201.35FQN
True,True,False,201,42,5760,201.42FQN
True,True,True,201,25,3618,201.25FQY
True,True,True,201,31,2761,201.31FQY
True,False,True,201,28,3508,201.28FDY
True,True,False,201,33,3877,201.33FQN
True,False,True,201,23,2519,201.23FDY
True,False,False,201,44,4097,201.44FDN
False,True,False,201,5,5692,201.5EQN
True,True,True,201,32,4041,201.32FQY
True,False,False,201,36,2927,201.36FDN
True,False,True,201,26,8158,201.26FDY
True,True,False,201,41,4324,201.41FQN
False,True,True,201,4,3614,201.4EQY
False,False,True,201,11,5218,201.11EDY
True,False,True,201,18,3111,201.18FDY
False,False,False,201,15,4108,201.15EDN
True,False,True,201,20,8278,201.20FDY
True,True,False,201,47,4811,201.47FQN
True,True,False,201,37,5374,201.37FQN
True,True,False,201,40,959,201.40FQN
True,False,True,201,27,3478,201.27FDY
False,False,False,201,1,5064,201.1EDN
False,True,True,201,16,3544,201.16EQY
False,False,False,201,12,2861,201.12EDN
False,False,True,201,8,5985,201.8EDY
True,False,True,201,19,1020,201.19FDY
True,True,False,201,46,5174,201.46FQN
True,False,True,201,21,6312,201.21FDY
False,False,True,208,6,3435,208.6EDY
True,True,True,208,18,2985,208.18FQY
False,True,True,208,11,2649,208.11EQY
False,False,False,208,2,2869,208.2EDN
False,True,False,208,15,3418,208.15EQN
True,True,True,208,20,2819,208.20FQY
True,False,False,208,47,2904,208.47FDN
True,True,True,208,26,3119,208.26FQY
True,False,True,208,32,3174,208.32FDY
True,True,False,208,36,3061,208.36FQN
True,False,False,208,41,2899,208.41FDN
False,True,False,208,9,2875,208.9EQN
False,False,False,208,3,3526,208.3EDN
False,True,True,208,7,4677,208.7EQY
True,True,True,208,19,3121,208.19FQY
True,False,False,208,46,2712,208.46FDN
True,True,True,208,21,3958,208.21FQY
True,False,False,208,40,3155,208.40FDN
True,False,False,208,37,3066,208.37FDN
True,True,True,208,27,2922,208.27FQY
False,False,True,208,16,3191,208.16EDY
False,True,False,208,12,2515,208.12EQN
False,False,False,208,5,3264,208.5EDN
True,True,True,208,22,3385,208.22FQY
True,True,False,208,45,2919,208.45FQN
True,False,False,208,48,5025,208.48FDN
False,False,True,208,4,4243,208.4EDY
True,True,True,208,17,3491,208.17FQY
False,True,True,208,13,3545,208.13EQY
True,True,True,208,24,3545,208.24FQY
True,True,True,208,29,1350,208.29FQY
True,False,True,208,30,2219,208.30FDY
True,True,False,208,34,759,208.34FQN
True,False,False,208,43,2942,208.43FDN
True,False,False,208,39,3588,208.39FDN
True,False,False,208,33,2889,208.33FDN
True,True,True,208,23,2545,208.23FQY
True,True,False,208,44,3305,208.44FQN
False,True,True,208,8,3291,208.8EQY
False,True,False,208,1,2682,208.1EQN
False,False,True,208,14,4278,208.14EDY
False,False,False,208,10,3668,208.10EDN
True,False,False,208,42,3606,208.42FDN
True,False,True,208,25,3279,208.25FDY
True,False,False,208,38,3408,208.38FDN
True,False,False,208,35,3636,208.35FDN
True,True,True,208,28,2951,208.28FQY
True,False,True,208,31,4381,208.31FDY
True,False,True,4,31,6572,4.31FDY
True,True,True,4,28,3558,4.28FQY
True,False,False,4,38,6474,4.38FDN
True,False,False,4,35,9669,4.35FDN
True,False,False,4,42,10689,4.42FDN
True,False,True,4,25,0,4.25FDY
False,False,False,4,5,0,4.5EDN
False,False,False,4,10,6729,4.10EDN
False,False,True,4,14,8479,4.14EDY
False,True,True,4,7,0,4.7EQY
False,False,False,4,3,2109,4.3EDN
True,True,True,4,23,0,4.23FQY
True,True,False,4,44,7110,4.44FQN
True,False,False,4,33,14712,4.33FDN
True,False,False,4,39,1162,4.39FDN
True,False,False,4,43,7421,4.43FDN
True,False,True,4,30,8439,4.30FDY
True,True,False,4,34,-89,4.34FQN
True,True,True,4,24,3226,4.24FQY
True,True,True,4,29,11241,4.29FQY
False,True,False,4,9,19890,4.9EQN
False,False,True,4,6,3305,4.6EDY
False,True,True,4,13,0,4.13EQY
False,False,False,4,2,11369,4.2EDN
True,True,True,4,17,2319,4.17FQY
True,False,False,4,48,11314,4.48FDN
True,True,True,4,22,9959,4.22FQY
True,True,False,4,45,9579,4.45FQN
False,False,True,4,16,5294,4.16EDY
False,True,False,4,12,8535,4.12EQN
True,True,True,4,27,6021,4.27FQY
True,False,False,4,37,4861,4.37FDN
True,False,False,4,40,10318,4.40FDN
True,True,True,4,21,6009,4.21FQY
True,False,False,4,46,6079,4.46FDN
False,True,True,4,8,14578,4.8EQY
True,True,True,4,19,5751,4.19FQY
False,True,False,4,1,8459,4.1EQN
True,False,False,4,41,6361,4.41FDN
True,False,True,4,32,8772,4.32FDY
True,True,False,4,36,15318,4.36FQN
True,True,True,4,26,6691,4.26FQY
True,False,False,4,47,5855,4.47FDN
True,True,True,4,20,11459,4.20FQY
False,True,False,4,15,4709,4.15EQN
False,False,True,4,4,6540,4.4EDY
False,True,True,4,11,11159,4.11EQY
True,True,True,4,18,750,4.18FQY
True,False,True,15,20,7822,15.20FDY
True,True,False,15,47,10494,15.47FQN
True,False,True,15,18,7795,15.18FDY
False,False,True,15,1,8205,15.1EDY
False,False,False,15,13,12107,15.13EDN
False,False,False,15,8,7382,15.8EDN
True,False,True,15,26,5901,15.26FDY
True,True,True,15,32,5001,15.32FQY
True,False,False,15,36,8975,15.36FDN
True,True,False,15,41,7075,15.41FQN
True,True,False,15,46,6245,15.46FQN
True,False,True,15,21,8629,15.21FDY
False,True,True,15,10,15425,15.10EQY
True,False,True,15,19,6025,15.19FDY
False,True,False,15,14,6932,15.14EQN
False,True,False,15,4,9574,15.4EQN
True,True,False,15,40,8909,15.40FQN
True,True,False,15,37,14121,15.37FQN
True,False,True,15,27,6318,15.27FDY
True,False,True,15,17,5598,15.17FDY
False,True,True,15,5,7139,15.5EQY
True,False,False,15,45,8699,15.45FDN
True,False,True,15,22,5281,15.22FDY
True,True,False,15,48,10708,15.48FQN
True,False,True,15,29,7255,15.29FDY
True,False,True,15,24,8715,15.24FDY
True,True,True,15,30,8022,15.30FQY
True,False,False,15,34,10337,15.34FDN
True,True,False,15,43,7818,15.43FQN
True,True,False,15,39,7079,15.39FQN
False,False,True,15,15,7728,15.15EDY
False,False,False,15,11,4921,15.11EDN
False,True,True,15,3,8055,15.3EQY
False,False,False,15,7,15421,15.7EDN
False,False,True,15,12,7545,15.12EDY
False,True,False,15,16,20758,15.16EQN
False,False,True,15,9,7755,15.9EDY
True,True,False,15,33,8912,15.33FQN
True,False,False,15,44,7705,15.44FDN
True,False,True,15,23,6908,15.23FDY
True,True,True,15,25,9285,15.25FQY
True,True,False,15,42,9674,15.42FQN
True,True,False,15,35,6338,15.35FQN
True,True,False,15,38,9654,15.38FQN
True,False,True,15,28,6912,15.28FDY
True,True,True,15,31,10554,15.31FQY
False,True,True,15,2,5398,15.2EQY
False,True,False,15,6,9348,15.6EQN
True,True,True,3,25,11069,3.25FQY
True,True,False,3,42,0,3.42FQN
True,True,False,3,35,7289,3.35FQN
True,True,False,3,38,9540,3.38FQN
True,False,True,3,28,-59,3.28FDY
True,True,True,3,31,4380,3.31FQY
False,False,True,3,9,11429,3.9EDY
False,True,False,3,6,6315,3.6EQN
False,True,True,3,2,1402,3.2EQY
False,True,False,3,16,1269,3.16EQN
False,False,True,3,12,8310,3.12EDY
True,True,False,3,33,2879,3.33FQN
True,False,False,3,44,11159,3.44FDN
True,False,True,3,23,8195,3.23FDY
True,False,True,3,29,8272,3.29FDY
True,False,True,3,24,8209,3.24FDY
True,False,False,3,34,12089,3.34FDN
True,True,True,3,30,9389,3.30FQY
True,True,False,3,43,3691,3.43FQN
True,True,False,3,39,7108,3.39FQN
False,False,True,3,15,6780,3.15EDY
False,True,True,3,5,5940,3.5EQY
False,False,False,3,11,2909,3.11EDN
False,False,False,3,7,3540,3.7EDN
True,False,True,3,17,6630,3.17FDY
False,True,True,3,3,8129,3.3EQY
True,False,False,3,45,12209,3.45FDN
True,False,True,3,22,9149,3.22FDY
True,True,False,3,48,7612,3.48FQN
True,True,False,3,40,13469,3.40FQN
True,True,False,3,37,4979,3.37FQN
True,False,True,3,27,7079,3.27FDY
True,True,False,3,46,14128,3.46FQN
True,False,True,3,21,2280,3.21FDY
False,True,False,3,4,7919,3.4EQN
False,True,True,3,10,-180,3.10EQY
True,False,True,3,19,4571,3.19FDY
False,True,False,3,14,5940,3.14EQN
False,False,False,3,13,7369,3.13EDN
True,False,True,3,26,9032,3.26FDY
True,False,False,3,36,1509,3.36FDN
True,True,True,3,32,3711,3.32FQY
True,True,False,3,41,4771,3.41FQN
True,False,True,3,20,9793,3.20FDY
True,True,False,3,47,6570,3.47FQN
True,False,True,3,18,5160,3.18FDY
False,False,False,3,8,5071,3.8EDN
False,False,True,3,1,5430,3.1EDY
True,False,False,12,47,9559,12.47FDN
True,True,True,12,20,5341,12.20FQY
False,True,False,12,15,935,12.15EQN
False,True,True,12,11,912,12.11EQY
True,True,True,12,18,535,12.18FQY
False,False,True,12,4,10055,12.4EDY
True,False,False,12,41,6900,12.41FDN
True,True,False,12,36,7770,12.36FQN
True,False,True,12,32,1008,12.32FDY
True,True,True,12,26,-2669,12.26FQY
True,True,True,12,21,7439,12.21FQY
True,False,False,12,46,6442,12.46FDN
True,True,True,12,19,6900,12.19FQY
False,True,False,12,1,6271,12.1EQN
False,True,False,12,12,9769,12.12EQN
False,True,True,12,8,2229,12.8EQY
False,False,True,12,16,8755,12.16EDY
True,True,True,12,27,8105,12.27FQY
True,False,False,12,37,7694,12.37FDN
True,False,False,12,40,9599,12.40FDN
False,True,False,12,9,10031,12.9EQN
False,True,True,12,13,9142,12.13EQY
True,True,True,12,17,2481,12.17FQY
True,False,False,12,48,-389,12.48FDN
True,True,True,12,22,17225,12.22FQY
True,True,False,12,45,10828,12.45FQN
True,False,False,12,39,7889,12.39FDN
True,False,False,12,43,8485,12.43FDN
True,True,False,12,34,12238,12.34FQN
True,False,True,12,30,6391,12.30FDY
True,True,True,12,24,8572,12.24FQY
True,True,True,12,29,9895,12.29FQY
False,False,False,12,2,11999,12.2EDN
False,False,True,12,6,7619,12.6EDY
False,False,False,12,5,6392,12.5EDN
True,True,True,12,23,7619,12.23FQY
True,True,False,12,44,3339,12.44FQN
True,False,False,12,33,9428,12.33FDN
True,False,True,12,31,7830,12.31FDY
True,True,True,12,28,6985,12.28FQY
True,False,False,12,38,6768,12.38FDN
True,False,False,12,35,7928,12.35FDN
True,False,False,12,42,12975,12.42FDN
True,False,True,12,25,6652,12.25FDY
False,False,False,12,10,8425,12.10EDN
False,False,True,12,14,6878,12.14EDY
False,False,False,12,3,7029,12.3EDN
False,True,True,12,7,10026,12.7EQY
True,True,False,2,44,5880,2.44FQN
True,True,True,2,23,6912,2.23FQY
False,False,False,2,4,0,2.4EDN
True,False,False,2,33,7278,2.33FDN
False,True,True,2,12,5610,2.12EQY
False,False,False,2,16,5007,2.16EDN
True,False,True,2,31,5640,2.31FDY
True,True,True,2,28,3599,2.28FQY
True,False,False,2,35,5587,2.35FDN
True,False,False,2,38,600,2.38FDN
True,False,True,2,25,0,2.25FDY
True,False,False,2,42,7352,2.42FDN
True,False,False,2,48,3209,2.48FDN
False,True,True,2,1,6330,2.1EQY
True,True,False,2,45,4409,2.45FQN
True,True,True,2,22,635,2.22FQY
False,True,False,2,8,2124,2.8EQN
True,True,True,2,17,5945,2.17FQY
False,True,False,2,11,3454,2.11EQN
False,True,True,2,15,1298,2.15EQY
True,False,False,2,39,438,2.39FDN
True,False,False,2,43,4720,2.43FDN
True,False,True,2,30,6000,2.30FDY
True,True,False,2,34,4619,2.34FQN
True,True,True,2,29,9299,2.29FQY
True,True,True,2,24,6015,2.24FQY
False,False,False,2,14,5984,2.14EDN
True,True,True,2,19,1949,2.19FQY
False,False,True,2,10,6544,2.10EDY
True,True,True,2,21,5310,2.21FQY
False,False,True,2,2,8172,2.2EDY
True,False,False,2,46,4081,2.46FDN
False,False,False,2,6,7769,2.6EDN
True,True,True,2,27,8832,2.27FQY
False,True,True,2,9,8595,2.9EQY
True,False,False,2,37,3749,2.37FDN
True,False,False,2,40,3089,2.40FDN
True,True,True,2,18,8012,2.18FQY
True,False,False,2,47,5887,2.47FDN
True,True,True,2,20,9389,2.20FQY
False,True,False,2,7,4139,2.7EQN
False,False,True,2,3,7809,2.3EDY
True,False,False,2,41,6238,2.41FDN
False,False,True,2,5,7928,2.5EDY
True,False,True,2,32,7530,2.32FDY
True,True,False,2,36,1218,2.36FQN
True,True,True,2,26,0,2.26FQY
False,True,False,2,13,4934,2.13EQN
False,True,True,13,6,10889,13.6EQY
True,False,True,13,26,11729,13.26FDY
True,True,True,13,32,7111,13.32FQY
True,False,False,13,36,13981,13.36FDN
True,True,False,13,41,6120,13.41FQN
False,True,False,13,2,662,13.2EQN
True,False,True,13,18,8640,13.18FDY
False,False,True,13,11,-2370,13.11EDY
False,False,False,13,15,3326,13.15EDN
False,False,False,13,9,10261,13.9EDN
True,False,True,13,20,12088,13.20FDY
True,True,False,13,47,9330,13.47FQN
False,True,False,13,3,9186,13.3EQN
True,True,False,13,40,16028,13.40FQN
False,False,True,13,7,11550,13.7EDY
True,True,False,13,37,812,13.37FQN
True,False,True,13,27,9976,13.27FDY
False,True,True,13,16,12248,13.16EQY
False,False,False,13,12,6031,13.12EDN
True,False,True,13,19,8235,13.19FDY
True,True,False,13,46,27420,13.46FQN
False,True,False,13,5,8782,13.5EQN
True,False,True,13,21,10669,13.21FDY
True,False,True,13,24,8626,13.24FDY
True,False,True,13,29,9406,13.29FDY
False,True,True,13,4,9566,13.4EQY
True,True,True,13,30,15359,13.30FQY
True,False,False,13,34,12832,13.34FDN
True,True,False,13,43,10108,13.43FQN
True,True,False,13,39,14688,13.39FQN
True,False,True,13,22,11908,13.22FDY
True,False,False,13,45,31499,13.45FDN
True,True,False,13,48,15119,13.48FQN
True,False,True,13,17,14232,13.17FDY
False,False,True,13,13,10981,13.13EDY
False,True,True,13,14,9626,13.14EQY
False,True,False,13,10,12112,13.10EQN
True,True,False,13,42,11131,13.42FQN
False,False,True,13,8,6000,13.8EDY
True,True,True,13,25,13650,13.25FQY
True,True,False,13,38,8280,13.38FQN
True,True,False,13,35,9085,13.35FQN
True,False,True,13,28,7662,13.28FDY
False,False,False,13,1,15665,13.1EDN
True,True,True,13,31,14742,13.31FQY
True,True,False,13,33,7039,13.33FQN
True,False,True,13,23,7002,13.23FDY
True,False,False,13,44,10259,13.44FDN
True,True,False,5,33,4080,5.33FQN
False,False,True,5,8,6960,5.8EDY
True,False,True,5,23,4103,5.23FDY
True,False,False,5,44,10566,5.44FDN
False,True,True,5,14,9419,5.14EQY
True,True,False,5,42,16919,5.42FQN
True,True,False,5,38,8851,5.38FQN
True,True,False,5,35,1913,5.35FQN
True,True,True,5,31,7829,5.31FQY
True,False,True,5,22,6825,5.22FDY
False,True,True,5,4,15653,5.4EQY
True,False,True,5,17,11420,5.17FDY
False,False,True,5,13,10799,5.13EDY
True,False,True,5,29,10896,5.29FDY
True,True,False,5,46,8436,5.46FQN
False,True,False,5,3,9176,5.3EQN
True,True,False,5,40,-2190,5.40FQN
True,False,True,5,27,10386,5.27FDY
False,False,False,5,12,13132,5.12EDN
False,True,False,5,2,8131,5.2EQN
True,False,True,5,20,6899,5.20FDY
True,False,True,5,26,-990,5.26FDY
True,True,True,5,32,11278,5.32FQY
True,True,False,5,41,7846,5.41FQN
False,False,False,5,9,13811,5.9EDN
True,False,False,14,41,13182,14.41FDN
False,False,True,14,3,12418,14.3EDY
False,True,False,14,7,8893,14.7EQN
True,True,False,14,36,7404,14.36FQN
True,False,True,14,32,4918,14.32FDY
True,True,True,14,26,11609,14.26FQY
False,True,False,14,13,14458,14.13EQN
True,True,True,14,18,12645,14.18FQY
True,False,False,14,47,8132,14.47FDN
False,False,True,14,5,8005,14.5EDY
True,True,True,14,20,13994,14.20FQY
True,True,True,14,27,10438,14.27FQY
False,False,False,14,6,8662,14.6EDN
True,False,False,14,37,12414,14.37FDN
True,False,False,14,40,6249,14.40FDN
False,False,True,14,2,15405,14.2EDY
False,False,False,14,14,6228,14.14EDN
True,True,True,14,19,6961,14.19FQY
False,False,True,14,10,6240,14.10EDY
True,True,True,14,21,9049,14.21FQY
False,True,True,14,9,15562,14.9EQY
True,False,False,14,46,12065,14.46FDN
False,True,False,14,11,6660,14.11EQN
False,True,True,14,15,10268,14.15EQY
True,False,False,14,39,5384,14.39FDN
False,True,False,14,8,5011,14.8EQN
True,False,False,14,43,6599,14.43FDN
True,True,False,14,34,7609,14.34FQN
True,False,True,14,30,6480,14.30FDY
True,True,True,14,29,6522,14.29FQY
False,True,True,14,1,12648,14.1EQY
True,True,True,14,24,10558,14.24FQY
True,False,False,14,48,7176,14.48FDN
True,True,False,14,45,11115,14.45FQN
True,True,True,14,22,13453,14.22FQY
True,True,True,14,17,7962,14.17FQY
True,False,True,14,31,4951,14.31FDY
True,True,True,14,28,6090,14.28FQY
False,False,False,14,4,18488,14.4EDN
True,False,False,14,35,5518,14.35FDN
True,False,False,14,38,10344,14.38FDN
True,False,True,14,25,12659,14.25FDY
True,False,False,14,42,8580,14.42FDN
True,True,False,14,44,11148,14.44FQN
True,True,True,14,23,9262,14.23FQY
True,False,False,14,33,10320,14.33FDN
False,False,False,14,16,6509,14.16EDN
False,True,True,14,12,10868,14.12EQY
False,True,False,22,13,7890,22.13EQN
True,False,False,22,41,4931,22.41FDN
False,True,True,22,1,11189,22.1EQY
True,True,True,22,26,565,22.26FQY
False,True,False,22,8,5135,22.8EQN
True,False,True,22,32,5998,22.32FDY
True,True,False,22,36,3121,22.36FQN
True,False,False,22,47,2708,22.47FDN
True,True,True,22,20,6210,22.20FQY
True,True,True,22,18,10858,22.18FQY
True,True,True,22,27,4488,22.27FQY
True,False,False,22,40,4924,22.40FDN
False,False,False,22,4,3238,22.4EDN
True,False,False,22,37,5519,22.37FDN
True,True,True,22,21,5601,22.21FQY
True,False,False,22,46,7032,22.46FDN
True,True,True,22,19,6538,22.19FQY
False,False,False,22,14,5027,22.14EDN
False,False,True,22,10,7069,22.10EDY
True,False,False,22,43,7271,22.43FDN
True,False,False,22,39,5401,22.39FDN
True,True,True,22,29,2746,22.29FQY
False,True,False,22,7,3041,22.7EQN
True,True,True,22,24,6025,22.24FQY
False,False,True,22,3,4515,22.3EDY
True,False,True,22,30,3868,22.30FDY
True,True,False,22,34,3434,22.34FQN
False,True,False,22,11,3911,22.11EQN
False,True,True,22,15,5878,22.15EQY
True,True,True,22,17,6691,22.17FQY
True,False,False,22,48,6969,22.48FDN
True,True,False,22,45,8520,22.45FQN
False,False,True,22,5,4154,22.5EDY
True,True,True,22,22,6930,22.22FQY
True,True,True,22,28,3084,22.28FQY
False,False,True,22,2,4906,22.2EDY
True,False,True,22,31,5651,22.31FDY
True,False,True,22,25,3989,22.25FDY
False,False,False,22,6,5501,22.6EDN
True,False,False,22,42,1922,22.42FDN
True,False,False,22,35,6612,22.35FDN
True,False,False,22,38,6801,22.38FDN
False,True,True,22,12,8520,22.12EQY
False,False,False,22,16,7608,22.16EDN
True,True,False,22,44,6750,22.44FQN
True,True,True,22,23,368,22.23FQY
True,False,False,22,33,4264,22.33FDN
False,True,True,22,9,5940,22.9EQY
